race,discuss_politics,ideology,party,church_goer,age,gender,political_interest,patriotism,state,ground_truth
white,Yes,,a strong Republican,attend church,29,man,somewhat,extremely good,Louisiana,Trump
white,Yes,slightly conservative,a weak Republican,do not attend church,26,man,very,extremely good,Arkansas,Trump
white,No,,an independent who leans Democratic,do not attend church,23,man,not very,moderately good,Mississippi,Non-voter
white,Yes,,an independent who leans Republican,attend church,58,man,somewhat,extremely good,Tennessee,Trump
white,No,moderate,an independent who leans Democratic,attend church,38,woman,not very,extremely good,Ohio,Non-voter
white,Yes,conservative,an independent who leans Republican,attend church,60,man,very,extremely good,New Jersey,Trump
black,No,,a strong democrat,attend church,58,man,not very,extremely good,New York,Clinton
white,Yes,slightly conservative,an independent,do not attend church,56,woman,somewhat,extremely good,New Jersey,Trump
,Yes,moderate,an independent who leans Republican,attend church,45,man,somewhat,extremely good,Texas,Non-voter
white,Yes,slightly liberal,an independent who leans Democratic,attend church,30,woman,somewhat,extremely good,Mississippi,Non-voter
white,,,an independent who leans Republican,do not attend church,40,woman,,,Louisiana,Non-voter
white,,liberal,an independent who leans Democratic,do not attend church,86,woman,,,North Carolina,Non-voter
hispanic,Yes,moderate,an independent who leans Republican,do not attend church,30,man,very,extremely good,Connecticut,Non-voter
white,Yes,,a weak Democrat,attend church,67,man,somewhat,extremely good,Ohio,Trump
white,Yes,liberal,a strong democrat,attend church,62,woman,very,moderately good,Kansas,Clinton
white,Yes,,a strong democrat,do not attend church,51,man,not very,neither good nor bad,Massachusetts,Non-voter
hispanic,Yes,liberal,a strong democrat,do not attend church,46,man,very,moderately good,,Clinton
white,Yes,conservative,a strong Republican,do not attend church,70,man,somewhat,extremely good,New Mexico,Trump
white,Yes,slightly liberal,a strong democrat,attend church,30,woman,somewhat,moderately good,New York,Clinton
white,Yes,,a weak Republican,attend church,67,woman,not very,extremely good,Washington,Non-voter
white,Yes,slightly conservative,a weak Republican,attend church,66,woman,somewhat,extremely good,Louisiana,Trump
white,Yes,slightly liberal,a weak Republican,do not attend church,32,woman,somewhat,extremely good,Arizona,Trump
white,Yes,,an independent who leans Republican,attend church,56,woman,somewhat,extremely good,Pennsylvania,Clinton
white,No,conservative,an independent who leans Republican,attend church,65,woman,not very,extremely good,Kansas,Trump
,Yes,extremely conservative,an independent who leans Republican,do not attend church,61,man,somewhat,extremely good,Louisiana,Trump
native American,Yes,,an independent who leans Republican,attend church,34,man,not at all,moderately good,Pennsylvania,Non-voter
white,No,liberal,an independent,attend church,68,,not very,extremely good,Florida,Non-voter
white,Yes,,an independent,attend church,25,woman,somewhat,extremely good,Tennessee,Non-voter
white,Yes,liberal,an independent who leans Democratic,do not attend church,73,man,very,neither good nor bad,Massachusetts,Clinton
white,Yes,moderate,an independent,attend church,67,woman,somewhat,extremely good,Kansas,Non-voter
white,Yes,liberal,a weak Democrat,attend church,35,woman,somewhat,moderately good,Arizona,Non-voter
white,,conservative,a strong Republican,attend church,64,man,,,Kansas,Non-voter
white,Yes,conservative,a strong Republican,attend church,73,woman,somewhat,extremely good,New Mexico,Trump
white,Yes,extremely conservative,an independent who leans Republican,attend church,69,man,very,extremely good,Illinois,Trump
white,Yes,moderate,a weak Republican,attend church,41,woman,not at all,neither good nor bad,Massachusetts,Non-voter
white,Yes,liberal,a weak Democrat,attend church,67,man,somewhat,moderately good,Tennessee,Clinton
white,,,an independent who leans Democratic,do not attend church,59,woman,,,Colorado,Non-voter
white,Yes,moderate,a strong Republican,attend church,54,man,very,extremely good,Kansas,Trump
hispanic,Yes,moderate,an independent who leans Democratic,do not attend church,48,man,very,extremely good,Massachusetts,Non-voter
black,Yes,liberal,a weak Democrat,attend church,26,woman,somewhat,moderately bad,Georgia,Clinton
white,Yes,conservative,an independent who leans Republican,attend church,,,somewhat,extremely good,Arkansas,Trump
white,No,slightly conservative,a strong Republican,attend church,25,woman,somewhat,moderately good,Wisconsin,Trump
black,Yes,extremely liberal,a strong democrat,attend church,46,woman,somewhat,extremely good,,Clinton
white,Yes,conservative,a strong Republican,attend church,59,man,very,extremely good,New York,Trump
white,Yes,moderate,an independent who leans Republican,attend church,39,woman,somewhat,extremely good,Kansas,Trump
white,Yes,slightly liberal,a weak Democrat,attend church,52,woman,very,extremely good,Illinois,Clinton
hispanic,Yes,conservative,an independent,attend church,29,woman,not very,extremely good,Texas,Non-voter
white,Yes,moderate,an independent who leans Republican,attend church,46,man,very,extremely good,North Carolina,Trump
,Yes,liberal,a strong democrat,do not attend church,45,man,somewhat,moderately good,Tennessee,Non-voter
black,,,a weak Democrat,attend church,64,man,,,North Carolina,Clinton
white,,moderate,an independent who leans Democratic,attend church,43,woman,,,Arkansas,Non-voter
white,Yes,liberal,a strong democrat,attend church,61,woman,somewhat,extremely good,Georgia,Clinton
white,,slightly conservative,a weak Republican,do not attend church,30,man,,,Ohio,Non-voter
white,Yes,conservative,a weak Republican,attend church,55,man,somewhat,extremely good,Wisconsin,Trump
white,Yes,liberal,a strong democrat,do not attend church,35,woman,somewhat,neither good nor bad,Tennessee,Clinton
white,No,slightly liberal,an independent who leans Democratic,do not attend church,24,woman,somewhat,moderately good,Tennessee,Non-voter
hispanic,No,,an independent who leans Republican,attend church,85,woman,not at all,neither good nor bad,Texas,Clinton
hispanic,Yes,moderate,a strong democrat,attend church,61,man,somewhat,moderately good,Connecticut,Clinton
white,No,liberal,a strong democrat,attend church,52,woman,not very,a little good,Massachusetts,Clinton
white,Yes,,an independent who leans Republican,do not attend church,56,man,not very,extremely good,Illinois,Non-voter
black,Yes,liberal,a strong democrat,attend church,68,man,somewhat,moderately good,Texas,Clinton
black,No,,a strong democrat,attend church,76,woman,somewhat,moderately good,Mississippi,Clinton
white,No,moderate,an independent who leans Republican,do not attend church,31,man,not at all,extremely good,Pennsylvania,Trump
white,Yes,moderate,a weak Republican,attend church,19,woman,not very,extremely good,New Mexico,Trump
white,,,a strong democrat,attend church,47,woman,,,Oklahoma,Non-voter
white,,moderate,an independent who leans Democratic,do not attend church,68,woman,,,Illinois,Non-voter
white,Yes,liberal,a strong democrat,attend church,57,man,very,neither good nor bad,Massachusetts,Clinton
white,No,slightly conservative,an independent who leans Republican,do not attend church,27,woman,not at all,extremely good,Tennessee,Non-voter
white,Yes,slightly conservative,an independent who leans Republican,do not attend church,32,woman,somewhat,moderately good,Mississippi,Non-voter
white,Yes,liberal,a strong democrat,do not attend church,45,man,very,neither good nor bad,Tennessee,Non-voter
hispanic,Yes,,a weak Democrat,attend church,50,woman,not very,neither good nor bad,California,Clinton
black,Yes,liberal,a strong democrat,attend church,68,woman,somewhat,extremely good,Tennessee,Clinton
,Yes,,a strong democrat,attend church,60,man,very,extremely good,Maryland,Clinton
hispanic,Yes,liberal,an independent who leans Democratic,do not attend church,36,woman,somewhat,neither good nor bad,California,Clinton
hispanic,No,,a weak Democrat,do not attend church,27,woman,not very,moderately good,California,Clinton
asian,Yes,moderate,a weak Republican,attend church,,man,somewhat,extremely good,California,Non-voter
white,Yes,moderate,an independent who leans Republican,attend church,46,woman,very,moderately good,South Carolina,Trump
white,Yes,slightly liberal,an independent who leans Democratic,do not attend church,35,man,somewhat,a little good,Indiana,Clinton
white,No,moderate,an independent who leans Republican,do not attend church,44,woman,not at all,moderately good,Kansas,Non-voter
black,No,,a weak Democrat,attend church,78,woman,not at all,extremely good,,Clinton
white,,conservative,an independent who leans Republican,attend church,83,man,,,Arkansas,Non-voter
hispanic,Yes,moderate,,do not attend church,65,woman,somewhat,a little good,California,Clinton
white,Yes,moderate,a strong democrat,attend church,55,man,somewhat,moderately good,Indiana,Clinton
hispanic,Yes,,a strong democrat,attend church,69,woman,very,extremely good,California,Clinton
black,Yes,moderate,an independent who leans Democratic,attend church,55,man,very,neither good nor bad,New Jersey,Clinton
white,Yes,slightly liberal,an independent who leans Democratic,attend church,31,man,somewhat,neither good nor bad,Minnesota,Non-voter
white,Yes,liberal,an independent who leans Democratic,attend church,68,man,somewhat,moderately good,Illinois,Clinton
white,Yes,moderate,an independent who leans Republican,attend church,42,man,very,moderately good,Pennsylvania,Trump
white,Yes,conservative,a strong Republican,attend church,82,woman,somewhat,extremely good,California,Trump
white,,extremely conservative,a strong Republican,attend church,53,woman,,,Georgia,Non-voter
white,,conservative,a strong Republican,do not attend church,65,man,,,Kansas,Non-voter
black,No,liberal,a weak Democrat,attend church,42,woman,not at all,neither good nor bad,Georgia,Non-voter
hispanic,,moderate,a weak Democrat,do not attend church,48,man,,,Texas,Non-voter
white,Yes,liberal,a strong democrat,attend church,30,man,somewhat,extremely good,Arizona,Clinton
,Yes,slightly conservative,an independent who leans Republican,attend church,23,woman,somewhat,extremely good,Louisiana,Trump
white,Yes,slightly conservative,a weak Republican,attend church,51,man,not very,moderately good,Wisconsin,Clinton
white,,,a strong Republican,do not attend church,31,woman,,,Wisconsin,Non-voter
hispanic,,moderate,a strong democrat,attend church,68,man,,,California,Non-voter
white,Yes,moderate,an independent,attend church,66,woman,somewhat,neither good nor bad,Indiana,Non-voter
white,No,slightly conservative,a weak Republican,attend church,29,woman,not at all,extremely good,Illinois,Trump
white,Yes,liberal,a strong democrat,do not attend church,36,woman,somewhat,moderately good,Texas,Clinton
white,Yes,slightly liberal,a strong democrat,do not attend church,47,woman,somewhat,extremely good,Pennsylvania,Clinton
white,Yes,slightly conservative,an independent,do not attend church,61,man,somewhat,extremely good,Texas,Clinton
white,Yes,liberal,a strong democrat,attend church,26,woman,somewhat,a little good,Colorado,Clinton
white,No,,a strong Republican,do not attend church,88,man,,extremely good,Texas,Non-voter
,Yes,extremely liberal,a strong democrat,do not attend church,83,woman,somewhat,extremely good,Massachusetts,Trump
white,Yes,slightly liberal,an independent who leans Democratic,do not attend church,51,man,very,a little good,Massachusetts,Non-voter
white,Yes,slightly conservative,a weak Republican,do not attend church,36,man,not very,a little good,Indiana,Clinton
white,Yes,moderate,an independent who leans Democratic,attend church,68,woman,not very,neither good nor bad,California,Clinton
hispanic,Yes,moderate,an independent who leans Democratic,attend church,23,man,somewhat,neither good nor bad,Texas,Non-voter
white,Yes,,an independent who leans Republican,attend church,34,woman,not very,extremely good,Arizona,Non-voter
white,Yes,moderate,an independent who leans Republican,attend church,58,woman,not very,extremely good,Georgia,Trump
,Yes,slightly conservative,an independent who leans Republican,attend church,69,man,very,extremely good,North Carolina,Trump
hispanic,No,,an independent who leans Democratic,do not attend church,19,man,not at all,moderately good,Texas,Non-voter
hispanic,Yes,,a weak Democrat,attend church,30,man,not very,neither good nor bad,California,Clinton
white,Yes,moderate,an independent,do not attend church,75,woman,very,extremely good,Pennsylvania,Trump
white,Yes,moderate,an independent who leans Republican,do not attend church,50,man,not very,extremely good,Maryland,Trump
hispanic,Yes,,a strong democrat,attend church,54,man,somewhat,extremely good,New Mexico,Clinton
white,No,,a strong democrat,attend church,38,woman,not very,extremely good,North Carolina,Non-voter
white,Yes,moderate,a weak Republican,do not attend church,27,woman,somewhat,extremely good,North Carolina,Trump
white,No,,an independent who leans Republican,do not attend church,69,woman,not at all,moderately good,Kansas,Trump
hispanic,,slightly conservative,a strong Republican,attend church,43,woman,,,Tennessee,Non-voter
asian,No,moderate,an independent who leans Republican,do not attend church,33,woman,not at all,extremely good,Idaho,Non-voter
white,,moderate,an independent who leans Republican,attend church,87,woman,,,California,Non-voter
white,Yes,conservative,a weak Republican,do not attend church,26,man,not very,moderately good,Idaho,Non-voter
hispanic,Yes,slightly liberal,a weak Republican,attend church,34,woman,somewhat,moderately good,Texas,Non-voter
white,Yes,liberal,an independent who leans Democratic,attend church,33,woman,very,neither good nor bad,Texas,Clinton
white,No,conservative,a weak Republican,attend church,57,man,not very,moderately good,Maryland,Trump
white,Yes,moderate,an independent who leans Republican,attend church,27,man,somewhat,a little good,California,Non-voter
hispanic,Yes,slightly conservative,an independent who leans Republican,do not attend church,38,woman,very,extremely good,California,Trump
white,No,,a strong democrat,do not attend church,81,man,not at all,extremely good,Tennessee,Clinton
white,Yes,moderate,an independent who leans Democratic,attend church,51,woman,not very,extremely good,New Hampshire,Non-voter
white,Yes,moderate,an independent who leans Democratic,attend church,75,woman,somewhat,extremely good,Illinois,Clinton
white,Yes,moderate,a strong Republican,attend church,74,woman,very,extremely good,Tennessee,Trump
white,Yes,moderate,an independent who leans Democratic,do not attend church,43,man,somewhat,a little good,Massachusetts,Clinton
white,Yes,moderate,a strong democrat,attend church,58,man,somewhat,extremely good,,Clinton
white,Yes,extremely liberal,an independent who leans Democratic,do not attend church,36,woman,very,a little good,Kansas,Non-voter
white,Yes,,a weak Republican,attend church,23,woman,not very,extremely good,Tennessee,Non-voter
white,Yes,extremely conservative,a strong Republican,do not attend church,88,woman,somewhat,extremely good,Oklahoma,Non-voter
white,Yes,slightly conservative,an independent who leans Republican,attend church,57,woman,not very,extremely good,Tennessee,Trump
white,Yes,liberal,a strong democrat,do not attend church,59,woman,somewhat,moderately good,New Mexico,Clinton
white,Yes,conservative,a strong Republican,attend church,86,woman,somewhat,extremely good,North Carolina,Trump
hispanic,,extremely liberal,a strong democrat,do not attend church,57,man,,,New Mexico,Non-voter
white,Yes,,an independent,attend church,84,woman,not very,extremely good,Minnesota,Trump
hispanic,Yes,slightly conservative,a weak Democrat,do not attend church,60,man,not at all,neither good nor bad,Texas,Non-voter
white,Yes,liberal,a strong democrat,do not attend church,45,man,very,neither good nor bad,Washington,Clinton
white,,moderate,a strong Republican,do not attend church,30,man,,,North Carolina,Non-voter
white,,conservative,an independent,attend church,78,man,,,New Jersey,Non-voter
black,Yes,slightly conservative,a strong democrat,attend church,72,woman,somewhat,extremely good,South Carolina,Clinton
white,Yes,slightly liberal,an independent who leans Democratic,do not attend church,36,man,somewhat,a little good,Washington,Clinton
white,No,slightly conservative,a strong democrat,do not attend church,86,man,not at all,extremely good,Pennsylvania,Clinton
white,Yes,liberal,a strong democrat,do not attend church,55,,very,extremely good,Florida,Clinton
white,Yes,,an independent who leans Republican,attend church,50,woman,somewhat,moderately good,Kansas,Non-voter
black,Yes,liberal,a weak Democrat,attend church,68,man,very,a little good,,Clinton
white,Yes,liberal,a strong democrat,do not attend church,69,man,somewhat,moderately good,Georgia,Clinton
white,Yes,moderate,an independent who leans Republican,attend church,62,woman,very,extremely good,New Hampshire,Trump
white,Yes,moderate,an independent who leans Republican,do not attend church,42,man,somewhat,moderately good,Illinois,Non-voter
,Yes,moderate,a weak Democrat,do not attend church,42,woman,somewhat,extremely good,California,Trump
white,Yes,moderate,an independent who leans Republican,attend church,25,man,somewhat,extremely good,Mississippi,Non-voter
hispanic,Yes,conservative,an independent who leans Republican,do not attend church,55,man,very,extremely good,Massachusetts,Trump
white,Yes,liberal,a strong democrat,attend church,76,woman,very,neither good nor bad,Connecticut,Clinton
white,Yes,extremely liberal,a strong democrat,do not attend church,31,woman,very,neither good nor bad,Maryland,Clinton
white,,,a weak Democrat,do not attend church,52,man,,,Ohio,Non-voter
hispanic,Yes,liberal,an independent who leans Democratic,do not attend church,35,man,somewhat,neither good nor bad,Kansas,Clinton
black,Yes,conservative,a strong democrat,attend church,25,man,very,neither good nor bad,North Carolina,Clinton
native American,Yes,conservative,a strong Republican,attend church,34,woman,very,extremely good,Oklahoma,Non-voter
white,Yes,,an independent,do not attend church,38,woman,somewhat,a little good,Illinois,Trump
white,Yes,slightly conservative,an independent who leans Republican,attend church,73,,very,extremely good,Virginia,Trump
white,Yes,moderate,a weak Democrat,attend church,52,woman,somewhat,extremely good,California,Clinton
white,,moderate,a strong Republican,attend church,66,woman,,,Wisconsin,Non-voter
white,Yes,moderate,a weak Democrat,do not attend church,65,woman,,moderately good,Massachusetts,Clinton
white,Yes,slightly conservative,a strong Republican,attend church,45,woman,somewhat,extremely good,South Carolina,Trump
white,Yes,,a strong Republican,attend church,59,man,somewhat,moderately good,Arizona,Trump
hispanic,Yes,,an independent who leans Republican,attend church,25,man,not very,neither good nor bad,California,Non-voter
white,Yes,liberal,a strong democrat,do not attend church,37,woman,somewhat,a little good,New York,Clinton
white,Yes,,a strong democrat,do not attend church,66,woman,somewhat,extremely good,Texas,Clinton
white,Yes,conservative,a strong Republican,attend church,74,man,somewhat,extremely good,Mississippi,Trump
asian,,moderate,an independent,attend church,28,man,,,Connecticut,Non-voter
black,Yes,moderate,a strong democrat,attend church,57,woman,very,extremely good,South Carolina,Clinton
white,,,an independent,attend church,27,man,,,Mississippi,Non-voter
white,Yes,slightly liberal,a weak Democrat,do not attend church,24,man,somewhat,neither good nor bad,Illinois,Trump
white,No,,an independent who leans Republican,attend church,23,man,somewhat,extremely good,California,Non-voter
white,Yes,slightly liberal,an independent who leans Democratic,do not attend church,43,man,somewhat,extremely good,Michigan,Trump
white,Yes,moderate,an independent who leans Republican,attend church,58,woman,somewhat,moderately good,Connecticut,Trump
black,Yes,,a strong democrat,attend church,42,woman,somewhat,extremely good,Mississippi,Non-voter
native American,Yes,moderate,a weak Democrat,do not attend church,57,woman,not at all,extremely good,New Mexico,Clinton
,Yes,slightly conservative,an independent who leans Democratic,attend church,30,woman,very,neither good nor bad,Florida,Clinton
black,,,a weak Democrat,attend church,69,man,,,Georgia,Non-voter
white,Yes,moderate,a weak Republican,attend church,87,woman,somewhat,extremely good,Ohio,Trump
white,Yes,conservative,a strong Republican,attend church,56,man,very,moderately good,Arizona,Trump
,,,a weak Republican,do not attend church,18,man,,,Kansas,Non-voter
white,Yes,conservative,a weak Republican,do not attend church,23,man,somewhat,extremely good,Minnesota,Non-voter
hispanic,Yes,conservative,a weak Republican,attend church,71,man,very,extremely good,New Mexico,Non-voter
white,Yes,liberal,a strong democrat,attend church,19,woman,very,neither good nor bad,Idaho,Clinton
white,Yes,moderate,an independent who leans Democratic,attend church,44,man,somewhat,moderately good,Ohio,Non-voter
white,No,moderate,an independent,do not attend church,21,woman,not very,a little good,Idaho,Non-voter
white,Yes,,an independent who leans Democratic,do not attend church,67,man,not very,moderately good,Tennessee,Non-voter
hispanic,Yes,slightly liberal,an independent who leans Republican,attend church,23,woman,not very,neither good nor bad,Colorado,Non-voter
,Yes,slightly liberal,a strong democrat,do not attend church,41,woman,somewhat,moderately good,Texas,Non-voter
white,,,a strong Republican,attend church,49,man,,,Texas,Non-voter
white,Yes,extremely conservative,a strong Republican,attend church,78,woman,very,extremely good,Tennessee,Trump
hispanic,No,conservative,a strong Republican,attend church,74,woman,very,extremely good,Texas,Non-voter
white,,moderate,an independent,attend church,40,woman,,,Illinois,Non-voter
white,Yes,conservative,an independent who leans Republican,do not attend church,53,man,very,extremely good,Georgia,Non-voter
white,Yes,extremely conservative,a weak Republican,attend church,63,man,very,a little good,Tennessee,Trump
white,Yes,conservative,a strong Republican,attend church,65,woman,very,extremely good,Washington,Trump
white,No,moderate,a weak Republican,attend church,64,woman,somewhat,extremely good,Tennessee,Trump
white,Yes,conservative,a strong Republican,do not attend church,24,man,very,moderately good,Oklahoma,Clinton
black,Yes,moderate,an independent who leans Democratic,attend church,50,man,not very,extremely good,Virginia,Clinton
black,Yes,slightly conservative,an independent who leans Democratic,attend church,23,woman,somewhat,moderately good,Georgia,Non-voter
white,Yes,liberal,a strong democrat,do not attend church,25,man,very,neither good nor bad,Tennessee,Clinton
white,Yes,slightly conservative,an independent who leans Republican,attend church,44,woman,somewhat,moderately good,Georgia,Non-voter
white,Yes,extremely liberal,a strong democrat,do not attend church,76,woman,very,extremely good,Idaho,Clinton
white,Yes,slightly conservative,an independent who leans Republican,attend church,68,man,very,extremely good,Kansas,Non-voter
white,Yes,moderate,an independent who leans Republican,do not attend church,21,woman,somewhat,extremely good,California,Non-voter
white,No,conservative,a weak Democrat,attend church,67,woman,not at all,extremely good,North Carolina,Non-voter
white,Yes,conservative,a strong Republican,attend church,68,woman,very,extremely good,Wisconsin,Trump
asian,Yes,extremely liberal,a strong democrat,do not attend church,35,woman,somewhat,neither good nor bad,New York,Clinton
white,Yes,slightly conservative,a weak Republican,do not attend church,61,man,somewhat,extremely good,Arizona,Trump
white,Yes,liberal,a weak Democrat,do not attend church,25,man,very,neither good nor bad,Florida,Clinton
white,Yes,slightly liberal,a strong democrat,attend church,67,man,somewhat,extremely good,Ohio,Trump
white,,conservative,a strong Republican,attend church,69,man,,,Louisiana,Non-voter
white,Yes,moderate,an independent who leans Republican,attend church,68,woman,not very,extremely good,New Jersey,Trump
hispanic,Yes,,an independent,attend church,32,man,somewhat,neither good nor bad,Texas,Non-voter
white,Yes,extremely conservative,an independent who leans Republican,attend church,62,man,very,moderately good,Florida,Trump
white,Yes,conservative,a strong Republican,attend church,69,woman,somewhat,extremely good,Wisconsin,Trump
white,Yes,conservative,a strong Republican,attend church,85,man,somewhat,extremely good,Georgia,Trump
white,,,a weak Republican,attend church,88,woman,,,California,Non-voter
white,Yes,slightly conservative,a strong Republican,attend church,26,man,very,neither good nor bad,Tennessee,Clinton
white,No,,an independent who leans Republican,do not attend church,38,man,not very,extremely good,Ohio,Non-voter
black,Yes,,an independent,attend church,50,woman,somewhat,a little good,Texas,Clinton
white,Yes,liberal,an independent who leans Democratic,attend church,54,woman,somewhat,extremely good,Idaho,Clinton
white,,slightly liberal,an independent,attend church,68,woman,,,Ohio,Non-voter
hispanic,Yes,moderate,a strong democrat,attend church,,woman,somewhat,extremely good,California,Clinton
white,Yes,conservative,a strong Republican,attend church,45,man,somewhat,extremely good,Indiana,Trump
white,Yes,moderate,an independent who leans Republican,attend church,60,woman,somewhat,extremely good,Tennessee,Clinton
white,,conservative,a weak Republican,attend church,53,woman,,,Wisconsin,Non-voter
white,Yes,conservative,a strong Republican,attend church,70,woman,somewhat,extremely good,Georgia,Trump
white,,extremely conservative,a strong Republican,attend church,75,man,,,Texas,Trump
white,Yes,extremely conservative,a strong Republican,attend church,57,woman,very,extremely good,Texas,Trump
,No,moderate,an independent who leans Republican,do not attend church,59,woman,somewhat,moderately bad,New Hampshire,Trump
hispanic,Yes,liberal,a strong democrat,do not attend church,76,woman,somewhat,neither good nor bad,Texas,Clinton
hispanic,No,moderate,a weak Republican,attend church,61,man,not very,extremely good,New Mexico,Non-voter
hispanic,Yes,slightly liberal,an independent who leans Democratic,attend church,20,man,somewhat,extremely good,Texas,Clinton
white,Yes,slightly conservative,an independent who leans Republican,do not attend church,62,,not very,extremely good,Texas,Trump
white,Yes,slightly conservative,a weak Republican,attend church,40,woman,not very,extremely good,Illinois,Clinton
black,No,moderate,a strong democrat,do not attend church,24,man,somewhat,moderately good,Massachusetts,Clinton
white,,conservative,a strong Republican,attend church,47,man,,,Tennessee,Non-voter
,Yes,liberal,an independent who leans Democratic,do not attend church,24,man,somewhat,a little good,California,Clinton
white,Yes,,a weak Republican,attend church,61,man,somewhat,extremely good,Illinois,Trump
black,No,slightly liberal,a strong democrat,attend church,63,woman,not at all,extremely good,Mississippi,Clinton
asian,,extremely liberal,an independent,attend church,32,woman,,,New Jersey,Non-voter
hispanic,Yes,moderate,a strong democrat,do not attend church,51,man,somewhat,moderately good,New Mexico,Clinton
,,slightly liberal,an independent who leans Democratic,do not attend church,50,woman,,,Oklahoma,Non-voter
white,Yes,slightly conservative,an independent who leans Republican,do not attend church,30,woman,not very,extremely good,Idaho,Non-voter
black,No,,an independent,do not attend church,60,man,not very,neither good nor bad,Texas,Non-voter
white,,slightly conservative,an independent who leans Republican,do not attend church,29,man,,,Kansas,Non-voter
hispanic,Yes,slightly liberal,a strong democrat,attend church,63,woman,very,moderately good,Texas,Clinton
,,moderate,an independent who leans Democratic,do not attend church,88,man,,,Michigan,Non-voter
hispanic,Yes,,an independent,attend church,63,man,somewhat,extremely good,Texas,Non-voter
white,Yes,liberal,a strong democrat,do not attend church,25,woman,very,neither good nor bad,Texas,Clinton
black,Yes,,a weak Democrat,attend church,72,woman,somewhat,neither good nor bad,Louisiana,Trump
white,Yes,liberal,an independent who leans Democratic,attend church,60,woman,very,moderately good,Tennessee,Clinton
white,Yes,slightly conservative,a strong Republican,attend church,62,man,somewhat,extremely good,Colorado,Trump
white,Yes,conservative,,attend church,49,woman,not very,extremely good,Kansas,Non-voter
white,Yes,conservative,a strong Republican,attend church,80,man,very,a little good,Wisconsin,Trump
white,Yes,,an independent who leans Republican,do not attend church,84,,not at all,neither good nor bad,New Hampshire,Clinton
white,No,slightly liberal,a weak Democrat,do not attend church,22,man,somewhat,moderately good,Tennessee,Trump
black,Yes,,an independent,attend church,26,woman,not at all,extremely good,Kansas,Clinton
white,Yes,,an independent who leans Republican,attend church,64,woman,somewhat,neither good nor bad,Illinois,Non-voter
hispanic,No,conservative,a weak Democrat,do not attend church,23,woman,not very,extremely good,Texas,Non-voter
white,No,,a strong democrat,attend church,38,man,not very,extremely good,Louisiana,Trump
white,No,,a strong Republican,attend church,77,woman,very,extremely good,Arkansas,Trump
black,Yes,moderate,a weak Democrat,do not attend church,19,woman,not very,extremely good,South Carolina,Clinton
white,Yes,liberal,a strong democrat,attend church,90,,somewhat,moderately good,Massachusetts,Clinton
white,Yes,moderate,a strong democrat,do not attend church,31,woman,somewhat,extremely good,Kansas,Non-voter
white,Yes,extremely conservative,a strong Republican,attend church,59,woman,somewhat,extremely good,Texas,Trump
,Yes,conservative,a weak Republican,do not attend church,45,man,somewhat,extremely good,Washington,Non-voter
white,Yes,moderate,an independent,attend church,66,woman,somewhat,extremely good,Kansas,Clinton
white,Yes,conservative,a strong Republican,attend church,23,man,somewhat,extremely good,Oklahoma,Trump
hispanic,Yes,moderate,a weak Democrat,do not attend church,26,woman,somewhat,neither good nor bad,,Clinton
white,Yes,conservative,a strong Republican,do not attend church,59,man,somewhat,extremely good,Illinois,Trump
white,Yes,liberal,an independent who leans Democratic,attend church,63,woman,somewhat,moderately good,Texas,Trump
white,No,,a weak Democrat,attend church,77,man,not at all,extremely good,Illinois,Trump
black,No,conservative,a weak Democrat,do not attend church,28,man,somewhat,moderately good,Texas,Non-voter
white,Yes,conservative,a strong Republican,attend church,27,man,not very,extremely good,Ohio,Non-voter
white,,moderate,a strong democrat,attend church,,woman,,,New Jersey,Non-voter
hispanic,Yes,,a weak Republican,attend church,20,woman,not very,extremely good,Illinois,Trump
white,,conservative,a strong Republican,attend church,40,woman,,,Tennessee,Non-voter
white,Yes,,an independent who leans Democratic,do not attend church,50,man,somewhat,a little good,Michigan,Non-voter
white,No,moderate,an independent who leans Democratic,attend church,71,woman,not very,extremely good,New Hampshire,Trump
white,Yes,,a strong democrat,do not attend church,90,woman,somewhat,moderately good,Kansas,Non-voter
black,Yes,,a weak Democrat,attend church,34,woman,somewhat,moderately good,Louisiana,Clinton
black,Yes,,a strong democrat,attend church,49,woman,somewhat,neither good nor bad,Mississippi,Non-voter
white,Yes,slightly liberal,an independent who leans Democratic,attend church,27,man,somewhat,moderately good,Michigan,Non-voter
white,Yes,moderate,a strong Republican,attend church,48,man,not very,extremely good,South Carolina,Non-voter
hispanic,Yes,slightly conservative,a weak Republican,do not attend church,49,man,somewhat,moderately good,Indiana,Non-voter
white,Yes,slightly liberal,a weak Democrat,attend church,24,man,not very,moderately good,Illinois,Clinton
hispanic,No,,an independent who leans Democratic,attend church,56,man,not very,a little good,Colorado,Clinton
white,Yes,slightly liberal,a strong democrat,attend church,78,man,not at all,extremely good,California,Clinton
white,Yes,slightly conservative,an independent,attend church,24,man,very,moderately good,Florida,Trump
hispanic,Yes,conservative,a strong Republican,attend church,63,woman,somewhat,extremely good,Massachusetts,Trump
hispanic,Yes,extremely liberal,an independent who leans Democratic,attend church,71,man,very,extremely good,Texas,Clinton
white,Yes,moderate,an independent who leans Republican,attend church,44,man,somewhat,extremely good,Illinois,Non-voter
hispanic,No,,an independent,do not attend church,21,woman,not at all,moderately good,California,Non-voter
white,,conservative,a weak Republican,attend church,30,woman,,,Arkansas,Non-voter
white,Yes,moderate,an independent who leans Republican,do not attend church,21,man,not very,a little good,Tennessee,Non-voter
white,Yes,conservative,a weak Republican,attend church,29,woman,not very,moderately good,Minnesota,Non-voter
,Yes,moderate,an independent who leans Democratic,,76,man,somewhat,extremely good,Tennessee,Clinton
white,Yes,moderate,a weak Republican,attend church,42,woman,somewhat,extremely good,Illinois,Trump
black,No,moderate,a weak Democrat,do not attend church,24,woman,somewhat,neither good nor bad,North Carolina,Clinton
white,No,slightly conservative,an independent,do not attend church,74,man,somewhat,extremely good,Louisiana,Non-voter
white,,,a strong Republican,do not attend church,51,man,,,Washington,Non-voter
white,Yes,conservative,a strong Republican,attend church,76,woman,very,extremely good,Texas,Trump
black,,conservative,a strong democrat,do not attend church,25,man,,,North Carolina,Non-voter
hispanic,Yes,conservative,a strong Republican,attend church,60,,very,extremely good,Florida,Trump
white,No,moderate,a weak Republican,attend church,30,woman,not very,moderately good,Kansas,Clinton
hispanic,Yes,extremely conservative,a strong Republican,attend church,61,woman,very,extremely good,California,Trump
white,Yes,slightly conservative,a weak Democrat,attend church,48,woman,somewhat,extremely good,Florida,Clinton
hispanic,,slightly liberal,an independent who leans Democratic,attend church,39,man,,,New York,Non-voter
white,Yes,moderate,an independent who leans Democratic,attend church,50,woman,very,extremely good,New Jersey,Clinton
white,Yes,moderate,a weak Democrat,attend church,36,woman,not very,moderately good,Massachusetts,Clinton
white,Yes,liberal,an independent who leans Democratic,do not attend church,58,man,very,extremely good,Maryland,Clinton
asian,Yes,slightly liberal,an independent who leans Democratic,do not attend church,30,man,somewhat,moderately good,Michigan,Clinton
white,Yes,slightly liberal,an independent who leans Democratic,attend church,52,woman,not very,extremely good,Minnesota,Clinton
white,Yes,conservative,a strong Republican,do not attend church,54,man,somewhat,extremely good,Mississippi,Non-voter
hispanic,Yes,extremely conservative,a strong Republican,attend church,70,man,very,extremely good,Colorado,Trump
white,Yes,conservative,an independent who leans Republican,attend church,81,woman,somewhat,extremely good,Illinois,Trump
white,Yes,conservative,an independent who leans Republican,attend church,41,man,somewhat,extremely good,Texas,Trump
black,Yes,slightly liberal,an independent who leans Democratic,attend church,23,man,somewhat,neither good nor bad,Ohio,Clinton
white,,slightly liberal,an independent who leans Democratic,do not attend church,45,woman,,,California,Non-voter
white,Yes,conservative,a strong Republican,do not attend church,46,man,not very,extremely good,Ohio,Trump
hispanic,Yes,,a strong democrat,attend church,72,woman,somewhat,extremely good,Texas,Clinton
black,Yes,,a strong democrat,attend church,59,woman,somewhat,neither good nor bad,South Carolina,Clinton
hispanic,No,slightly liberal,a strong democrat,do not attend church,57,woman,somewhat,extremely good,Texas,Non-voter
white,Yes,liberal,a weak Democrat,do not attend church,35,man,very,neither good nor bad,Minnesota,Non-voter
white,Yes,moderate,an independent who leans Democratic,do not attend church,40,woman,not very,neither good nor bad,Maryland,Non-voter
white,Yes,slightly liberal,an independent who leans Democratic,attend church,55,woman,not very,extremely good,Idaho,Clinton
asian,No,conservative,a weak Republican,attend church,79,woman,not at all,extremely good,Pennsylvania,Non-voter
asian,Yes,slightly liberal,an independent,attend church,28,man,somewhat,a little bad,California,Non-voter
hispanic,Yes,moderate,an independent who leans Democratic,attend church,,man,very,extremely good,Texas,Clinton
black,,slightly conservative,an independent,do not attend church,56,woman,,,,Non-voter
white,No,,an independent,do not attend church,35,man,not at all,a little good,Oklahoma,Non-voter
white,Yes,liberal,a strong democrat,attend church,58,woman,not very,moderately good,Oklahoma,Clinton
white,Yes,extremely conservative,a strong Republican,attend church,60,woman,very,extremely good,Mississippi,Trump
white,Yes,conservative,a strong Republican,do not attend church,57,woman,very,extremely good,Tennessee,Trump
white,,,a weak Democrat,attend church,58,woman,,,North Carolina,Non-voter
white,Yes,extremely conservative,a strong Republican,do not attend church,87,man,very,extremely good,Texas,Trump
black,No,extremely liberal,an independent who leans Democratic,attend church,47,woman,somewhat,moderately good,North Carolina,Non-voter
white,Yes,moderate,an independent who leans Democratic,attend church,59,woman,somewhat,extremely good,New Hampshire,Clinton
white,No,,a weak Democrat,do not attend church,84,man,somewhat,extremely good,Tennessee,Non-voter
white,Yes,moderate,an independent who leans Republican,attend church,50,man,somewhat,extremely good,Idaho,Trump
white,,liberal,a strong democrat,do not attend church,48,man,,,,Non-voter
,Yes,slightly liberal,a weak Democrat,attend church,47,woman,somewhat,extremely good,Idaho,Clinton
white,Yes,extremely conservative,a strong Republican,attend church,57,woman,very,extremely good,Arkansas,Trump
white,Yes,conservative,a strong Republican,attend church,24,man,somewhat,extremely good,Wisconsin,Trump
white,,moderate,a strong Republican,attend church,45,man,,,New Jersey,Non-voter
white,Yes,slightly conservative,a weak Republican,do not attend church,62,woman,very,extremely good,New York,Non-voter
white,Yes,slightly liberal,a strong democrat,attend church,60,man,somewhat,moderately good,California,Clinton
white,Yes,conservative,a strong Republican,attend church,66,woman,somewhat,extremely good,Mississippi,Trump
white,Yes,slightly liberal,a weak Democrat,do not attend church,30,man,somewhat,a little good,Colorado,Clinton
black,,,a weak Democrat,attend church,49,woman,,,Georgia,Non-voter
white,No,conservative,an independent who leans Republican,attend church,90,man,very,extremely good,Minnesota,Trump
white,Yes,extremely liberal,a strong democrat,attend church,23,woman,very,moderately good,Maryland,Clinton
white,,conservative,an independent who leans Republican,attend church,70,woman,,,Oklahoma,Non-voter
white,Yes,,an independent,do not attend church,28,woman,not at all,a little good,Indiana,Non-voter
white,Yes,moderate,an independent who leans Democratic,attend church,39,woman,somewhat,moderately good,Kansas,Non-voter
black,Yes,moderate,an independent,attend church,46,man,somewhat,extremely good,Tennessee,Clinton
white,Yes,slightly conservative,a weak Democrat,attend church,61,man,somewhat,extremely good,Indiana,Clinton
black,Yes,slightly liberal,a strong democrat,attend church,40,woman,somewhat,extremely good,North Carolina,Clinton
white,Yes,extremely conservative,a weak Republican,do not attend church,40,man,very,moderately good,North Carolina,Trump
asian,Yes,slightly liberal,a weak Democrat,attend church,31,woman,somewhat,moderately good,Ohio,Clinton
white,No,,a strong democrat,attend church,66,woman,not at all,extremely good,Indiana,Non-voter
white,Yes,slightly conservative,a weak Republican,attend church,48,man,somewhat,moderately good,Maryland,Trump
black,Yes,slightly conservative,a weak Democrat,attend church,59,man,somewhat,extremely good,North Carolina,Clinton
hispanic,Yes,moderate,a strong democrat,attend church,58,man,not very,neither good nor bad,California,Non-voter
white,Yes,extremely liberal,an independent who leans Democratic,do not attend church,37,woman,very,a little bad,California,Clinton
white,Yes,slightly conservative,a weak Republican,do not attend church,34,man,somewhat,extremely good,California,Trump
white,Yes,liberal,an independent who leans Democratic,attend church,36,man,very,moderately good,North Carolina,Clinton
white,Yes,conservative,an independent who leans Republican,attend church,41,man,very,extremely good,Arkansas,Trump
black,Yes,,a strong democrat,attend church,58,woman,very,moderately good,Mississippi,Clinton
white,Yes,conservative,a weak Republican,attend church,21,man,somewhat,extremely good,Idaho,Trump
white,Yes,,a strong democrat,attend church,35,,not very,moderately good,Florida,Clinton
white,Yes,slightly liberal,a strong democrat,attend church,75,man,very,extremely good,Pennsylvania,Clinton
white,Yes,conservative,a strong Republican,attend church,88,man,somewhat,extremely good,Idaho,Trump
black,Yes,moderate,a strong democrat,attend church,50,woman,somewhat,extremely good,South Carolina,Clinton
white,Yes,moderate,an independent who leans Democratic,attend church,38,woman,very,moderately good,Maryland,Non-voter
white,Yes,slightly conservative,an independent who leans Republican,do not attend church,63,man,very,extremely good,Florida,Trump
white,Yes,slightly conservative,a strong Republican,attend church,47,woman,very,extremely good,North Carolina,Trump
white,Yes,slightly conservative,an independent who leans Republican,attend church,32,man,not very,moderately good,Colorado,Non-voter
asian,Yes,conservative,an independent who leans Republican,attend church,,man,somewhat,extremely good,New Jersey,Trump
white,Yes,moderate,a strong Republican,do not attend church,59,woman,somewhat,extremely good,Arizona,Trump
white,No,moderate,a weak Republican,attend church,79,,somewhat,extremely good,Ohio,Trump
asian,Yes,slightly liberal,an independent who leans Democratic,attend church,37,woman,somewhat,moderately good,California,Non-voter
black,Yes,liberal,a strong democrat,attend church,76,woman,very,neither good nor bad,North Carolina,Clinton
white,Yes,conservative,a strong Republican,attend church,48,woman,somewhat,extremely good,Texas,Trump
,Yes,,a strong democrat,attend church,66,woman,very,extremely good,Mississippi,Clinton
white,Yes,conservative,a strong Republican,attend church,54,man,somewhat,extremely good,Georgia,Trump
white,No,,an independent who leans Republican,do not attend church,60,woman,not very,moderately good,Colorado,Trump
white,No,,a weak Republican,attend church,26,man,somewhat,extremely good,New Jersey,Trump
white,Yes,moderate,an independent who leans Republican,do not attend church,66,woman,somewhat,extremely good,New Jersey,Trump
hispanic,Yes,,a strong democrat,do not attend church,42,woman,somewhat,extremely good,Colorado,Clinton
hispanic,Yes,liberal,a weak Democrat,do not attend church,33,woman,not very,a little good,Kansas,Clinton
white,Yes,moderate,a weak Republican,do not attend church,21,man,somewhat,extremely good,Kansas,Trump
white,Yes,slightly conservative,an independent who leans Republican,attend church,47,man,somewhat,extremely good,Tennessee,Trump
white,Yes,liberal,a weak Democrat,do not attend church,52,woman,somewhat,neither good nor bad,Washington,Clinton
hispanic,No,slightly conservative,a weak Democrat,do not attend church,52,man,very,extremely good,Colorado,Clinton
hispanic,Yes,slightly liberal,an independent who leans Democratic,attend church,35,man,somewhat,a little good,Tennessee,Non-voter
white,Yes,moderate,an independent who leans Republican,do not attend church,55,man,somewhat,extremely good,New Hampshire,Trump
white,Yes,slightly liberal,an independent who leans Democratic,do not attend church,61,woman,somewhat,extremely good,New Jersey,Clinton
hispanic,Yes,conservative,an independent who leans Democratic,attend church,54,man,somewhat,neither good nor bad,Colorado,Clinton
white,Yes,,an independent,attend church,36,woman,not very,extremely good,Colorado,Clinton
white,Yes,,a strong Republican,attend church,57,woman,somewhat,extremely good,Ohio,Trump
white,No,,a strong Republican,do not attend church,82,man,not very,extremely good,Arizona,Trump
white,Yes,,a strong democrat,do not attend church,72,man,somewhat,moderately good,Kansas,Clinton
hispanic,,moderate,a weak Democrat,do not attend church,56,woman,,,California,Non-voter
,Yes,moderate,an independent who leans Democratic,attend church,80,man,very,extremely good,Ohio,Clinton
hispanic,Yes,conservative,a strong democrat,attend church,52,man,somewhat,moderately good,Pennsylvania,Clinton
hispanic,Yes,moderate,an independent who leans Republican,attend church,21,woman,somewhat,extremely good,Texas,Trump
white,No,moderate,a weak Democrat,,28,man,not at all,neither good nor bad,Colorado,Non-voter
hispanic,No,,an independent,do not attend church,20,woman,not very,a little bad,California,Non-voter
white,Yes,liberal,a weak Republican,attend church,55,man,somewhat,moderately good,Oklahoma,Non-voter
white,Yes,slightly conservative,a weak Democrat,attend church,47,woman,somewhat,extremely good,Connecticut,Clinton
white,,extremely conservative,a strong Republican,do not attend church,85,woman,,,Arkansas,Non-voter
white,Yes,,a strong democrat,attend church,73,woman,somewhat,extremely good,New Jersey,Clinton
white,,,an independent who leans Democratic,attend church,27,woman,,,Pennsylvania,Non-voter
white,Yes,,a weak Democrat,attend church,41,woman,not very,extremely good,Texas,Trump
white,Yes,conservative,a weak Republican,attend church,27,man,not very,moderately good,Georgia,Trump
white,No,,an independent who leans Democratic,attend church,75,man,not very,moderately good,Ohio,Non-voter
white,No,liberal,an independent who leans Democratic,attend church,45,woman,somewhat,extremely good,Arkansas,Clinton
white,,slightly conservative,a strong Republican,attend church,66,man,,,Arizona,Non-voter
white,Yes,conservative,a strong Republican,attend church,51,man,very,extremely good,New Mexico,Trump
white,,moderate,a weak Democrat,attend church,58,man,,,Oklahoma,Non-voter
white,Yes,conservative,an independent who leans Republican,do not attend church,34,man,very,extremely good,Idaho,Non-voter
,Yes,extremely conservative,a strong Republican,attend church,80,man,very,extremely good,New Mexico,Trump
,,extremely conservative,an independent who leans Republican,attend church,26,man,,,North Carolina,Non-voter
white,Yes,,an independent who leans Republican,attend church,48,woman,not very,extremely good,Tennessee,Trump
white,Yes,conservative,an independent who leans Republican,attend church,35,woman,not very,extremely good,Virginia,Trump
white,Yes,,an independent who leans Republican,do not attend church,76,woman,not very,extremely good,Minnesota,Trump
asian,Yes,slightly conservative,an independent who leans Republican,do not attend church,33,woman,not very,moderately good,California,Non-voter
white,Yes,conservative,a strong Republican,attend church,48,woman,not at all,extremely good,Tennessee,Trump
white,Yes,,an independent,attend church,29,man,not very,moderately good,Kansas,Non-voter
hispanic,Yes,slightly liberal,a strong democrat,attend church,67,woman,somewhat,extremely good,California,Clinton
white,Yes,moderate,an independent who leans Republican,attend church,39,man,somewhat,extremely good,Idaho,Trump
white,Yes,slightly conservative,a strong Republican,attend church,27,man,somewhat,extremely good,Massachusetts,Trump
white,Yes,conservative,an independent who leans Republican,attend church,71,man,not very,moderately good,North Carolina,Trump
white,Yes,,a weak Democrat,attend church,42,woman,not at all,extremely good,Kansas,Clinton
white,Yes,liberal,a weak Democrat,attend church,36,woman,somewhat,neither good nor bad,New York,Clinton
hispanic,Yes,moderate,an independent who leans Republican,attend church,53,woman,not at all,extremely good,Colorado,Clinton
hispanic,Yes,,an independent who leans Democratic,attend church,21,woman,not very,neither good nor bad,Texas,Non-voter
white,Yes,liberal,a strong democrat,do not attend church,35,man,very,extremely good,California,Clinton
white,No,moderate,a weak Democrat,attend church,66,woman,not very,extremely good,Pennsylvania,Clinton
white,Yes,conservative,a strong Republican,attend church,49,woman,somewhat,extremely good,Kansas,Trump
hispanic,Yes,,a weak Democrat,do not attend church,68,woman,not very,extremely good,Pennsylvania,Clinton
hispanic,Yes,conservative,a strong Republican,do not attend church,63,man,very,extremely good,Idaho,Trump
white,Yes,extremely conservative,a strong Republican,attend church,88,woman,somewhat,extremely good,Texas,Trump
white,Yes,slightly liberal,a weak Republican,attend church,23,man,not very,extremely good,Idaho,Non-voter
asian,,moderate,a strong democrat,do not attend church,71,woman,,,New Jersey,Non-voter
white,Yes,,an independent,attend church,,man,not at all,neither good nor bad,New Mexico,Non-voter
hispanic,,,an independent who leans Democratic,do not attend church,20,man,,,Texas,Non-voter
black,,,an independent who leans Democratic,attend church,55,man,,,North Carolina,Non-voter
hispanic,No,extremely conservative,a weak Republican,attend church,65,man,not at all,extremely good,California,Non-voter
white,No,slightly conservative,an independent who leans Republican,attend church,27,woman,not very,extremely good,Pennsylvania,Non-voter
,Yes,moderate,a strong Republican,attend church,69,woman,somewhat,extremely good,Texas,Trump
black,Yes,,an independent who leans Democratic,do not attend church,26,woman,somewhat,extremely bad,Colorado,Clinton
white,,,an independent who leans Democratic,do not attend church,65,man,,,New Hampshire,Non-voter
white,,conservative,a strong Republican,attend church,66,woman,,,Mississippi,Non-voter
white,Yes,slightly liberal,a weak Republican,do not attend church,42,woman,somewhat,extremely good,Maryland,Non-voter
white,Yes,conservative,an independent who leans Republican,do not attend church,74,man,very,extremely good,Connecticut,Trump
asian,Yes,slightly conservative,an independent,attend church,26,woman,not very,moderately good,California,Non-voter
white,,slightly liberal,an independent who leans Democratic,do not attend church,40,woman,,,Arizona,Non-voter
white,Yes,conservative,a strong Republican,attend church,81,woman,very,extremely good,Florida,Trump
white,Yes,,an independent who leans Republican,attend church,49,woman,very,extremely good,Washington,Trump
white,Yes,conservative,a strong Republican,attend church,59,man,somewhat,extremely good,Indiana,Trump
white,Yes,slightly liberal,a weak Democrat,attend church,42,woman,very,extremely good,Illinois,Clinton
hispanic,No,,an independent,do not attend church,34,man,not at all,neither good nor bad,Colorado,Non-voter
white,Yes,moderate,an independent who leans Democratic,do not attend church,46,woman,somewhat,neither good nor bad,Wisconsin,Clinton
white,Yes,slightly conservative,an independent who leans Republican,attend church,36,man,very,extremely good,North Carolina,Non-voter
white,Yes,slightly conservative,an independent who leans Republican,do not attend church,63,man,somewhat,extremely good,Illinois,Trump
white,No,,an independent who leans Democratic,do not attend church,45,woman,somewhat,moderately good,Massachusetts,Non-voter
hispanic,Yes,moderate,a weak Democrat,attend church,,woman,somewhat,extremely good,Pennsylvania,Non-voter
white,,slightly conservative,a weak Republican,attend church,71,woman,,,New Mexico,Non-voter
white,No,,an independent,do not attend church,73,woman,somewhat,extremely good,Michigan,Clinton
white,No,,a strong Republican,attend church,83,woman,very,extremely good,Tennessee,Trump
white,,,a strong Republican,attend church,40,woman,,,Kansas,Non-voter
asian,Yes,conservative,a weak Republican,attend church,56,man,very,extremely good,Louisiana,Trump
black,Yes,liberal,a weak Democrat,attend church,43,woman,not very,neither good nor bad,Connecticut,Clinton
white,Yes,liberal,a strong democrat,do not attend church,46,woman,somewhat,extremely good,,Clinton
black,No,,an independent who leans Democratic,attend church,36,man,not very,extremely good,Louisiana,Clinton
,Yes,slightly conservative,a weak Republican,do not attend church,21,man,somewhat,neither good nor bad,Pennsylvania,Non-voter
white,Yes,conservative,a strong Republican,attend church,74,man,somewhat,extremely good,California,Trump
white,,slightly conservative,a strong Republican,,,woman,,,California,Non-voter
black,Yes,moderate,an independent,do not attend church,61,man,somewhat,neither good nor bad,Mississippi,Clinton
black,No,,a weak Democrat,attend church,67,woman,somewhat,neither good nor bad,New Mexico,Clinton
black,Yes,conservative,an independent who leans Democratic,do not attend church,65,woman,somewhat,extremely good,South Carolina,Clinton
black,No,moderate,an independent,attend church,41,woman,somewhat,extremely good,California,Clinton
white,Yes,slightly conservative,an independent who leans Republican,do not attend church,66,woman,somewhat,extremely good,Washington,Trump
hispanic,Yes,slightly conservative,an independent,attend church,54,man,very,moderately good,California,Clinton
hispanic,,,an independent,attend church,58,woman,,,Arizona,Non-voter
white,Yes,,,do not attend church,22,man,not very,extremely good,Arizona,Non-voter
asian,Yes,extremely conservative,an independent who leans Republican,attend church,35,man,very,extremely good,Minnesota,Non-voter
white,Yes,extremely liberal,a strong democrat,attend church,45,woman,somewhat,extremely good,Kansas,Non-voter
white,Yes,moderate,an independent who leans Republican,attend church,31,woman,somewhat,moderately good,Massachusetts,Non-voter
hispanic,Yes,moderate,an independent who leans Democratic,attend church,40,man,somewhat,extremely good,New Jersey,Clinton
hispanic,Yes,,an independent,attend church,34,woman,somewhat,moderately good,California,Non-voter
white,No,moderate,a weak Republican,attend church,,woman,not very,extremely good,Florida,Trump
hispanic,Yes,conservative,a strong Republican,attend church,71,man,somewhat,extremely good,California,Trump
white,Yes,,an independent who leans Democratic,attend church,76,woman,somewhat,moderately good,Massachusetts,Trump
white,Yes,moderate,an independent,do not attend church,34,man,somewhat,neither good nor bad,Kansas,Clinton
black,Yes,moderate,a weak Republican,do not attend church,27,man,not at all,moderately good,Maryland,Non-voter
white,Yes,slightly conservative,an independent who leans Republican,attend church,68,man,somewhat,moderately good,Oklahoma,Trump
hispanic,Yes,moderate,an independent,do not attend church,62,man,not very,extremely good,Texas,Non-voter
white,Yes,moderate,an independent who leans Republican,attend church,76,woman,very,extremely good,Michigan,Trump
white,Yes,liberal,a strong democrat,attend church,69,woman,very,neither good nor bad,Illinois,Clinton
white,No,conservative,a weak Republican,attend church,68,woman,somewhat,extremely good,Tennessee,Trump
,,,an independent,attend church,52,man,,,Kansas,Non-voter
white,Yes,extremely conservative,a strong Republican,attend church,64,man,somewhat,extremely good,Texas,Trump
white,Yes,conservative,a strong Republican,do not attend church,52,man,somewhat,extremely good,Virginia,Trump
white,,slightly conservative,an independent who leans Republican,attend church,30,woman,,,Mississippi,Non-voter
hispanic,Yes,liberal,a weak Democrat,do not attend church,68,man,not at all,extremely good,Colorado,Clinton
white,Yes,slightly conservative,a strong Republican,attend church,53,woman,somewhat,extremely good,Idaho,Trump
white,Yes,,an independent,do not attend church,41,woman,not very,moderately good,Ohio,Non-voter
hispanic,Yes,moderate,an independent who leans Democratic,attend church,43,,somewhat,extremely good,Florida,Clinton
white,Yes,slightly conservative,an independent who leans Republican,attend church,26,woman,not at all,extremely good,Arkansas,Trump
white,No,moderate,an independent who leans Republican,attend church,37,man,not very,extremely good,Tennessee,Clinton
white,Yes,slightly conservative,an independent who leans Republican,attend church,69,woman,not very,extremely good,New Mexico,Trump
white,Yes,liberal,an independent who leans Democratic,attend church,74,man,very,neither good nor bad,Illinois,Clinton
hispanic,Yes,moderate,a weak Republican,attend church,21,man,somewhat,extremely good,California,Non-voter
white,Yes,conservative,a strong Republican,attend church,42,woman,somewhat,extremely good,Colorado,Trump
white,Yes,extremely conservative,a strong Republican,attend church,50,man,very,extremely good,Tennessee,Trump
white,Yes,conservative,a strong Republican,attend church,45,man,very,extremely good,Illinois,Trump
white,Yes,conservative,an independent who leans Republican,attend church,60,woman,very,extremely good,California,Trump
white,No,,an independent who leans Democratic,attend church,32,man,not very,moderately good,Mississippi,Non-voter
white,No,,an independent who leans Democratic,do not attend church,44,woman,somewhat,extremely good,Illinois,Non-voter
white,Yes,moderate,an independent,attend church,48,man,not at all,neither good nor bad,Colorado,Non-voter
white,No,moderate,an independent who leans Republican,attend church,27,woman,not at all,a little good,Mississippi,Non-voter
white,Yes,extremely conservative,a strong Republican,attend church,53,woman,somewhat,extremely good,South Carolina,Trump
white,Yes,moderate,a weak Democrat,do not attend church,29,woman,somewhat,extremely good,Ohio,Non-voter
white,Yes,liberal,a strong democrat,do not attend church,53,woman,not at all,moderately good,Indiana,Clinton
black,Yes,liberal,a strong democrat,attend church,32,woman,somewhat,neither good nor bad,Tennessee,Clinton
black,Yes,slightly liberal,an independent,do not attend church,31,man,not at all,moderately good,California,Non-voter
white,Yes,conservative,a strong Republican,attend church,77,woman,very,extremely good,New Jersey,Trump
,Yes,,an independent,do not attend church,26,woman,somewhat,extremely good,Mississippi,Non-voter
white,Yes,conservative,a strong Republican,attend church,29,woman,not very,moderately good,Arkansas,Trump
white,Yes,slightly liberal,an independent who leans Republican,do not attend church,62,woman,not very,extremely good,Colorado,Trump
white,Yes,conservative,an independent who leans Republican,attend church,,man,somewhat,moderately good,Kansas,Trump
black,No,,a strong democrat,attend church,50,man,not very,neither good nor bad,Illinois,Clinton
white,Yes,slightly liberal,an independent who leans Democratic,attend church,42,man,somewhat,extremely good,Michigan,Clinton
,No,,an independent,attend church,59,woman,not at all,extremely good,Maryland,Non-voter
asian,Yes,moderate,an independent who leans Republican,attend church,,man,not very,moderately good,New Jersey,Clinton
white,Yes,conservative,a strong Republican,attend church,53,man,somewhat,extremely good,Kansas,Trump
white,Yes,slightly liberal,a weak Democrat,attend church,65,woman,very,moderately good,Wisconsin,Clinton
black,Yes,moderate,an independent who leans Democratic,attend church,72,man,very,neither good nor bad,Massachusetts,Clinton
white,Yes,slightly conservative,a strong Republican,attend church,38,man,somewhat,moderately good,Texas,Trump
white,Yes,conservative,a weak Republican,attend church,71,woman,somewhat,moderately good,Connecticut,Trump
white,Yes,conservative,a strong Republican,attend church,51,man,very,extremely good,Washington,Trump
white,Yes,slightly conservative,a weak Republican,attend church,34,woman,somewhat,extremely good,North Carolina,Trump
white,Yes,conservative,a strong Republican,attend church,54,woman,somewhat,moderately good,California,Trump
white,Yes,slightly conservative,a strong Republican,attend church,53,man,not very,extremely good,Arkansas,Trump
black,No,moderate,a strong democrat,attend church,56,man,very,extremely good,Oklahoma,Clinton
black,Yes,slightly liberal,a strong democrat,attend church,27,man,very,neither good nor bad,Indiana,Clinton
white,Yes,moderate,an independent,attend church,21,man,very,extremely good,Florida,Non-voter
hispanic,Yes,moderate,a strong democrat,attend church,66,man,not very,moderately good,Connecticut,Clinton
white,Yes,moderate,an independent who leans Republican,attend church,,man,somewhat,extremely good,Louisiana,Trump
white,No,moderate,a strong democrat,attend church,81,woman,not very,extremely good,Maryland,Non-voter
white,Yes,,a weak Democrat,attend church,70,woman,somewhat,extremely good,New Jersey,Trump
white,Yes,moderate,an independent who leans Democratic,attend church,79,man,very,moderately good,Ohio,Clinton
hispanic,No,conservative,a strong democrat,attend church,63,woman,somewhat,extremely good,Texas,Clinton
hispanic,Yes,liberal,a strong democrat,attend church,54,woman,somewhat,moderately good,New York,Clinton
hispanic,Yes,moderate,a strong democrat,do not attend church,50,woman,somewhat,extremely good,California,Clinton
black,Yes,liberal,a strong democrat,attend church,39,man,somewhat,neither good nor bad,Illinois,Clinton
,Yes,extremely liberal,an independent,do not attend church,54,woman,somewhat,neither good nor bad,North Carolina,Non-voter
white,Yes,slightly liberal,a weak Democrat,do not attend church,23,man,not very,moderately good,Ohio,Clinton
black,Yes,extremely liberal,a strong democrat,do not attend church,46,man,somewhat,extremely good,Illinois,Clinton
hispanic,Yes,conservative,an independent who leans Republican,attend church,33,,very,extremely good,Texas,Trump
white,Yes,conservative,an independent who leans Republican,do not attend church,78,woman,very,extremely good,Kansas,Trump
white,Yes,slightly liberal,a strong democrat,attend church,70,woman,very,extremely good,Maryland,Clinton
asian,Yes,slightly conservative,an independent who leans Republican,attend church,42,man,very,extremely good,California,Clinton
white,Yes,liberal,a strong democrat,attend church,55,man,very,moderately good,Oklahoma,Clinton
white,,slightly conservative,a weak Republican,attend church,21,woman,,,Illinois,Non-voter
hispanic,No,conservative,an independent who leans Republican,do not attend church,28,man,not at all,neither good nor bad,Colorado,Non-voter
white,Yes,conservative,a strong Republican,attend church,80,woman,somewhat,extremely good,Tennessee,Trump
white,No,liberal,an independent who leans Democratic,do not attend church,30,man,not at all,neither good nor bad,Arkansas,Non-voter
white,No,,an independent,do not attend church,38,man,somewhat,extremely good,Louisiana,Trump
hispanic,,,a weak Democrat,attend church,,woman,,,Colorado,Non-voter
black,Yes,,a strong democrat,attend church,60,woman,somewhat,moderately good,North Carolina,Clinton
white,Yes,conservative,a strong Republican,attend church,80,man,very,extremely good,California,Trump
black,No,slightly liberal,a weak Democrat,do not attend church,39,man,not very,extremely good,Virginia,Clinton
white,No,moderate,a weak Democrat,attend church,58,woman,somewhat,moderately good,Tennessee,Non-voter
white,Yes,slightly conservative,an independent who leans Republican,attend church,58,man,not very,moderately good,Indiana,Trump
white,Yes,slightly conservative,a strong Republican,attend church,23,woman,somewhat,moderately good,Kansas,Non-voter
asian,Yes,,an independent who leans Democratic,attend church,26,man,somewhat,extremely good,Maryland,Clinton
hispanic,Yes,moderate,a strong Republican,do not attend church,62,woman,somewhat,extremely good,Colorado,Trump
hispanic,,slightly liberal,a strong democrat,do not attend church,45,man,,,Texas,Non-voter
white,Yes,extremely liberal,an independent,do not attend church,34,woman,very,a little good,Arkansas,Clinton
,Yes,slightly conservative,a strong Republican,attend church,29,woman,not very,moderately good,Oklahoma,Non-voter
white,No,,an independent who leans Republican,do not attend church,36,woman,not very,extremely good,Ohio,Non-voter
white,Yes,liberal,an independent who leans Democratic,do not attend church,25,man,somewhat,neither good nor bad,California,Non-voter
black,Yes,,a strong democrat,attend church,67,woman,somewhat,neither good nor bad,Texas,Clinton
,,slightly liberal,an independent who leans Democratic,attend church,36,man,,,New Hampshire,Non-voter
black,Yes,,an independent who leans Democratic,do not attend church,27,man,not at all,neither good nor bad,Minnesota,Non-voter
native American,Yes,slightly conservative,a strong Republican,attend church,24,man,very,extremely good,Indiana,Clinton
hispanic,Yes,slightly conservative,a weak Republican,do not attend church,52,man,somewhat,extremely good,Arkansas,Non-voter
white,Yes,slightly conservative,an independent who leans Democratic,do not attend church,23,woman,not at all,moderately good,Texas,Non-voter
white,No,slightly conservative,a weak Republican,attend church,27,woman,not very,extremely good,Michigan,Non-voter
black,Yes,liberal,an independent who leans Democratic,attend church,29,woman,somewhat,moderately good,North Carolina,Clinton
white,Yes,liberal,a strong democrat,do not attend church,90,woman,very,moderately good,Kansas,Clinton
,Yes,,an independent who leans Democratic,attend church,46,woman,very,a little good,Washington,Clinton
white,Yes,conservative,a weak Republican,attend church,81,man,somewhat,extremely good,New Jersey,Trump
hispanic,Yes,liberal,an independent who leans Democratic,attend church,68,man,somewhat,moderately good,California,Non-voter
,Yes,conservative,a strong Republican,do not attend church,39,man,very,extremely good,Pennsylvania,Trump
white,Yes,liberal,a weak Democrat,attend church,34,woman,somewhat,moderately good,California,Non-voter
white,Yes,slightly conservative,a weak Republican,attend church,19,man,somewhat,moderately good,Wisconsin,Non-voter
white,Yes,conservative,an independent who leans Republican,do not attend church,65,woman,somewhat,extremely good,North Carolina,Trump
black,No,,a weak Democrat,attend church,31,woman,not at all,neither good nor bad,Illinois,Non-voter
white,No,moderate,an independent who leans Republican,do not attend church,35,man,not at all,extremely good,Illinois,Non-voter
white,Yes,extremely conservative,a strong Republican,attend church,65,woman,somewhat,moderately good,Arkansas,Trump
hispanic,No,,an independent who leans Republican,do not attend church,22,man,not at all,neither good nor bad,California,Non-voter
white,Yes,extremely conservative,a strong Republican,attend church,45,man,somewhat,extremely good,Tennessee,Non-voter
white,No,moderate,an independent who leans Democratic,attend church,57,woman,not at all,a little good,Minnesota,Clinton
white,Yes,liberal,an independent who leans Democratic,attend church,43,man,very,extremely good,Massachusetts,Clinton
asian,Yes,extremely liberal,a weak Democrat,do not attend church,26,woman,very,neither good nor bad,,Clinton
white,No,moderate,a weak Democrat,attend church,47,woman,somewhat,extremely good,Minnesota,Trump
white,Yes,slightly liberal,a weak Republican,do not attend church,62,man,very,extremely good,California,Clinton
hispanic,Yes,liberal,a strong democrat,do not attend church,36,man,somewhat,extremely good,Maryland,Clinton
white,,liberal,a strong democrat,do not attend church,43,woman,,,Ohio,Non-voter
white,Yes,extremely liberal,a strong democrat,do not attend church,74,woman,somewhat,moderately good,Florida,Clinton
hispanic,Yes,,a strong democrat,attend church,54,woman,very,a little bad,Colorado,Non-voter
white,Yes,slightly conservative,an independent who leans Republican,attend church,45,man,very,moderately good,Oklahoma,Non-voter
white,Yes,conservative,a strong Republican,attend church,57,woman,very,extremely good,Ohio,Trump
white,Yes,moderate,an independent,do not attend church,30,man,not very,extremely good,Texas,Non-voter
native American,Yes,,an independent who leans Democratic,do not attend church,38,woman,not very,moderately good,Arizona,Clinton
white,Yes,extremely conservative,a strong Republican,attend church,60,man,very,extremely good,Connecticut,Trump
white,Yes,extremely liberal,a strong democrat,do not attend church,23,,very,neither good nor bad,New Hampshire,Clinton
white,No,moderate,a strong Republican,attend church,22,woman,somewhat,neither good nor bad,Tennessee,Non-voter
hispanic,No,,a weak Democrat,do not attend church,29,man,somewhat,extremely good,California,Clinton
black,Yes,slightly conservative,a strong democrat,attend church,60,woman,very,extremely bad,South Carolina,Clinton
white,Yes,,an independent who leans Republican,do not attend church,75,man,not very,moderately good,Ohio,Trump
white,,conservative,a strong Republican,attend church,,,,,Texas,Non-voter
native American,No,moderate,an independent,do not attend church,66,man,not at all,neither good nor bad,Colorado,Non-voter
white,Yes,extremely liberal,a weak Democrat,do not attend church,64,man,very,moderately good,Washington,Clinton
black,No,,an independent,attend church,32,woman,not at all,neither good nor bad,Texas,Non-voter
white,Yes,moderate,an independent who leans Republican,attend church,44,woman,somewhat,extremely good,New Hampshire,Trump
white,Yes,conservative,a strong Republican,attend church,49,woman,somewhat,extremely good,North Carolina,Trump
white,Yes,liberal,a weak Democrat,attend church,29,woman,somewhat,extremely good,,Clinton
white,Yes,,an independent who leans Republican,attend church,49,man,somewhat,extremely good,Michigan,Trump
black,Yes,liberal,a weak Democrat,attend church,39,man,not very,moderately good,Illinois,Non-voter
white,Yes,conservative,a weak Republican,attend church,62,man,not very,extremely good,Maryland,Trump
black,Yes,slightly liberal,a strong democrat,attend church,57,woman,very,neither good nor bad,North Carolina,Clinton
black,,,a strong democrat,attend church,24,man,,,Ohio,Non-voter
black,Yes,,a strong democrat,do not attend church,66,man,somewhat,neither good nor bad,Oklahoma,Clinton
white,Yes,slightly conservative,an independent,do not attend church,77,man,very,moderately good,Florida,Non-voter
white,Yes,moderate,a strong democrat,do not attend church,58,woman,somewhat,extremely good,Illinois,Trump
white,No,,an independent who leans Republican,do not attend church,31,man,not very,moderately good,Kansas,Non-voter
white,Yes,slightly conservative,a strong Republican,attend church,59,man,very,moderately good,Arizona,Non-voter
white,Yes,extremely conservative,an independent who leans Republican,attend church,59,woman,very,extremely good,Wisconsin,Trump
white,No,,an independent,attend church,23,woman,not very,neither good nor bad,New Hampshire,Non-voter
,Yes,moderate,an independent,attend church,56,man,very,extremely good,Michigan,Clinton
black,,moderate,a strong democrat,do not attend church,34,woman,,,New Jersey,Non-voter
white,Yes,conservative,an independent who leans Republican,attend church,44,man,very,extremely good,Idaho,Trump
white,Yes,slightly conservative,a weak Republican,attend church,24,woman,not very,moderately good,Ohio,Trump
hispanic,Yes,extremely conservative,an independent who leans Republican,attend church,24,man,somewhat,extremely good,Texas,Non-voter
black,Yes,moderate,a strong democrat,attend church,51,woman,very,extremely good,Illinois,Clinton
white,Yes,slightly conservative,an independent who leans Republican,attend church,62,man,very,extremely good,Idaho,Trump
white,Yes,moderate,an independent who leans Democratic,attend church,36,woman,somewhat,a little good,New Mexico,Clinton
white,Yes,,a weak Democrat,do not attend church,34,woman,not very,a little good,North Carolina,Clinton
white,Yes,,a strong democrat,do not attend church,51,man,very,neither good nor bad,Virginia,Clinton
white,Yes,slightly conservative,a weak Republican,attend church,53,woman,somewhat,extremely good,Kansas,Trump
white,Yes,slightly liberal,a weak Republican,attend church,58,woman,very,extremely good,Tennessee,Clinton
white,Yes,moderate,an independent,do not attend church,63,woman,somewhat,moderately good,Florida,Clinton
black,No,,an independent who leans Democratic,do not attend church,42,man,not very,extremely good,California,Non-voter
,Yes,extremely liberal,an independent who leans Republican,do not attend church,21,man,very,neither good nor bad,Texas,Non-voter
asian,No,liberal,a weak Democrat,attend church,76,woman,not very,extremely good,New York,Non-voter
white,Yes,,a weak Democrat,attend church,74,man,somewhat,neither good nor bad,Ohio,Trump
white,No,,an independent,attend church,38,woman,somewhat,extremely good,Arizona,Non-voter
,Yes,conservative,an independent who leans Republican,attend church,63,man,somewhat,neither good nor bad,Kansas,Trump
white,No,,an independent,attend church,67,woman,not at all,extremely good,Arkansas,Non-voter
asian,Yes,slightly conservative,a strong democrat,attend church,51,woman,very,extremely good,New Jersey,Non-voter
black,Yes,,a weak Democrat,attend church,53,man,somewhat,extremely good,New York,Clinton
white,,moderate,a strong democrat,do not attend church,84,man,,,California,Non-voter
,No,slightly conservative,a strong democrat,attend church,38,man,somewhat,extremely good,Georgia,Clinton
hispanic,Yes,liberal,a strong democrat,attend church,42,woman,somewhat,extremely good,California,Clinton
,,slightly liberal,an independent,do not attend church,45,woman,,,Arizona,Non-voter
hispanic,Yes,moderate,an independent who leans Republican,attend church,35,woman,not very,extremely good,California,Non-voter
white,Yes,slightly conservative,a weak Democrat,do not attend church,41,woman,somewhat,extremely good,Pennsylvania,Clinton
white,Yes,moderate,a strong democrat,attend church,51,woman,somewhat,extremely good,New Hampshire,Clinton
white,Yes,moderate,a strong Republican,attend church,60,woman,somewhat,extremely good,Texas,Trump
white,Yes,moderate,an independent,attend church,85,man,very,moderately good,Tennessee,Clinton
white,No,conservative,a weak Republican,attend church,56,man,somewhat,extremely good,Tennessee,Trump
hispanic,Yes,slightly liberal,a weak Democrat,attend church,28,man,somewhat,neither good nor bad,Massachusetts,Clinton
,No,moderate,an independent,attend church,56,man,somewhat,extremely good,California,Non-voter
white,Yes,moderate,a weak Democrat,do not attend church,52,woman,somewhat,extremely good,New Jersey,Trump
white,Yes,conservative,a weak Republican,attend church,79,man,somewhat,neither good nor bad,Tennessee,Trump
white,No,slightly liberal,a strong democrat,do not attend church,48,man,somewhat,extremely good,Kansas,Clinton
black,Yes,moderate,an independent who leans Democratic,attend church,62,man,very,neither good nor bad,North Carolina,Clinton
white,Yes,conservative,a strong Republican,do not attend church,65,woman,somewhat,extremely good,Arkansas,Trump
white,Yes,moderate,a weak Democrat,do not attend church,52,woman,somewhat,moderately good,Ohio,Clinton
white,Yes,conservative,a strong Republican,do not attend church,48,man,somewhat,extremely good,Minnesota,Trump
white,Yes,,a weak Democrat,attend church,87,woman,somewhat,moderately good,Massachusetts,Trump
white,No,moderate,an independent who leans Republican,do not attend church,75,man,somewhat,neither good nor bad,Oklahoma,Non-voter
white,Yes,slightly liberal,an independent who leans Republican,attend church,39,woman,somewhat,neither good nor bad,Idaho,Non-voter
black,Yes,,a weak Republican,attend church,22,man,somewhat,neither good nor bad,Illinois,Trump
white,Yes,moderate,an independent,do not attend church,29,woman,somewhat,neither good nor bad,Virginia,Non-voter
white,Yes,liberal,a strong democrat,attend church,81,man,very,neither good nor bad,Tennessee,Clinton
white,Yes,,,attend church,26,woman,not at all,neither good nor bad,Tennessee,Non-voter
white,Yes,slightly conservative,a strong democrat,attend church,34,man,very,extremely good,Massachusetts,Clinton
white,Yes,slightly conservative,an independent who leans Republican,attend church,54,woman,somewhat,extremely good,New Mexico,Non-voter
hispanic,,,an independent who leans Republican,do not attend church,33,man,,,Georgia,Non-voter
hispanic,Yes,,an independent who leans Democratic,do not attend church,72,woman,somewhat,neither good nor bad,Texas,Clinton
white,,conservative,an independent who leans Republican,do not attend church,70,man,,,Washington,Non-voter
white,Yes,moderate,a strong democrat,attend church,68,woman,somewhat,neither good nor bad,Arizona,Clinton
white,Yes,slightly liberal,a weak Democrat,do not attend church,53,man,very,extremely good,New York,Clinton
asian,Yes,,a strong democrat,attend church,35,woman,somewhat,a little bad,Washington,Clinton
hispanic,Yes,,a strong democrat,do not attend church,57,man,not at all,extremely good,California,Clinton
white,No,conservative,an independent who leans Republican,attend church,75,man,not very,extremely good,Tennessee,Trump
hispanic,Yes,moderate,a weak Republican,attend church,60,man,somewhat,a little good,California,Trump
white,Yes,conservative,a strong Republican,attend church,57,woman,very,extremely good,Texas,Trump
,Yes,conservative,an independent who leans Democratic,attend church,48,woman,somewhat,extremely good,Maryland,Non-voter
white,Yes,moderate,an independent who leans Republican,attend church,34,woman,somewhat,extremely good,Louisiana,Trump
white,Yes,conservative,a strong Republican,attend church,87,man,somewhat,extremely good,Kansas,Trump
white,Yes,moderate,a strong democrat,do not attend church,66,woman,somewhat,extremely good,Oklahoma,Trump
white,Yes,moderate,an independent who leans Democratic,attend church,36,woman,somewhat,moderately good,Massachusetts,Clinton
white,Yes,extremely liberal,an independent who leans Democratic,attend church,37,man,very,neither good nor bad,California,Clinton
hispanic,Yes,slightly liberal,a weak Democrat,do not attend church,49,man,somewhat,moderately good,Texas,Clinton
hispanic,Yes,,an independent who leans Republican,do not attend church,31,woman,somewhat,extremely good,California,Clinton
white,Yes,moderate,an independent who leans Republican,attend church,34,man,not very,extremely good,New Jersey,Non-voter
white,Yes,moderate,an independent who leans Democratic,attend church,34,woman,somewhat,neither good nor bad,Pennsylvania,Clinton
white,Yes,slightly liberal,an independent who leans Democratic,do not attend church,54,man,somewhat,extremely good,New Jersey,Trump
hispanic,No,,a strong Republican,attend church,35,man,somewhat,extremely good,Oklahoma,Trump
white,Yes,slightly conservative,a weak Republican,attend church,74,woman,not very,extremely good,Indiana,Non-voter
white,,,a strong Republican,do not attend church,72,man,,,Massachusetts,Non-voter
hispanic,Yes,liberal,an independent who leans Democratic,do not attend church,33,man,very,moderately good,Georgia,Non-voter
white,Yes,slightly liberal,an independent,attend church,60,woman,very,extremely good,Kansas,Non-voter
white,Yes,moderate,an independent who leans Republican,attend church,71,woman,not very,extremely good,New Hampshire,Trump
white,No,,an independent who leans Republican,attend church,82,woman,somewhat,extremely good,Illinois,Trump
asian,Yes,moderate,a weak Republican,attend church,35,woman,somewhat,moderately good,Washington,Trump
white,Yes,liberal,a strong democrat,do not attend church,59,woman,very,neither good nor bad,New York,Clinton
white,Yes,liberal,an independent who leans Democratic,attend church,80,woman,very,extremely good,Illinois,Non-voter
black,Yes,slightly conservative,a strong democrat,attend church,52,woman,somewhat,neither good nor bad,Washington,Clinton
hispanic,No,liberal,a strong democrat,do not attend church,31,woman,not very,neither good nor bad,California,Clinton
,No,conservative,a weak Republican,attend church,43,man,somewhat,moderately good,South Carolina,Trump
white,Yes,liberal,a strong democrat,attend church,51,man,very,extremely good,New Hampshire,Clinton
hispanic,Yes,,an independent,do not attend church,37,woman,not very,neither good nor bad,California,Non-voter
native American,Yes,,an independent,do not attend church,31,man,not very,neither good nor bad,Wisconsin,Non-voter
black,Yes,conservative,a weak Democrat,attend church,43,woman,not very,extremely good,Texas,Non-voter
white,Yes,,an independent,do not attend church,54,man,very,extremely good,Indiana,Trump
white,Yes,extremely liberal,a strong democrat,attend church,37,woman,very,a little good,,Clinton
white,,extremely conservative,a strong Republican,attend church,68,woman,,,Texas,Non-voter
hispanic,Yes,moderate,an independent who leans Democratic,attend church,67,man,very,moderately good,Indiana,Clinton
white,Yes,moderate,a weak Republican,attend church,50,man,not very,extremely good,Illinois,Trump
white,Yes,moderate,an independent who leans Democratic,attend church,64,man,not very,extremely good,Illinois,Non-voter
black,Yes,liberal,a weak Democrat,do not attend church,37,man,somewhat,neither good nor bad,Tennessee,Clinton
hispanic,Yes,moderate,an independent who leans Democratic,attend church,50,woman,somewhat,neither good nor bad,Florida,Clinton
white,Yes,extremely liberal,an independent who leans Democratic,do not attend church,74,man,very,neither good nor bad,Arkansas,Clinton
white,Yes,conservative,a strong Republican,attend church,53,man,somewhat,extremely good,Kansas,Trump
white,Yes,,a strong Republican,do not attend church,66,man,somewhat,extremely good,Florida,Trump
hispanic,No,moderate,an independent who leans Republican,do not attend church,47,man,somewhat,extremely good,California,Trump
,Yes,moderate,an independent,do not attend church,37,man,somewhat,moderately good,Maryland,Non-voter
white,Yes,conservative,an independent who leans Republican,attend church,38,man,somewhat,neither good nor bad,Illinois,Trump
hispanic,Yes,slightly conservative,an independent,attend church,30,man,somewhat,extremely good,Texas,Non-voter
white,,,a weak Democrat,attend church,68,man,,,Michigan,Non-voter
hispanic,Yes,slightly liberal,an independent who leans Republican,do not attend church,28,woman,somewhat,extremely good,Texas,Non-voter
white,Yes,moderate,an independent who leans Republican,attend church,31,man,very,moderately good,Mississippi,Trump
white,No,,a weak Republican,attend church,71,man,not at all,moderately good,South Carolina,Non-voter
white,Yes,moderate,a weak Democrat,attend church,30,woman,somewhat,extremely good,Indiana,Non-voter
white,Yes,slightly liberal,an independent who leans Democratic,do not attend church,57,,somewhat,moderately good,Maryland,Non-voter
black,Yes,slightly liberal,an independent who leans Democratic,attend church,30,man,somewhat,extremely good,Illinois,Clinton
white,Yes,conservative,a strong Republican,attend church,46,woman,somewhat,moderately good,Illinois,Trump
white,,,a strong Republican,attend church,59,woman,,,Tennessee,Non-voter
white,Yes,conservative,a strong Republican,attend church,68,woman,somewhat,extremely good,Georgia,Trump
white,Yes,conservative,a strong Republican,attend church,57,man,somewhat,extremely good,Texas,Trump
white,No,,a strong democrat,attend church,67,woman,somewhat,extremely good,Tennessee,Clinton
hispanic,No,moderate,a strong democrat,attend church,18,woman,somewhat,extremely good,Texas,Non-voter
hispanic,,moderate,an independent who leans Democratic,do not attend church,18,man,,,Texas,Non-voter
white,Yes,slightly liberal,a strong democrat,attend church,67,man,somewhat,moderately good,California,Clinton
black,No,extremely conservative,a strong democrat,do not attend church,40,man,not at all,neither good nor bad,New Jersey,Clinton
white,Yes,extremely liberal,a strong democrat,attend church,37,man,very,extremely good,California,Non-voter
white,Yes,slightly liberal,a weak Democrat,attend church,77,man,somewhat,moderately good,Kansas,Clinton
white,Yes,,an independent,do not attend church,56,woman,somewhat,extremely good,Pennsylvania,Clinton
white,Yes,conservative,an independent who leans Democratic,do not attend church,,woman,very,extremely good,Texas,Trump
native American,Yes,moderate,an independent who leans Republican,do not attend church,47,woman,very,extremely good,California,Trump
white,Yes,liberal,a strong democrat,do not attend church,75,woman,somewhat,extremely good,Maryland,Clinton
white,Yes,extremely liberal,a strong democrat,attend church,71,man,very,extremely good,Minnesota,Clinton
hispanic,Yes,moderate,an independent who leans Democratic,attend church,67,woman,very,extremely good,Idaho,Clinton
white,Yes,liberal,a weak Democrat,attend church,,man,very,moderately good,Massachusetts,Clinton
white,No,moderate,an independent who leans Republican,do not attend church,26,man,not at all,neither good nor bad,Illinois,Trump
white,Yes,moderate,a weak Republican,attend church,25,woman,not at all,moderately good,Wisconsin,Non-voter
white,,conservative,an independent who leans Republican,attend church,61,man,,,Washington,Non-voter
asian,Yes,slightly conservative,an independent who leans Republican,attend church,31,woman,very,extremely good,Massachusetts,Non-voter
white,Yes,liberal,a strong democrat,do not attend church,27,woman,very,neither good nor bad,Idaho,Clinton
black,Yes,conservative,an independent,attend church,38,woman,somewhat,moderately good,Illinois,Clinton
white,Yes,liberal,a strong democrat,do not attend church,39,woman,very,extremely good,,Clinton
white,Yes,conservative,a strong Republican,do not attend church,74,woman,very,extremely good,Ohio,Trump
white,No,moderate,a strong democrat,attend church,63,woman,somewhat,extremely good,Minnesota,Clinton
white,Yes,conservative,a weak Republican,attend church,18,woman,not very,extremely good,Mississippi,Trump
white,No,moderate,an independent who leans Democratic,attend church,65,man,not at all,moderately good,Arkansas,Trump
,Yes,slightly conservative,an independent who leans Republican,do not attend church,85,man,very,extremely good,New Hampshire,Non-voter
white,No,,an independent,attend church,53,woman,not very,moderately good,California,Non-voter
hispanic,Yes,slightly conservative,a strong Republican,attend church,66,man,somewhat,extremely good,California,Trump
black,Yes,moderate,a strong democrat,attend church,89,woman,somewhat,extremely good,North Carolina,Clinton
white,Yes,slightly conservative,a strong Republican,attend church,55,woman,somewhat,extremely good,Illinois,Trump
black,Yes,liberal,an independent who leans Democratic,do not attend church,47,woman,somewhat,moderately good,Connecticut,Clinton
black,No,,a weak Democrat,attend church,66,man,not very,extremely good,,Non-voter
white,Yes,,a weak Democrat,attend church,66,man,not very,moderately good,Colorado,Trump
hispanic,No,,an independent,attend church,51,woman,not very,neither good nor bad,Texas,Trump
white,Yes,,an independent,attend church,37,woman,somewhat,neither good nor bad,North Carolina,Trump
white,Yes,conservative,a strong Republican,attend church,83,woman,very,extremely good,Idaho,Trump
white,Yes,slightly conservative,an independent who leans Republican,attend church,23,man,somewhat,neither good nor bad,Colorado,Non-voter
white,Yes,,a strong Republican,attend church,22,woman,very,extremely good,Oklahoma,Trump
white,Yes,conservative,a strong Republican,attend church,42,woman,somewhat,extremely good,Massachusetts,Trump
black,Yes,,a strong democrat,attend church,27,woman,somewhat,a little good,Texas,Clinton
white,Yes,moderate,a strong democrat,attend church,79,woman,very,extremely good,Kansas,Clinton
white,Yes,extremely liberal,a strong democrat,do not attend church,30,woman,very,a little good,Colorado,Clinton
hispanic,Yes,slightly conservative,a weak Democrat,attend church,55,man,very,extremely good,Texas,Non-voter
black,Yes,extremely conservative,a strong democrat,attend church,22,woman,somewhat,neither good nor bad,South Carolina,Clinton
black,Yes,extremely conservative,a strong democrat,do not attend church,66,woman,very,extremely good,Texas,Clinton
white,Yes,slightly conservative,an independent who leans Republican,do not attend church,46,man,somewhat,moderately good,Idaho,Trump
hispanic,Yes,,an independent who leans Republican,do not attend church,36,man,not at all,a little good,Colorado,Non-voter
white,Yes,liberal,an independent who leans Democratic,do not attend church,29,man,very,extremely good,California,Non-voter
white,No,slightly conservative,a strong Republican,attend church,35,man,somewhat,extremely good,Michigan,Trump
,Yes,liberal,a weak Democrat,do not attend church,23,woman,not very,neither good nor bad,Arizona,Clinton
white,Yes,slightly conservative,a strong Republican,attend church,26,woman,not very,moderately good,Tennessee,Trump
white,Yes,moderate,an independent who leans Democratic,do not attend church,51,woman,somewhat,extremely good,Maryland,Clinton
white,Yes,conservative,a weak Republican,do not attend church,75,man,somewhat,moderately good,New Jersey,Trump
white,No,moderate,a strong Republican,attend church,56,woman,not very,extremely good,Virginia,Trump
white,No,slightly liberal,a strong democrat,attend church,67,woman,somewhat,extremely good,Colorado,Clinton
hispanic,Yes,,,attend church,37,woman,not very,neither good nor bad,Texas,Non-voter
white,Yes,,a weak Republican,attend church,49,man,somewhat,moderately good,Florida,Trump
white,Yes,extremely conservative,a strong Republican,do not attend church,61,woman,somewhat,moderately good,Florida,Trump
white,Yes,liberal,a strong democrat,do not attend church,75,,somewhat,neither good nor bad,New Hampshire,Clinton
white,Yes,liberal,,attend church,82,woman,somewhat,neither good nor bad,Florida,Non-voter
white,Yes,moderate,a strong Republican,attend church,25,man,not at all,extremely good,North Carolina,Trump
white,,extremely conservative,a strong democrat,do not attend church,40,woman,,,Tennessee,Non-voter
white,Yes,liberal,a strong democrat,attend church,45,woman,somewhat,a little good,Connecticut,Clinton
white,Yes,moderate,a weak Republican,attend church,74,man,somewhat,extremely good,Pennsylvania,Clinton
white,,slightly liberal,an independent,do not attend church,38,woman,,,Mississippi,Non-voter
white,Yes,extremely conservative,a strong Republican,attend church,61,woman,very,extremely good,Tennessee,Trump
white,Yes,conservative,a weak Republican,do not attend church,31,man,somewhat,neither good nor bad,Tennessee,Non-voter
white,,,an independent who leans Democratic,attend church,37,man,,,Kansas,Non-voter
white,Yes,moderate,a weak Republican,attend church,62,woman,somewhat,moderately good,Minnesota,Trump
white,Yes,conservative,a weak Republican,attend church,82,woman,somewhat,extremely good,Georgia,Trump
white,Yes,slightly liberal,a strong democrat,attend church,20,man,somewhat,moderately good,Idaho,Non-voter
white,No,moderate,an independent,attend church,61,woman,somewhat,extremely good,Maryland,Trump
white,,,a weak Republican,do not attend church,56,man,,,Illinois,Non-voter
asian,No,slightly conservative,a weak Democrat,do not attend church,47,man,not very,moderately good,Illinois,Clinton
white,Yes,,an independent who leans Democratic,do not attend church,54,man,somewhat,extremely good,Ohio,Non-voter
white,Yes,conservative,an independent,do not attend church,70,woman,somewhat,extremely good,Connecticut,Trump
white,No,,an independent who leans Democratic,do not attend church,28,woman,not very,extremely good,Ohio,Non-voter
hispanic,Yes,,a strong democrat,attend church,49,woman,somewhat,moderately good,Maryland,Clinton
white,No,slightly conservative,an independent who leans Republican,do not attend church,45,woman,not very,moderately good,California,Trump
white,Yes,,a strong democrat,attend church,60,man,somewhat,extremely good,Kansas,Clinton
white,Yes,slightly conservative,an independent who leans Republican,attend church,74,man,somewhat,extremely good,Louisiana,Trump
white,Yes,moderate,an independent who leans Democratic,attend church,33,man,very,moderately good,Tennessee,Clinton
white,Yes,,an independent,attend church,52,man,somewhat,extremely good,Illinois,Non-voter
white,Yes,,an independent who leans Democratic,do not attend church,31,man,somewhat,extremely good,South Carolina,Non-voter
white,Yes,slightly liberal,an independent,attend church,70,woman,not at all,extremely good,Indiana,Non-voter
white,,,an independent who leans Republican,attend church,26,woman,,,Tennessee,Non-voter
white,Yes,conservative,an independent who leans Republican,do not attend church,57,man,somewhat,extremely good,Minnesota,Trump
hispanic,Yes,slightly conservative,a weak Republican,attend church,60,woman,very,extremely good,Texas,Trump
white,Yes,slightly conservative,an independent who leans Republican,attend church,25,man,very,extremely good,California,Non-voter
white,Yes,extremely conservative,a strong Republican,attend church,74,man,somewhat,extremely good,Oklahoma,Trump
white,No,moderate,an independent who leans Republican,do not attend church,42,woman,somewhat,moderately good,Arkansas,Non-voter
white,Yes,moderate,a weak Republican,attend church,46,man,not very,extremely good,Virginia,Trump
black,Yes,moderate,a strong democrat,attend church,50,woman,very,extremely good,Maryland,Clinton
white,Yes,conservative,an independent who leans Republican,attend church,59,man,somewhat,extremely good,Texas,Trump
white,Yes,extremely conservative,an independent who leans Republican,attend church,56,man,not very,moderately good,Arkansas,Non-voter
white,No,,an independent,attend church,61,man,not very,extremely good,Kansas,Trump
hispanic,Yes,slightly liberal,a weak Democrat,attend church,34,woman,somewhat,neither good nor bad,New Jersey,Clinton
hispanic,Yes,moderate,an independent,do not attend church,55,man,somewhat,extremely good,Florida,Non-voter
hispanic,Yes,,an independent who leans Democratic,do not attend church,37,man,not very,moderately good,Colorado,Clinton
white,Yes,,a weak Republican,attend church,20,woman,somewhat,moderately good,Indiana,Trump
black,Yes,extremely liberal,a strong democrat,attend church,62,man,somewhat,neither good nor bad,North Carolina,Clinton
white,Yes,slightly conservative,an independent who leans Republican,do not attend church,26,man,very,moderately good,Arizona,Trump
white,No,slightly liberal,a weak Democrat,do not attend church,45,woman,somewhat,neither good nor bad,Texas,Non-voter
white,Yes,conservative,a strong Republican,attend church,50,man,somewhat,extremely good,Wisconsin,Trump
white,No,,an independent who leans Democratic,do not attend church,21,woman,somewhat,extremely good,Colorado,Non-voter
hispanic,No,slightly conservative,a weak Republican,attend church,52,man,not at all,extremely good,Virginia,Non-voter
white,,slightly conservative,a strong Republican,attend church,72,woman,,,Wisconsin,Non-voter
,,liberal,an independent who leans Democratic,do not attend church,35,man,,,New Hampshire,Non-voter
,Yes,extremely liberal,an independent who leans Democratic,do not attend church,56,man,somewhat,neither good nor bad,Arkansas,Clinton
white,Yes,moderate,a strong democrat,attend church,63,man,somewhat,extremely good,Pennsylvania,Clinton
white,Yes,extremely liberal,a strong democrat,do not attend church,85,woman,somewhat,moderately good,Colorado,Non-voter
hispanic,Yes,liberal,a weak Democrat,attend church,33,woman,somewhat,neither good nor bad,Minnesota,Non-voter
hispanic,Yes,conservative,a strong Republican,attend church,26,man,somewhat,moderately good,Texas,Trump
white,Yes,,a weak Democrat,do not attend church,80,woman,not very,extremely good,Kansas,Non-voter
white,Yes,moderate,a weak Republican,do not attend church,56,man,very,extremely good,California,Non-voter
white,Yes,conservative,a strong Republican,do not attend church,68,man,somewhat,extremely good,Indiana,Trump
white,Yes,conservative,a strong Republican,attend church,46,woman,not very,a little good,Michigan,Trump
hispanic,Yes,slightly liberal,an independent,do not attend church,42,woman,very,extremely good,Kansas,Clinton
white,Yes,liberal,a strong democrat,do not attend church,51,man,very,neither good nor bad,California,Clinton
white,Yes,,a strong Republican,attend church,20,man,very,extremely good,Ohio,Trump
white,Yes,slightly conservative,an independent who leans Republican,attend church,36,man,somewhat,moderately good,Pennsylvania,Trump
white,Yes,,an independent who leans Republican,attend church,28,woman,somewhat,extremely good,Mississippi,Non-voter
white,No,,an independent who leans Republican,attend church,47,woman,not very,extremely good,Mississippi,Non-voter
white,Yes,slightly liberal,an independent who leans Democratic,attend church,47,man,very,moderately good,Idaho,Clinton
white,No,moderate,an independent who leans Republican,do not attend church,37,man,not very,extremely good,Tennessee,Non-voter
white,Yes,slightly conservative,a weak Republican,do not attend church,51,man,not very,a little good,Pennsylvania,Trump
white,Yes,liberal,a strong democrat,attend church,68,woman,somewhat,neither good nor bad,California,Clinton
white,Yes,slightly conservative,a strong Republican,attend church,37,woman,somewhat,moderately good,North Carolina,Trump
black,Yes,extremely conservative,a strong democrat,attend church,53,woman,very,a little good,North Carolina,Clinton
white,Yes,slightly liberal,a weak Democrat,do not attend church,32,woman,somewhat,a little good,Wisconsin,Clinton
black,Yes,,an independent who leans Democratic,attend church,53,man,not at all,extremely good,North Carolina,Non-voter
white,Yes,moderate,a weak Democrat,attend church,67,man,very,moderately good,Massachusetts,Clinton
,Yes,extremely liberal,an independent who leans Democratic,do not attend church,65,woman,very,neither good nor bad,California,Clinton
white,Yes,conservative,an independent who leans Republican,do not attend church,,man,somewhat,extremely good,Massachusetts,Trump
white,Yes,conservative,a weak Republican,attend church,83,man,very,extremely good,New Mexico,Trump
hispanic,Yes,,a strong democrat,attend church,53,woman,somewhat,extremely good,Texas,Clinton
white,Yes,,an independent,do not attend church,41,woman,not very,extremely good,Kansas,Non-voter
white,Yes,,an independent who leans Democratic,attend church,36,woman,somewhat,extremely good,Oklahoma,Non-voter
hispanic,Yes,,an independent who leans Democratic,do not attend church,23,woman,somewhat,neither good nor bad,California,Non-voter
white,Yes,conservative,an independent who leans Republican,do not attend church,55,man,somewhat,moderately good,Texas,Non-voter
black,Yes,moderate,a strong democrat,attend church,54,woman,not very,neither good nor bad,Mississippi,Clinton
white,Yes,moderate,an independent who leans Democratic,do not attend church,47,man,not very,extremely good,Tennessee,Clinton
white,Yes,moderate,a strong democrat,attend church,80,man,very,moderately good,South Carolina,Clinton
white,Yes,,a weak Republican,do not attend church,59,woman,not very,extremely good,Ohio,Clinton
hispanic,Yes,liberal,a weak Democrat,attend church,23,man,not very,a little good,California,Non-voter
hispanic,Yes,conservative,a weak Republican,attend church,63,man,very,extremely good,Texas,Trump
white,Yes,conservative,a strong democrat,do not attend church,59,man,very,moderately good,Texas,Non-voter
white,No,moderate,a weak Republican,do not attend church,82,woman,not very,extremely good,Florida,Trump
white,Yes,slightly conservative,an independent who leans Republican,attend church,49,man,somewhat,extremely good,Washington,Trump
white,,,a weak Republican,do not attend church,25,woman,,,Tennessee,Non-voter
white,No,,a weak Democrat,attend church,76,woman,not very,extremely good,Illinois,Non-voter
white,Yes,liberal,a strong democrat,do not attend church,33,woman,somewhat,neither good nor bad,Connecticut,Clinton
white,Yes,conservative,a strong Republican,attend church,81,man,somewhat,extremely good,Arizona,Trump
black,No,slightly conservative,an independent,attend church,62,man,somewhat,extremely good,Kansas,Trump
white,Yes,,an independent,attend church,77,woman,not very,moderately good,Connecticut,Trump
white,Yes,liberal,a weak Democrat,attend church,64,man,very,extremely good,Oklahoma,Clinton
white,Yes,slightly conservative,a weak Republican,attend church,30,woman,somewhat,extremely good,California,Trump
white,Yes,conservative,a strong Republican,attend church,62,woman,very,extremely good,Washington,Trump
white,No,slightly conservative,a weak Democrat,,38,woman,not at all,moderately good,Idaho,Non-voter
white,Yes,moderate,an independent who leans Republican,attend church,45,woman,somewhat,extremely good,Massachusetts,Non-voter
native American,Yes,moderate,a strong democrat,do not attend church,76,woman,somewhat,extremely good,Oklahoma,Non-voter
white,Yes,,an independent who leans Republican,attend church,31,woman,somewhat,extremely good,Arizona,Trump
white,Yes,liberal,a strong democrat,do not attend church,42,woman,very,neither good nor bad,Idaho,Clinton
hispanic,Yes,liberal,a strong democrat,attend church,23,man,very,extremely good,Texas,Clinton
hispanic,Yes,moderate,an independent who leans Democratic,attend church,21,man,somewhat,neither good nor bad,California,Non-voter
hispanic,Yes,liberal,an independent who leans Democratic,do not attend church,44,man,somewhat,a little good,Massachusetts,Clinton
hispanic,Yes,slightly conservative,a weak Republican,do not attend church,51,woman,very,moderately good,Connecticut,Trump
white,Yes,liberal,an independent who leans Democratic,do not attend church,59,woman,very,moderately good,Massachusetts,Clinton
white,Yes,moderate,an independent,attend church,81,woman,somewhat,extremely good,Wisconsin,Trump
asian,Yes,moderate,a strong Republican,do not attend church,77,man,somewhat,extremely good,Illinois,Non-voter
white,No,,a weak Democrat,do not attend church,68,woman,not at all,neither good nor bad,Washington,Clinton
white,Yes,,an independent,do not attend church,32,man,somewhat,neither good nor bad,Oklahoma,Non-voter
white,Yes,liberal,a strong democrat,do not attend church,65,man,not very,extremely good,New York,Clinton
white,,conservative,an independent,do not attend church,49,woman,,,Kansas,Non-voter
white,No,,an independent who leans Republican,do not attend church,85,man,somewhat,extremely good,California,Trump
hispanic,Yes,conservative,a weak Republican,attend church,56,man,not at all,extremely good,Maryland,Non-voter
white,Yes,liberal,a strong democrat,attend church,58,man,very,moderately good,Maryland,Clinton
white,Yes,,a strong democrat,do not attend church,50,woman,somewhat,extremely good,Illinois,Trump
white,Yes,liberal,a weak Democrat,attend church,37,man,not very,neither good nor bad,Illinois,Clinton
white,Yes,liberal,a strong democrat,do not attend church,69,woman,somewhat,extremely good,California,Clinton
white,Yes,,a weak Democrat,attend church,66,man,not very,extremely good,Illinois,Clinton
white,,slightly conservative,a weak Republican,do not attend church,53,man,,,Wisconsin,Non-voter
white,Yes,slightly conservative,a weak Republican,attend church,46,woman,very,extremely good,Georgia,Trump
white,Yes,moderate,a weak Republican,attend church,53,man,somewhat,extremely good,Wisconsin,Clinton
white,Yes,moderate,an independent,attend church,46,woman,somewhat,extremely good,Tennessee,Trump
white,Yes,liberal,a weak Democrat,do not attend church,37,woman,somewhat,neither good nor bad,California,Clinton
hispanic,Yes,,an independent who leans Democratic,attend church,18,man,very,extremely good,North Carolina,Non-voter
black,Yes,,a strong democrat,attend church,67,woman,not very,extremely good,California,Clinton
white,Yes,slightly liberal,a weak Democrat,do not attend church,28,woman,very,moderately good,Michigan,Non-voter
white,Yes,conservative,a strong Republican,do not attend church,65,woman,somewhat,extremely good,Illinois,Trump
black,No,moderate,a weak Democrat,attend church,45,man,somewhat,extremely good,Tennessee,Clinton
white,Yes,slightly conservative,a strong Republican,do not attend church,18,man,not very,extremely good,New Jersey,Non-voter
white,Yes,slightly conservative,a weak Republican,attend church,33,man,somewhat,extremely good,Ohio,Trump
hispanic,Yes,slightly conservative,a weak Republican,do not attend church,24,man,somewhat,moderately good,Texas,Clinton
white,Yes,extremely conservative,an independent who leans Republican,attend church,29,man,very,extremely good,Idaho,Trump
white,Yes,liberal,a weak Democrat,do not attend church,49,man,somewhat,neither good nor bad,,Clinton
white,No,,a weak Democrat,do not attend church,82,woman,somewhat,moderately good,Kansas,Non-voter
white,Yes,conservative,an independent,attend church,32,woman,somewhat,moderately good,Oklahoma,Non-voter
white,Yes,conservative,a weak Republican,do not attend church,47,man,not at all,extremely good,Tennessee,Trump
white,No,,an independent who leans Republican,attend church,53,woman,somewhat,extremely good,Arkansas,Trump
white,Yes,,an independent,do not attend church,19,woman,not at all,extremely good,Ohio,Non-voter
black,No,,a strong democrat,attend church,47,woman,not very,extremely good,Pennsylvania,Clinton
white,Yes,extremely liberal,a strong democrat,attend church,71,woman,very,neither good nor bad,Illinois,Clinton
,No,,an independent,attend church,57,man,not at all,moderately good,Michigan,Non-voter
white,Yes,conservative,an independent who leans Republican,attend church,64,man,somewhat,neither good nor bad,Mississippi,Non-voter
asian,Yes,slightly liberal,an independent who leans Democratic,do not attend church,59,woman,very,neither good nor bad,Colorado,Clinton
white,No,moderate,an independent who leans Democratic,attend church,71,,not very,extremely good,Tennessee,Non-voter
white,No,,,do not attend church,48,woman,not at all,extremely good,New Hampshire,Non-voter
hispanic,No,,an independent,do not attend church,47,woman,not at all,neither good nor bad,California,Non-voter
,Yes,extremely liberal,a strong democrat,do not attend church,,woman,somewhat,neither good nor bad,California,Non-voter
white,,,an independent,do not attend church,61,man,,,Texas,Non-voter
white,Yes,moderate,a weak Democrat,do not attend church,61,,not very,extremely good,Arizona,Non-voter
,Yes,liberal,an independent who leans Democratic,attend church,58,woman,somewhat,extremely good,Arizona,Non-voter
hispanic,No,moderate,an independent who leans Democratic,do not attend church,36,man,not very,extremely good,California,Non-voter
black,No,moderate,an independent who leans Republican,attend church,19,man,not at all,moderately good,Louisiana,Trump
white,Yes,extremely conservative,a strong Republican,attend church,47,woman,very,extremely good,Florida,Trump
white,Yes,extremely conservative,a strong Republican,attend church,31,woman,very,moderately good,Maryland,Trump
black,No,,a strong democrat,attend church,72,woman,somewhat,neither good nor bad,Louisiana,Clinton
white,No,moderate,a weak Democrat,attend church,54,woman,not at all,extremely good,Kansas,Non-voter
white,No,,an independent,do not attend church,70,man,not at all,neither good nor bad,Texas,Non-voter
white,Yes,,,attend church,21,woman,not very,extremely good,Indiana,Non-voter
white,Yes,,an independent who leans Democratic,attend church,,woman,somewhat,moderately good,Massachusetts,Clinton
,No,,a weak Republican,attend church,24,woman,somewhat,moderately good,North Carolina,Non-voter
white,No,moderate,a strong Republican,do not attend church,90,woman,somewhat,moderately good,Michigan,Trump
white,No,conservative,a weak Republican,attend church,38,woman,not very,moderately good,Minnesota,Trump
white,,slightly conservative,an independent who leans Republican,do not attend church,47,woman,,,Illinois,Non-voter
black,,,,attend church,43,woman,,,Illinois,Non-voter
white,Yes,,an independent,do not attend church,43,woman,somewhat,extremely good,Tennessee,Non-voter
white,Yes,slightly liberal,an independent who leans Democratic,do not attend church,20,man,very,neither good nor bad,New York,Clinton
white,Yes,slightly liberal,an independent who leans Democratic,do not attend church,24,man,somewhat,moderately good,Ohio,Clinton
white,Yes,liberal,a strong democrat,attend church,80,woman,very,moderately good,Kansas,Clinton
white,Yes,conservative,a weak Republican,attend church,64,man,somewhat,extremely good,Kansas,Trump
white,Yes,conservative,a strong Republican,attend church,68,woman,very,extremely good,Texas,Trump
hispanic,No,slightly conservative,an independent,do not attend church,35,man,somewhat,neither good nor bad,California,Non-voter
white,Yes,slightly liberal,a strong democrat,attend church,46,man,very,extremely good,North Carolina,Clinton
white,No,,an independent,do not attend church,33,man,not at all,moderately good,Wisconsin,Non-voter
white,Yes,conservative,a strong Republican,attend church,73,man,very,extremely good,Arizona,Trump
white,Yes,conservative,an independent who leans Republican,do not attend church,70,man,very,extremely good,Kansas,Clinton
hispanic,Yes,,a strong democrat,attend church,53,woman,somewhat,neither good nor bad,New Jersey,Clinton
black,No,,a strong democrat,do not attend church,37,woman,somewhat,neither good nor bad,,Non-voter
white,Yes,,a weak Democrat,do not attend church,79,woman,not very,moderately good,California,Trump
white,,conservative,a strong Republican,attend church,42,woman,,,New Hampshire,Non-voter
white,No,moderate,an independent who leans Republican,do not attend church,60,man,not very,extremely good,Michigan,Trump
white,Yes,moderate,a weak Democrat,do not attend church,76,man,not very,extremely good,New York,Clinton
hispanic,Yes,,a strong democrat,attend church,70,man,somewhat,extremely good,Colorado,Clinton
white,,conservative,a strong Republican,attend church,66,woman,,,Wisconsin,Non-voter
white,Yes,slightly conservative,an independent who leans Republican,attend church,72,woman,somewhat,moderately good,California,Trump
white,Yes,,a weak Republican,attend church,50,woman,not at all,extremely good,Kansas,Non-voter
hispanic,Yes,,an independent who leans Republican,do not attend church,34,woman,somewhat,a little bad,Connecticut,Non-voter
white,Yes,conservative,a strong Republican,attend church,46,woman,very,extremely good,Kansas,Trump
white,No,conservative,a strong Republican,attend church,68,man,somewhat,moderately good,Arkansas,Trump
black,Yes,liberal,a strong democrat,attend church,25,woman,somewhat,neither good nor bad,Ohio,Clinton
white,No,slightly conservative,an independent,attend church,71,man,not very,extremely good,Georgia,Trump
white,Yes,moderate,a weak Democrat,attend church,37,woman,somewhat,extremely good,New Mexico,Clinton
white,Yes,,an independent who leans Democratic,attend church,50,man,somewhat,extremely good,Tennessee,Non-voter
hispanic,Yes,,an independent who leans Democratic,attend church,37,man,not very,extremely good,New Mexico,Non-voter
native American,Yes,slightly liberal,a weak Democrat,attend church,41,woman,somewhat,neither good nor bad,Tennessee,Clinton
hispanic,Yes,,a weak Democrat,attend church,20,woman,somewhat,extremely bad,Georgia,Non-voter
hispanic,Yes,,an independent,do not attend church,32,man,somewhat,extremely good,Maryland,Non-voter
white,Yes,slightly conservative,a weak Republican,attend church,59,woman,not very,extremely good,Kansas,Trump
white,Yes,extremely liberal,an independent who leans Democratic,do not attend church,23,man,very,extremely bad,Idaho,Clinton
white,Yes,moderate,an independent who leans Republican,do not attend church,62,man,very,extremely good,California,Trump
black,Yes,,a strong democrat,attend church,41,woman,somewhat,a little good,Mississippi,Clinton
white,Yes,extremely liberal,an independent who leans Democratic,do not attend church,74,woman,very,neither good nor bad,California,Clinton
hispanic,Yes,extremely conservative,an independent who leans Republican,do not attend church,,woman,somewhat,neither good nor bad,Texas,Trump
white,Yes,conservative,a strong Republican,attend church,40,man,somewhat,extremely good,Illinois,Trump
white,Yes,slightly conservative,an independent who leans Democratic,attend church,,woman,somewhat,extremely good,Idaho,Clinton
white,Yes,extremely conservative,a strong Republican,attend church,30,woman,somewhat,extremely good,Tennessee,Trump
white,Yes,slightly conservative,a weak Republican,do not attend church,31,man,not very,moderately good,Texas,Non-voter
white,Yes,moderate,an independent who leans Republican,do not attend church,34,man,very,extremely good,Connecticut,Non-voter
hispanic,Yes,moderate,a weak Republican,attend church,58,man,somewhat,extremely good,Texas,Trump
white,Yes,liberal,a strong democrat,do not attend church,68,woman,very,moderately good,Wisconsin,Clinton
white,Yes,slightly conservative,a weak Republican,attend church,32,man,somewhat,a little good,Illinois,Trump
hispanic,Yes,,an independent,attend church,,man,somewhat,neither good nor bad,California,Non-voter
white,No,slightly conservative,a strong democrat,attend church,78,woman,very,extremely good,Pennsylvania,Clinton
black,Yes,moderate,an independent who leans Democratic,attend church,45,man,somewhat,extremely good,Maryland,Clinton
white,No,moderate,an independent who leans Democratic,attend church,46,woman,not very,moderately good,Tennessee,Clinton
black,Yes,moderate,a strong democrat,attend church,44,woman,somewhat,neither good nor bad,New Jersey,Clinton
white,Yes,slightly liberal,an independent who leans Democratic,attend church,25,man,somewhat,extremely good,Texas,Clinton
white,Yes,extremely liberal,an independent who leans Democratic,do not attend church,34,woman,somewhat,neither good nor bad,Mississippi,Clinton
white,Yes,extremely liberal,a strong Republican,do not attend church,67,man,very,extremely good,Illinois,Non-voter
hispanic,,,a weak Democrat,attend church,59,woman,,,Texas,Non-voter
,Yes,extremely liberal,an independent who leans Democratic,do not attend church,28,man,very,neither good nor bad,Massachusetts,Clinton
black,Yes,,,attend church,55,woman,very,moderately good,Indiana,Non-voter
white,No,slightly liberal,a weak Republican,do not attend church,33,man,somewhat,extremely good,Illinois,Non-voter
hispanic,Yes,slightly conservative,a weak Republican,attend church,44,man,somewhat,moderately good,Texas,Non-voter
,Yes,slightly liberal,an independent who leans Democratic,do not attend church,,woman,somewhat,neither good nor bad,New York,Clinton
white,Yes,slightly conservative,an independent who leans Republican,do not attend church,37,man,somewhat,extremely good,Georgia,Trump
white,Yes,extremely conservative,a strong Republican,attend church,68,man,very,extremely good,Connecticut,Trump
white,No,,a strong Republican,attend church,74,woman,very,extremely good,Illinois,Trump
hispanic,Yes,slightly liberal,a strong democrat,attend church,36,woman,somewhat,extremely good,California,Clinton
white,,moderate,an independent who leans Democratic,do not attend church,52,man,,,New Jersey,Non-voter
hispanic,Yes,conservative,a strong Republican,do not attend church,24,man,somewhat,extremely good,North Carolina,Trump
white,Yes,slightly conservative,an independent who leans Democratic,attend church,33,woman,somewhat,extremely good,Minnesota,Non-voter
white,Yes,,a strong democrat,attend church,62,man,somewhat,a little good,Illinois,Clinton
white,Yes,moderate,a weak Democrat,attend church,73,man,very,moderately good,California,Clinton
white,Yes,slightly liberal,a weak Democrat,attend church,18,woman,not very,moderately good,Kansas,Clinton
white,Yes,liberal,a strong democrat,attend church,53,woman,very,extremely good,Wisconsin,Clinton
white,Yes,extremely conservative,an independent who leans Republican,do not attend church,33,man,very,neither good nor bad,Pennsylvania,Trump
white,,conservative,,attend church,61,man,,,Texas,Non-voter
white,No,,an independent who leans Democratic,attend church,79,man,not very,extremely good,North Carolina,Trump
white,Yes,liberal,a strong democrat,do not attend church,68,woman,not very,moderately good,New Hampshire,Clinton
white,Yes,moderate,a weak Republican,attend church,29,woman,somewhat,moderately good,Oklahoma,Trump
white,,moderate,an independent who leans Democratic,attend church,80,woman,,,Illinois,Non-voter
white,,extremely conservative,a strong Republican,attend church,72,woman,,,California,Non-voter
white,No,,a weak Democrat,do not attend church,40,woman,not very,extremely good,Michigan,Clinton
white,,,an independent who leans Republican,attend church,25,man,,,Mississippi,Non-voter
white,No,,,do not attend church,46,woman,not very,extremely good,North Carolina,Non-voter
black,Yes,conservative,a strong democrat,attend church,60,,somewhat,neither good nor bad,Mississippi,Clinton
white,Yes,moderate,a strong Republican,attend church,49,woman,somewhat,extremely good,Kansas,Trump
white,Yes,moderate,an independent who leans Republican,attend church,33,woman,somewhat,moderately good,New Hampshire,Clinton
hispanic,Yes,,,do not attend church,38,woman,somewhat,neither good nor bad,Texas,Clinton
black,No,moderate,an independent who leans Democratic,attend church,89,woman,not very,neither good nor bad,Massachusetts,Clinton
white,Yes,liberal,an independent who leans Democratic,do not attend church,69,woman,somewhat,extremely good,Massachusetts,Clinton
white,,slightly liberal,a weak Democrat,do not attend church,28,man,,,Massachusetts,Non-voter
white,Yes,extremely conservative,a strong Republican,attend church,52,man,not very,extremely good,Tennessee,Trump
white,Yes,slightly conservative,a weak Republican,attend church,45,man,somewhat,moderately good,Tennessee,Trump
hispanic,,,an independent,attend church,19,man,,,Kansas,Non-voter
white,Yes,slightly conservative,a weak Republican,attend church,44,man,somewhat,extremely good,Arizona,Non-voter
hispanic,,,a strong Republican,do not attend church,32,man,,,Arkansas,Non-voter
white,Yes,,a strong Republican,attend church,80,man,somewhat,extremely good,Tennessee,Non-voter
white,Yes,,an independent,attend church,56,woman,somewhat,extremely good,Indiana,Non-voter
white,Yes,liberal,a weak Democrat,attend church,36,woman,very,neither good nor bad,Colorado,Clinton
hispanic,Yes,moderate,a weak Democrat,do not attend church,18,man,somewhat,a little good,Arkansas,Clinton
white,Yes,conservative,a strong Republican,attend church,71,woman,somewhat,extremely good,Florida,Trump
hispanic,No,slightly liberal,an independent,attend church,35,woman,somewhat,extremely good,Colorado,Clinton
white,Yes,slightly liberal,an independent,do not attend church,29,man,somewhat,moderately good,North Carolina,Non-voter
black,Yes,conservative,a strong democrat,attend church,40,man,very,neither good nor bad,Texas,Clinton
white,Yes,moderate,a weak Republican,attend church,56,man,somewhat,extremely good,New Jersey,Trump
white,No,conservative,a strong Republican,attend church,18,man,not very,extremely good,Louisiana,Non-voter
white,Yes,conservative,a weak Republican,attend church,22,man,somewhat,extremely good,Louisiana,Trump
white,Yes,conservative,an independent who leans Republican,attend church,66,woman,somewhat,extremely good,Massachusetts,Trump
white,No,extremely conservative,an independent who leans Republican,attend church,70,woman,very,extremely good,Tennessee,Trump
white,Yes,liberal,a weak Democrat,do not attend church,26,woman,not very,moderately good,,Clinton
hispanic,No,,a weak Democrat,attend church,55,woman,not at all,extremely good,New Mexico,Non-voter
hispanic,No,,an independent who leans Republican,attend church,37,woman,not at all,extremely good,California,Non-voter
white,No,conservative,a strong Republican,do not attend church,54,woman,somewhat,extremely good,Florida,Trump
white,Yes,conservative,a strong Republican,attend church,64,woman,somewhat,moderately good,New Mexico,Trump
white,,slightly conservative,a strong Republican,attend church,90,woman,,,Illinois,Non-voter
black,No,,a weak Democrat,do not attend church,20,man,not at all,extremely good,North Carolina,Non-voter
white,Yes,liberal,a strong democrat,attend church,49,man,very,moderately good,Maryland,Clinton
,No,,a strong Republican,attend church,55,man,not very,extremely good,Tennessee,Trump
white,Yes,moderate,an independent who leans Democratic,attend church,20,man,somewhat,moderately good,Colorado,Non-voter
white,Yes,conservative,an independent who leans Republican,attend church,67,man,very,moderately good,Idaho,Trump
black,Yes,liberal,a weak Democrat,attend church,29,man,not at all,moderately good,Maryland,Clinton
white,,,a strong democrat,do not attend church,55,woman,,,New Hampshire,Non-voter
white,Yes,slightly conservative,a strong Republican,do not attend church,54,man,not very,extremely good,Virginia,Non-voter
black,,slightly conservative,an independent,attend church,54,man,,,New York,Non-voter
white,Yes,,an independent who leans Democratic,attend church,38,man,not very,extremely good,Tennessee,Non-voter
white,Yes,slightly conservative,a weak Republican,attend church,24,man,not very,extremely good,Virginia,Non-voter
,Yes,moderate,an independent,do not attend church,53,man,somewhat,extremely good,Washington,Non-voter
white,Yes,slightly conservative,a strong Republican,attend church,64,woman,very,extremely good,New Mexico,Trump
hispanic,,conservative,an independent,attend church,42,man,,,Texas,Non-voter
white,Yes,slightly conservative,an independent who leans Democratic,do not attend church,24,man,somewhat,extremely good,Georgia,Non-voter
white,Yes,slightly conservative,an independent who leans Democratic,attend church,68,woman,somewhat,extremely good,,Non-voter
white,Yes,liberal,an independent who leans Democratic,do not attend church,45,man,somewhat,moderately good,Idaho,Non-voter
white,Yes,moderate,a weak Republican,attend church,34,woman,somewhat,extremely good,Idaho,Trump
white,Yes,,an independent,attend church,37,woman,not at all,extremely good,Kansas,Non-voter
black,Yes,moderate,a strong democrat,attend church,72,woman,somewhat,extremely good,North Carolina,Clinton
white,Yes,liberal,a strong democrat,attend church,71,woman,somewhat,extremely good,Tennessee,Clinton
white,Yes,extremely conservative,an independent who leans Republican,attend church,75,man,very,extremely good,Tennessee,Trump
white,Yes,moderate,an independent who leans Republican,attend church,23,man,somewhat,extremely good,Indiana,Trump
white,No,slightly conservative,an independent,do not attend church,53,man,somewhat,neither good nor bad,Illinois,Trump
black,Yes,liberal,a weak Democrat,attend church,56,woman,somewhat,moderately good,Georgia,Clinton
hispanic,Yes,liberal,a strong democrat,do not attend church,21,woman,very,neither good nor bad,California,Clinton
white,Yes,slightly conservative,an independent who leans Republican,do not attend church,53,woman,somewhat,extremely good,Pennsylvania,Trump
white,,slightly conservative,an independent who leans Republican,attend church,46,man,,,Louisiana,Non-voter
hispanic,Yes,slightly liberal,a strong democrat,do not attend church,57,woman,somewhat,extremely good,Arizona,Clinton
white,Yes,conservative,a strong Republican,attend church,24,woman,somewhat,moderately good,Colorado,Trump
white,No,,a strong democrat,attend church,85,man,somewhat,moderately good,Massachusetts,Clinton
white,No,,a strong Republican,attend church,56,woman,not at all,extremely good,Mississippi,Trump
white,Yes,slightly conservative,a weak Republican,attend church,38,man,somewhat,extremely good,Illinois,Trump
black,Yes,moderate,a weak Democrat,attend church,38,woman,somewhat,moderately good,Texas,Clinton
white,No,,an independent,attend church,30,woman,not at all,extremely good,Tennessee,Non-voter
white,No,,an independent,do not attend church,58,woman,not very,extremely good,New Hampshire,Non-voter
white,Yes,extremely liberal,a strong democrat,attend church,41,woman,somewhat,extremely good,Massachusetts,Clinton
black,Yes,,a strong democrat,attend church,50,man,somewhat,a little good,Virginia,Clinton
white,Yes,slightly liberal,an independent,attend church,31,woman,not very,moderately good,Texas,Non-voter
white,Yes,liberal,a strong democrat,do not attend church,44,woman,very,moderately good,North Carolina,Clinton
white,Yes,liberal,a weak Democrat,do not attend church,27,woman,not very,moderately bad,California,Clinton
black,Yes,liberal,an independent,do not attend church,41,woman,very,neither good nor bad,,Non-voter
black,,,a strong democrat,attend church,50,woman,,,New York,Non-voter
white,Yes,moderate,an independent,do not attend church,68,man,very,extremely good,Louisiana,Trump
white,Yes,conservative,an independent who leans Republican,attend church,71,man,somewhat,extremely good,North Carolina,Trump
white,Yes,,an independent who leans Republican,attend church,67,woman,not at all,extremely good,Illinois,Trump
hispanic,Yes,moderate,an independent who leans Democratic,do not attend church,25,woman,not very,moderately good,Texas,Non-voter
white,Yes,slightly liberal,an independent who leans Democratic,do not attend church,38,,somewhat,neither good nor bad,Florida,Clinton
white,Yes,liberal,a strong democrat,do not attend church,81,man,very,extremely good,California,Clinton
white,Yes,liberal,a strong democrat,do not attend church,64,man,very,neither good nor bad,California,Clinton
,Yes,slightly liberal,,attend church,70,man,somewhat,moderately good,Virginia,Clinton
white,Yes,conservative,a weak Republican,attend church,68,man,very,moderately good,Georgia,Trump
black,,,a strong democrat,attend church,29,woman,,,North Carolina,Non-voter
white,Yes,extremely liberal,an independent who leans Democratic,do not attend church,59,woman,very,extremely good,Maryland,Clinton
white,Yes,,a weak Republican,attend church,25,man,not very,extremely good,Ohio,Trump
asian,,slightly conservative,a weak Republican,do not attend church,34,man,,,Illinois,Non-voter
,,extremely liberal,a strong democrat,attend church,52,woman,,,California,Non-voter
hispanic,No,slightly conservative,a weak Democrat,attend church,48,man,somewhat,neither good nor bad,New Mexico,Non-voter
white,Yes,slightly conservative,a weak Republican,attend church,28,man,very,extremely good,Massachusetts,Non-voter
white,Yes,extremely liberal,a strong democrat,attend church,37,man,somewhat,moderately good,Maryland,Clinton
white,Yes,slightly liberal,a weak Republican,do not attend church,50,woman,somewhat,extremely good,Texas,Trump
white,Yes,,a weak Republican,attend church,90,woman,not at all,extremely good,Kansas,Trump
white,Yes,moderate,an independent who leans Republican,attend church,76,woman,somewhat,extremely good,Colorado,Trump
asian,,slightly conservative,a weak Republican,attend church,36,woman,,,Illinois,Non-voter
white,Yes,conservative,an independent who leans Republican,attend church,19,woman,somewhat,extremely good,Connecticut,Trump
white,Yes,conservative,a strong Republican,attend church,61,woman,very,extremely good,Tennessee,Trump
white,Yes,moderate,a strong democrat,attend church,52,woman,very,neither good nor bad,,Clinton
white,,,an independent who leans Republican,attend church,41,man,,,North Carolina,Non-voter
white,No,conservative,a strong Republican,attend church,28,man,somewhat,moderately good,Arkansas,Non-voter
white,Yes,liberal,a strong democrat,do not attend church,66,woman,somewhat,moderately bad,California,Clinton
white,No,,an independent,attend church,51,man,somewhat,extremely good,California,Clinton
white,Yes,,an independent,do not attend church,26,man,not very,neither good nor bad,Virginia,Non-voter
white,No,,a weak Republican,attend church,56,man,not very,extremely good,California,Clinton
hispanic,Yes,liberal,a strong democrat,do not attend church,20,woman,not very,extremely good,California,Clinton
white,No,,an independent who leans Democratic,do not attend church,26,woman,somewhat,moderately good,Texas,Trump
white,Yes,,a strong democrat,do not attend church,41,man,somewhat,extremely good,North Carolina,Clinton
white,Yes,liberal,a strong democrat,do not attend church,25,man,very,extremely good,North Carolina,Clinton
white,Yes,conservative,a strong Republican,attend church,60,woman,somewhat,extremely good,Texas,Trump
white,Yes,slightly conservative,a strong democrat,do not attend church,64,woman,very,extremely good,Colorado,Clinton
white,Yes,,an independent,do not attend church,49,woman,not at all,extremely good,Pennsylvania,Non-voter
black,Yes,moderate,a weak Democrat,do not attend church,36,woman,somewhat,neither good nor bad,Nevada,Clinton
,No,moderate,an independent,attend church,62,man,somewhat,extremely good,North Carolina,Trump
white,Yes,conservative,a strong Republican,attend church,59,man,very,extremely good,Maryland,Trump
white,Yes,conservative,an independent who leans Republican,attend church,55,woman,very,extremely good,Texas,Trump
white,Yes,slightly liberal,an independent who leans Republican,attend church,34,woman,somewhat,extremely good,Arkansas,Trump
white,Yes,slightly conservative,an independent who leans Republican,do not attend church,59,man,somewhat,neither good nor bad,Texas,Trump
black,,,a strong democrat,attend church,34,man,,,New York,Non-voter
white,Yes,moderate,a strong democrat,do not attend church,63,woman,somewhat,neither good nor bad,West Virginia,Non-voter
white,Yes,conservative,a strong Republican,attend church,45,man,somewhat,extremely good,California,Trump
,,slightly conservative,an independent who leans Republican,attend church,55,man,,,North Carolina,Non-voter
white,Yes,conservative,a strong Republican,attend church,57,woman,not very,moderately good,Michigan,Trump
black,Yes,,an independent,attend church,21,woman,not very,moderately good,South Carolina,Clinton
white,Yes,moderate,an independent who leans Democratic,do not attend church,58,man,very,extremely good,Ohio,Clinton
white,Yes,liberal,a strong Republican,do not attend church,25,man,somewhat,a little good,New Jersey,Clinton
white,Yes,,a strong democrat,attend church,52,woman,somewhat,extremely good,Georgia,Non-voter
black,Yes,liberal,a strong democrat,attend church,65,woman,very,moderately good,Tennessee,Clinton
white,Yes,conservative,a strong Republican,attend church,57,man,not very,extremely good,North Carolina,Trump
white,Yes,conservative,an independent who leans Republican,attend church,69,man,very,extremely good,California,Trump
white,Yes,,a strong democrat,do not attend church,22,woman,somewhat,moderately good,California,Trump
white,Yes,slightly conservative,an independent who leans Republican,attend church,54,man,somewhat,extremely good,Arizona,Trump
white,Yes,slightly liberal,an independent who leans Democratic,attend church,55,woman,somewhat,extremely good,Connecticut,Non-voter
black,Yes,moderate,an independent who leans Democratic,attend church,46,woman,not very,extremely good,Pennsylvania,Clinton
white,,moderate,an independent,do not attend church,46,woman,,,Ohio,Non-voter
white,Yes,,a weak Republican,attend church,73,woman,somewhat,extremely good,Ohio,Non-voter
white,Yes,conservative,a strong Republican,attend church,70,man,very,extremely good,South Carolina,Trump
white,No,moderate,a strong democrat,do not attend church,79,man,not very,extremely good,Oregon,Clinton
white,Yes,conservative,a weak Republican,attend church,54,man,not very,extremely good,Kentucky,Trump
black,Yes,,a strong democrat,attend church,33,woman,not very,neither good nor bad,Ohio,Clinton
white,Yes,,an independent,attend church,81,woman,not at all,extremely good,New York,Non-voter
asian,Yes,moderate,an independent,attend church,28,woman,not at all,neither good nor bad,California,Non-voter
white,Yes,moderate,an independent who leans Democratic,do not attend church,32,woman,not very,extremely good,Maine,Clinton
white,Yes,,a weak Republican,do not attend church,38,man,somewhat,extremely good,Kentucky,Non-voter
white,No,moderate,an independent,attend church,,woman,not very,moderately good,Illinois,Non-voter
white,No,moderate,an independent,do not attend church,61,man,not at all,a little good,Washington,Non-voter
white,Yes,slightly liberal,an independent,attend church,36,woman,very,neither good nor bad,Texas,Non-voter
white,,,a strong democrat,attend church,67,man,,,Minnesota,Non-voter
black,Yes,moderate,a strong democrat,do not attend church,44,woman,very,neither good nor bad,Florida,Clinton
white,Yes,slightly liberal,a weak Republican,attend church,46,man,somewhat,moderately good,Wisconsin,Non-voter
black,Yes,,a strong democrat,attend church,55,woman,very,extremely good,Kentucky,Clinton
black,Yes,,a strong democrat,attend church,30,woman,very,extremely good,Maryland,Clinton
,Yes,slightly conservative,a weak Republican,attend church,73,man,somewhat,moderately good,Florida,Non-voter
asian,Yes,,a weak Republican,attend church,,man,not very,moderately good,Hawaii,Non-voter
white,Yes,,a weak Republican,attend church,64,man,very,extremely good,Kentucky,Non-voter
white,No,slightly conservative,a weak Republican,do not attend church,,man,not at all,extremely good,Colorado,Non-voter
black,Yes,,an independent,do not attend church,33,woman,not very,neither good nor bad,North Carolina,Non-voter
white,Yes,extremely liberal,a strong democrat,do not attend church,46,woman,somewhat,neither good nor bad,Iowa,Clinton
hispanic,Yes,moderate,an independent,do not attend church,53,woman,not very,neither good nor bad,Oregon,Clinton
white,Yes,liberal,a strong democrat,attend church,90,woman,very,neither good nor bad,Florida,Clinton
white,Yes,extremely liberal,a weak Democrat,do not attend church,23,man,somewhat,moderately bad,Oregon,Clinton
white,Yes,slightly liberal,a strong democrat,attend church,74,woman,somewhat,extremely good,New Jersey,Clinton
white,Yes,moderate,an independent,attend church,77,woman,very,extremely good,Tennessee,Trump
white,Yes,slightly liberal,a weak Democrat,do not attend church,22,woman,very,a little good,Ohio,Clinton
white,Yes,conservative,a strong Republican,attend church,20,woman,somewhat,extremely good,Tennessee,Trump
white,Yes,slightly conservative,a weak Republican,attend church,34,woman,somewhat,extremely good,,Non-voter
black,Yes,,a strong democrat,attend church,69,man,somewhat,neither good nor bad,Mississippi,Clinton
white,Yes,liberal,an independent who leans Democratic,attend church,37,woman,somewhat,neither good nor bad,Virginia,Clinton
white,Yes,conservative,a weak Republican,attend church,46,man,somewhat,moderately good,New York,Trump
white,Yes,slightly conservative,a strong Republican,attend church,33,man,not very,extremely good,North Carolina,Non-voter
black,,,a strong democrat,attend church,28,woman,,,Minnesota,Non-voter
,,slightly conservative,an independent who leans Republican,attend church,54,woman,,,Oregon,Non-voter
,No,conservative,a strong Republican,attend church,21,man,not very,extremely good,Kentucky,Non-voter
white,Yes,slightly conservative,a weak Republican,do not attend church,40,man,not very,moderately good,Wisconsin,Non-voter
white,Yes,liberal,a strong democrat,do not attend church,60,woman,not very,moderately good,Minnesota,Non-voter
hispanic,Yes,slightly conservative,a weak Republican,attend church,40,woman,somewhat,extremely good,Texas,Trump
white,Yes,extremely conservative,a strong Republican,attend church,44,man,not very,moderately good,Alabama,Trump
hispanic,Yes,extremely liberal,a strong democrat,attend church,19,woman,somewhat,moderately good,Arizona,Clinton
white,Yes,slightly conservative,a weak Republican,attend church,79,man,somewhat,extremely good,Florida,Trump
white,Yes,conservative,a weak Republican,do not attend church,46,man,not very,extremely good,Arizona,Trump
white,No,moderate,an independent,do not attend church,63,man,somewhat,extremely good,Illinois,Trump
white,Yes,conservative,a weak Republican,do not attend church,30,man,somewhat,extremely good,Wisconsin,Trump
hispanic,Yes,slightly conservative,an independent,do not attend church,38,man,somewhat,neither good nor bad,California,Non-voter
white,Yes,slightly conservative,a weak Democrat,attend church,65,woman,somewhat,extremely good,South Carolina,Clinton
asian,No,moderate,a weak Republican,do not attend church,39,man,not at all,neither good nor bad,Florida,Non-voter
white,Yes,conservative,a strong Republican,attend church,44,man,somewhat,extremely good,Wisconsin,Trump
white,Yes,slightly conservative,an independent who leans Republican,do not attend church,82,woman,very,extremely good,Wisconsin,Non-voter
white,No,,a weak Democrat,attend church,76,woman,not very,extremely good,California,Non-voter
white,No,moderate,a weak Republican,attend church,54,woman,somewhat,moderately good,Florida,Trump
white,,moderate,an independent,do not attend church,36,woman,,,Minnesota,Non-voter
white,Yes,liberal,a strong democrat,do not attend church,70,woman,very,extremely good,California,Clinton
white,Yes,conservative,a strong Republican,do not attend church,66,man,very,extremely good,Massachusetts,Trump
asian,Yes,extremely conservative,a strong Republican,attend church,68,man,not at all,extremely good,Texas,Non-voter
white,,,a weak Republican,do not attend church,47,man,,,California,Non-voter
hispanic,No,,an independent,attend church,18,woman,not at all,moderately good,Florida,Non-voter
white,Yes,slightly conservative,a strong Republican,attend church,38,woman,very,extremely good,Pennsylvania,Trump
white,Yes,,a strong Republican,attend church,38,woman,somewhat,extremely good,California,Trump
white,No,,an independent,do not attend church,19,man,not at all,a little good,Vermont,Trump
white,Yes,liberal,a strong democrat,do not attend church,69,woman,somewhat,moderately good,Hawaii,Clinton
native American,Yes,slightly liberal,an independent who leans Republican,do not attend church,,woman,not very,moderately good,Oklahoma,Non-voter
asian,Yes,conservative,a weak Republican,do not attend church,55,man,somewhat,extremely good,Colorado,Clinton
white,No,,a weak Democrat,do not attend church,,woman,not very,moderately good,California,Non-voter
white,Yes,moderate,a weak Republican,attend church,73,woman,somewhat,extremely good,New York,Clinton
white,Yes,slightly liberal,a weak Democrat,do not attend church,62,woman,not at all,extremely good,Minnesota,Trump
white,Yes,slightly liberal,an independent,attend church,39,woman,very,moderately good,Tennessee,Clinton
white,No,,an independent,do not attend church,59,woman,not at all,moderately good,Michigan,Trump
white,No,,a weak Democrat,do not attend church,37,woman,not very,moderately good,North Carolina,Non-voter
white,Yes,slightly conservative,a weak Republican,attend church,73,man,somewhat,extremely good,Michigan,Non-voter
,Yes,slightly conservative,an independent who leans Republican,do not attend church,53,man,very,extremely good,North Dakota,Non-voter
white,Yes,slightly conservative,an independent who leans Republican,attend church,,woman,somewhat,extremely good,California,Non-voter
hispanic,Yes,,an independent who leans Republican,attend church,56,man,somewhat,extremely good,Washington,Trump
white,Yes,liberal,a strong democrat,do not attend church,65,woman,somewhat,neither good nor bad,Arizona,Clinton
black,No,liberal,an independent,attend church,26,man,somewhat,a little bad,Texas,Non-voter
black,Yes,,a strong democrat,attend church,66,man,not very,neither good nor bad,Florida,Clinton
white,Yes,extremely conservative,a strong Republican,attend church,28,woman,somewhat,extremely good,West Virginia,Trump
white,Yes,conservative,a strong Republican,do not attend church,55,woman,somewhat,extremely good,Michigan,Non-voter
black,,moderate,a strong democrat,attend church,70,woman,,,New York,Non-voter
asian,Yes,liberal,a weak Democrat,attend church,34,woman,somewhat,moderately bad,California,Clinton
white,Yes,conservative,an independent who leans Republican,attend church,49,man,very,extremely good,Idaho,Trump
white,Yes,extremely liberal,a strong democrat,do not attend church,77,man,not very,moderately good,Pennsylvania,Clinton
white,Yes,,a weak Republican,attend church,39,woman,somewhat,extremely good,California,Non-voter
hispanic,Yes,moderate,an independent who leans Democratic,do not attend church,25,woman,somewhat,neither good nor bad,Florida,Non-voter
white,Yes,conservative,a strong Republican,attend church,58,woman,somewhat,extremely good,Michigan,Trump
white,Yes,slightly liberal,a strong democrat,do not attend church,50,man,somewhat,moderately good,Minnesota,Clinton
white,Yes,moderate,a weak Republican,do not attend church,50,woman,somewhat,moderately good,California,Clinton
white,Yes,slightly conservative,a weak Republican,attend church,54,man,somewhat,moderately good,Florida,Non-voter
white,Yes,moderate,a strong democrat,attend church,69,man,very,moderately good,Ohio,Clinton
asian,Yes,moderate,an independent who leans Democratic,attend church,50,man,somewhat,moderately good,Pennsylvania,Non-voter
white,,moderate,an independent,do not attend church,64,man,,,Wyoming,Non-voter
white,Yes,conservative,a strong Republican,attend church,41,woman,somewhat,extremely good,Minnesota,Trump
white,Yes,conservative,a strong Republican,do not attend church,61,man,not very,extremely good,New York,Trump
white,Yes,,a strong Republican,attend church,34,man,somewhat,extremely good,Alabama,Trump
white,Yes,,an independent,do not attend church,73,woman,not very,moderately good,Wisconsin,Non-voter
hispanic,Yes,liberal,a strong democrat,do not attend church,24,,somewhat,neither good nor bad,Illinois,Non-voter
asian,,,a strong democrat,do not attend church,55,woman,,,North Carolina,Non-voter
white,,moderate,a strong democrat,do not attend church,66,woman,,,Florida,Non-voter
native American,Yes,moderate,an independent who leans Democratic,attend church,52,man,very,extremely good,Nebraska,Non-voter
white,Yes,liberal,a strong democrat,attend church,42,man,very,moderately good,Arizona,Clinton
white,Yes,slightly liberal,a weak Democrat,do not attend church,37,woman,not very,moderately good,Wyoming,Non-voter
white,,liberal,an independent,attend church,59,woman,,,California,Non-voter
white,No,liberal,a strong democrat,attend church,,woman,not very,extremely good,Mississippi,Non-voter
white,Yes,extremely liberal,a strong democrat,do not attend church,27,man,very,extremely good,Virginia,Clinton
white,Yes,moderate,an independent,do not attend church,75,man,somewhat,neither good nor bad,New Hampshire,Non-voter
hispanic,No,slightly liberal,an independent who leans Democratic,do not attend church,38,man,not very,moderately good,Texas,Non-voter
white,Yes,,an independent who leans Republican,do not attend church,67,woman,not very,a little good,Texas,Non-voter
hispanic,,extremely liberal,a strong democrat,do not attend church,49,woman,,,California,Non-voter
hispanic,No,,an independent,do not attend church,34,woman,somewhat,neither good nor bad,California,Clinton
white,Yes,conservative,a strong Republican,attend church,34,woman,very,extremely good,Texas,Trump
native American,Yes,conservative,an independent who leans Republican,attend church,,man,somewhat,extremely good,Florida,Trump
black,Yes,conservative,an independent who leans Democratic,do not attend church,28,woman,very,extremely bad,North Carolina,Non-voter
white,Yes,extremely liberal,a strong democrat,do not attend church,54,woman,very,extremely bad,Pennsylvania,Clinton
hispanic,Yes,slightly conservative,a strong democrat,attend church,33,woman,somewhat,extremely good,Texas,Clinton
white,No,,an independent,attend church,32,woman,not at all,extremely good,Indiana,Non-voter
white,,,an independent who leans Democratic,do not attend church,41,woman,,,Florida,Non-voter
white,Yes,conservative,a strong Republican,attend church,78,woman,not very,extremely good,Nevada,Trump
,,conservative,a strong Republican,attend church,61,woman,,,Texas,Non-voter
hispanic,Yes,extremely conservative,an independent who leans Republican,attend church,,man,very,extremely good,Georgia,Trump
white,,moderate,a weak Democrat,attend church,53,woman,,,New York,Non-voter
black,,moderate,an independent,attend church,64,man,,,Georgia,Clinton
white,Yes,moderate,an independent,attend church,67,woman,very,moderately good,New York,Clinton
white,Yes,extremely conservative,a strong Republican,attend church,28,man,somewhat,extremely good,North Carolina,Trump
white,Yes,conservative,a strong Republican,attend church,32,man,very,extremely good,Michigan,Trump
hispanic,Yes,,an independent,attend church,26,woman,not very,neither good nor bad,Utah,Clinton
white,,conservative,a strong Republican,attend church,38,man,,,Washington,Non-voter
white,Yes,slightly conservative,a weak Republican,do not attend church,32,man,very,extremely good,Texas,Non-voter
hispanic,Yes,,an independent who leans Democratic,attend church,38,woman,very,moderately good,Texas,Non-voter
white,No,,a weak Democrat,do not attend church,,woman,not very,moderately good,Florida,Clinton
white,Yes,moderate,a weak Democrat,do not attend church,47,woman,somewhat,extremely good,California,Clinton
hispanic,Yes,,an independent who leans Democratic,attend church,35,man,not very,moderately good,Illinois,Non-voter
hispanic,,moderate,an independent,attend church,47,woman,,,Florida,Non-voter
white,Yes,extremely conservative,a strong Republican,attend church,64,man,very,extremely good,Texas,Trump
white,Yes,moderate,a weak Democrat,do not attend church,56,woman,somewhat,moderately good,Pennsylvania,Non-voter
black,Yes,moderate,an independent,attend church,33,woman,somewhat,neither good nor bad,Illinois,Non-voter
hispanic,Yes,moderate,a strong democrat,attend church,46,man,somewhat,extremely good,Nebraska,Clinton
white,Yes,liberal,a strong democrat,attend church,68,woman,not very,extremely good,Indiana,Clinton
white,,,a weak Democrat,attend church,60,woman,,,Wisconsin,Non-voter
white,Yes,,an independent who leans Republican,attend church,66,woman,somewhat,extremely good,Louisiana,Trump
white,Yes,extremely liberal,a strong democrat,do not attend church,86,woman,very,neither good nor bad,Washington,Clinton
white,,liberal,a weak Democrat,do not attend church,34,man,,,North Carolina,Non-voter
white,,conservative,a weak Democrat,attend church,89,man,,,New Jersey,Non-voter
asian,,moderate,a weak Democrat,attend church,36,man,,,Texas,Non-voter
white,,slightly conservative,an independent who leans Democratic,attend church,65,woman,,,Pennsylvania,Non-voter
white,Yes,liberal,an independent who leans Democratic,do not attend church,27,woman,somewhat,a little good,Washington,Non-voter
white,Yes,slightly liberal,a weak Democrat,do not attend church,44,man,very,extremely good,Hawaii,Clinton
white,Yes,moderate,an independent who leans Republican,attend church,25,man,not very,a little good,Florida,Non-voter
white,Yes,moderate,an independent who leans Democratic,attend church,75,woman,somewhat,extremely good,Kentucky,Clinton
white,,moderate,an independent who leans Democratic,do not attend church,69,man,,,Missouri,Non-voter
white,,,a weak Democrat,attend church,72,man,,,Pennsylvania,Non-voter
white,Yes,extremely conservative,a strong Republican,attend church,47,man,somewhat,extremely good,Wisconsin,Trump
white,Yes,slightly liberal,an independent,do not attend church,37,woman,somewhat,moderately good,Nebraska,Trump
white,,extremely conservative,a strong Republican,do not attend church,43,woman,,,Indiana,Non-voter
white,Yes,slightly conservative,an independent who leans Republican,attend church,31,man,very,extremely good,Arizona,Trump
white,Yes,conservative,an independent,do not attend church,76,woman,very,moderately good,California,Trump
white,Yes,moderate,an independent,attend church,,woman,somewhat,extremely good,Oklahoma,Non-voter
white,Yes,,an independent who leans Republican,attend church,60,man,not very,extremely good,Indiana,Non-voter
white,Yes,conservative,a strong Republican,attend church,74,woman,somewhat,extremely good,Texas,Trump
black,Yes,slightly liberal,a strong democrat,do not attend church,39,woman,somewhat,neither good nor bad,California,Clinton
white,Yes,extremely liberal,a strong democrat,do not attend church,34,man,somewhat,neither good nor bad,Texas,Clinton
white,Yes,moderate,an independent who leans Democratic,do not attend church,63,man,somewhat,extremely good,Wisconsin,Clinton
white,Yes,liberal,a strong democrat,do not attend church,61,man,very,moderately good,Pennsylvania,Clinton
asian,No,extremely conservative,an independent who leans Republican,attend church,77,man,somewhat,extremely good,Ohio,Non-voter
white,Yes,moderate,an independent,do not attend church,39,woman,not very,neither good nor bad,Nevada,Non-voter
black,Yes,,a strong democrat,attend church,48,woman,somewhat,neither good nor bad,Georgia,Non-voter
white,Yes,slightly liberal,a strong democrat,do not attend church,35,man,very,neither good nor bad,Illinois,Clinton
white,Yes,slightly conservative,an independent who leans Republican,attend church,59,man,not very,neither good nor bad,Connecticut,Trump
white,,extremely conservative,a strong Republican,attend church,64,woman,,,Indiana,Non-voter
white,Yes,conservative,an independent,attend church,56,man,very,moderately good,Minnesota,Trump
white,,,a strong democrat,do not attend church,21,woman,,,South Carolina,Non-voter
white,,,an independent,do not attend church,44,man,,,New Hampshire,Non-voter
white,No,moderate,an independent,do not attend church,64,man,not at all,a little good,Maryland,Non-voter
asian,Yes,,a weak Republican,attend church,37,woman,very,extremely good,New York,Trump
white,Yes,liberal,a strong democrat,do not attend church,64,man,very,neither good nor bad,Arizona,Clinton
,,conservative,a strong Republican,attend church,64,woman,,,North Carolina,Non-voter
white,,slightly liberal,an independent,attend church,61,woman,,,Missouri,Non-voter
white,Yes,moderate,an independent who leans Republican,do not attend church,46,man,somewhat,extremely good,Tennessee,Non-voter
black,No,liberal,a strong democrat,attend church,36,man,not very,neither good nor bad,North Carolina,Clinton
white,Yes,moderate,an independent who leans Republican,do not attend church,56,woman,not very,extremely good,New Mexico,Non-voter
white,Yes,conservative,a strong Republican,attend church,67,man,somewhat,extremely good,Utah,Non-voter
white,Yes,moderate,a strong Republican,attend church,82,woman,not very,extremely good,Arkansas,Trump
white,Yes,,a strong democrat,attend church,23,man,not very,neither good nor bad,New York,Non-voter
white,Yes,,a weak Republican,attend church,45,woman,somewhat,extremely good,Ohio,Trump
white,Yes,moderate,a weak Democrat,attend church,64,woman,not at all,extremely good,Ohio,Clinton
hispanic,Yes,slightly conservative,a weak Republican,do not attend church,33,man,very,moderately good,Texas,Trump
white,Yes,moderate,an independent who leans Democratic,do not attend church,59,man,somewhat,neither good nor bad,New Mexico,Clinton
white,Yes,,a weak Democrat,attend church,53,woman,somewhat,extremely good,Michigan,Trump
black,Yes,liberal,a strong democrat,attend church,57,woman,somewhat,extremely good,North Carolina,Clinton
white,Yes,slightly liberal,a strong democrat,do not attend church,84,woman,very,extremely good,Kentucky,Clinton
white,,,a strong Republican,attend church,64,woman,,,New Mexico,Non-voter
hispanic,,moderate,a strong Republican,attend church,42,man,,,New Mexico,Non-voter
white,Yes,conservative,an independent who leans Republican,do not attend church,66,man,somewhat,extremely good,North Carolina,Trump
white,,extremely conservative,a strong Republican,attend church,56,woman,,,Florida,Non-voter
,Yes,,an independent,attend church,,,not at all,moderately bad,Vermont,Non-voter
white,,,an independent,attend church,20,woman,,,Montana,Non-voter
white,Yes,conservative,a strong Republican,do not attend church,49,man,very,extremely good,Michigan,Non-voter
white,No,,an independent,do not attend church,60,man,not at all,neither good nor bad,Ohio,Trump
white,Yes,moderate,a strong democrat,attend church,44,man,very,moderately good,California,Clinton
white,No,,a weak Democrat,attend church,24,man,very,extremely good,Kentucky,Non-voter
,Yes,slightly liberal,an independent who leans Republican,attend church,29,woman,not very,moderately good,Ohio,Trump
white,Yes,conservative,a strong Republican,attend church,65,woman,somewhat,extremely good,Ohio,Trump
hispanic,Yes,conservative,an independent who leans Republican,attend church,45,man,somewhat,extremely good,Maryland,Trump
white,Yes,slightly conservative,an independent who leans Republican,attend church,39,man,somewhat,extremely good,Virginia,Trump
white,Yes,moderate,an independent,do not attend church,35,man,somewhat,neither good nor bad,Texas,Non-voter
hispanic,Yes,conservative,a weak Democrat,attend church,48,woman,very,moderately good,Texas,Non-voter
hispanic,Yes,,a strong democrat,do not attend church,62,woman,not very,moderately good,New Jersey,Clinton
white,Yes,slightly conservative,a weak Democrat,attend church,66,woman,somewhat,extremely good,West Virginia,Trump
white,Yes,slightly conservative,an independent who leans Democratic,attend church,69,woman,somewhat,moderately good,Massachusetts,Clinton
white,,conservative,a strong Republican,do not attend church,68,man,,,Texas,Non-voter
white,Yes,,an independent,do not attend church,73,woman,not at all,extremely good,Michigan,Trump
white,Yes,conservative,a strong Republican,attend church,58,man,somewhat,extremely good,Texas,Trump
white,Yes,,a strong democrat,do not attend church,54,woman,somewhat,extremely good,Pennsylvania,Non-voter
white,Yes,moderate,a weak Democrat,attend church,70,woman,not very,extremely good,Michigan,Non-voter
white,Yes,liberal,a weak Republican,do not attend church,50,woman,somewhat,extremely good,California,Trump
hispanic,Yes,conservative,an independent who leans Republican,attend church,69,man,somewhat,extremely good,Nevada,Trump
white,No,moderate,a weak Democrat,do not attend church,44,woman,not at all,moderately good,New Jersey,Clinton
black,Yes,,a weak Democrat,attend church,56,woman,not very,moderately good,North Carolina,Non-voter
white,Yes,,a strong democrat,do not attend church,59,woman,somewhat,neither good nor bad,California,Clinton
white,Yes,liberal,a strong democrat,attend church,53,man,very,extremely good,Washington,Clinton
black,Yes,liberal,a strong democrat,attend church,60,woman,somewhat,neither good nor bad,California,Clinton
hispanic,Yes,slightly conservative,an independent who leans Democratic,do not attend church,58,woman,not at all,moderately good,Massachusetts,Non-voter
,Yes,moderate,an independent,do not attend church,31,man,somewhat,a little good,California,Clinton
white,Yes,,a weak Republican,do not attend church,33,man,not very,extremely good,Maryland,Non-voter
white,Yes,slightly conservative,an independent,do not attend church,48,man,not at all,extremely good,California,Trump
asian,,,a strong democrat,do not attend church,54,man,,,Washington,Non-voter
asian,Yes,slightly conservative,a weak Republican,attend church,46,woman,not very,extremely good,New Jersey,Trump
white,Yes,slightly liberal,an independent,attend church,34,man,somewhat,a little good,Texas,Non-voter
black,,,a strong democrat,attend church,32,man,,,Maryland,Non-voter
white,Yes,moderate,a strong democrat,attend church,35,man,very,extremely good,New York,Clinton
hispanic,Yes,moderate,an independent who leans Democratic,attend church,36,man,very,neither good nor bad,Texas,Non-voter
white,Yes,,a strong democrat,attend church,80,woman,somewhat,extremely good,Massachusetts,Clinton
white,,,a strong Republican,attend church,31,woman,,,Missouri,Non-voter
asian,Yes,conservative,a weak Republican,attend church,68,man,somewhat,extremely good,California,Non-voter
asian,,moderate,a weak Democrat,attend church,65,woman,,,Arizona,Non-voter
black,Yes,moderate,a strong democrat,attend church,40,man,very,moderately good,South Carolina,Clinton
hispanic,No,,a weak Democrat,do not attend church,20,man,not very,moderately good,Texas,Non-voter
white,No,,a weak Republican,attend church,58,man,not at all,extremely good,Georgia,Non-voter
white,Yes,slightly conservative,a weak Republican,attend church,43,man,somewhat,extremely good,Colorado,Trump
white,Yes,,a strong democrat,do not attend church,36,man,somewhat,extremely good,Pennsylvania,Clinton
white,Yes,conservative,a strong Republican,attend church,49,man,very,extremely good,Idaho,Trump
white,,conservative,an independent who leans Republican,attend church,20,man,,,Wyoming,Non-voter
white,Yes,conservative,a strong Republican,do not attend church,56,man,somewhat,extremely good,Texas,Trump
white,Yes,moderate,an independent who leans Republican,do not attend church,46,woman,somewhat,a little good,Wyoming,Non-voter
white,Yes,conservative,an independent who leans Republican,do not attend church,76,woman,somewhat,extremely good,Washington,Trump
hispanic,No,slightly liberal,a strong democrat,do not attend church,19,man,not very,neither good nor bad,Nevada,Clinton
white,Yes,,an independent,do not attend church,32,woman,somewhat,extremely good,Maryland,Trump
white,,,an independent,do not attend church,36,man,,,Washington,Non-voter
white,Yes,extremely liberal,a weak Democrat,do not attend church,39,woman,somewhat,a little good,Missouri,Clinton
white,Yes,conservative,an independent who leans Republican,attend church,59,man,somewhat,extremely good,Maryland,Trump
white,Yes,liberal,an independent who leans Democratic,attend church,41,woman,very,moderately bad,Florida,Clinton
hispanic,Yes,,an independent,do not attend church,34,man,somewhat,moderately good,New Jersey,Non-voter
white,Yes,,a weak Republican,attend church,30,woman,not at all,extremely good,Illinois,Trump
white,Yes,extremely conservative,a weak Republican,attend church,39,woman,very,extremely good,Mississippi,Trump
,Yes,slightly conservative,a strong Republican,attend church,,man,very,extremely good,Oklahoma,Non-voter
white,Yes,conservative,an independent,attend church,57,woman,somewhat,moderately good,Indiana,Trump
black,Yes,,a strong democrat,attend church,33,man,not at all,moderately good,New York,Non-voter
white,Yes,liberal,an independent who leans Democratic,do not attend church,35,woman,somewhat,moderately good,New York,Non-voter
white,Yes,moderate,a weak Democrat,do not attend church,57,woman,somewhat,extremely good,Virginia,Clinton
white,Yes,moderate,a strong Republican,do not attend church,59,man,somewhat,extremely good,Florida,Trump
white,Yes,extremely conservative,a strong Republican,attend church,85,man,very,extremely good,Arizona,Trump
white,Yes,conservative,a strong Republican,attend church,74,man,somewhat,extremely good,Georgia,Trump
white,Yes,slightly liberal,a weak Democrat,attend church,31,woman,somewhat,neither good nor bad,Colorado,Clinton
hispanic,No,,a weak Democrat,do not attend church,21,man,somewhat,extremely good,Florida,Clinton
black,Yes,extremely conservative,a strong democrat,attend church,26,man,not at all,extremely good,California,Clinton
white,No,conservative,a strong Republican,attend church,68,man,not very,extremely good,Indiana,Trump
white,Yes,moderate,an independent who leans Republican,attend church,31,man,not very,extremely good,Montana,Non-voter
white,Yes,conservative,a strong Republican,do not attend church,87,woman,somewhat,extremely good,California,Non-voter
white,No,slightly conservative,an independent who leans Democratic,do not attend church,22,man,not very,moderately good,Massachusetts,Non-voter
white,,moderate,an independent,do not attend church,56,woman,,,Oregon,Non-voter
white,Yes,extremely liberal,a strong democrat,do not attend church,32,woman,somewhat,neither good nor bad,Wisconsin,Clinton
white,Yes,slightly conservative,a weak Republican,attend church,63,man,very,extremely good,New York,Clinton
asian,,,a strong democrat,attend church,40,woman,,,California,Non-voter
white,Yes,extremely liberal,an independent who leans Democratic,do not attend church,33,,very,moderately bad,Iowa,Clinton
white,Yes,moderate,an independent who leans Democratic,attend church,55,woman,somewhat,extremely good,Maine,Trump
native American,,,an independent,do not attend church,27,man,,,Oklahoma,Non-voter
white,Yes,moderate,a strong Republican,attend church,55,man,very,extremely good,New York,Non-voter
white,Yes,conservative,a strong Republican,attend church,69,man,somewhat,extremely good,Alabama,Trump
black,,moderate,a strong democrat,attend church,86,woman,,,Florida,Non-voter
white,Yes,conservative,a strong Republican,attend church,80,woman,somewhat,extremely good,Iowa,Trump
hispanic,Yes,liberal,a strong democrat,do not attend church,51,woman,somewhat,moderately good,,Clinton
white,Yes,slightly liberal,a strong democrat,do not attend church,61,woman,somewhat,extremely good,North Carolina,Clinton
,,conservative,an independent,attend church,,woman,,,Louisiana,Non-voter
black,No,slightly liberal,a strong democrat,attend church,63,man,not very,neither good nor bad,Louisiana,Clinton
white,Yes,moderate,an independent who leans Democratic,do not attend church,71,man,not very,extremely good,Michigan,Clinton
white,No,moderate,a weak Democrat,do not attend church,46,man,not very,extremely good,California,Clinton
asian,,moderate,an independent,attend church,61,woman,,,Georgia,Non-voter
white,,conservative,a strong Republican,do not attend church,62,man,,,Iowa,Non-voter
white,,conservative,a strong Republican,do not attend church,71,man,,,Tennessee,Non-voter
white,No,liberal,a strong democrat,do not attend church,34,woman,not very,moderately good,Montana,Clinton
hispanic,Yes,moderate,a weak Democrat,attend church,25,man,not very,moderately good,Texas,Non-voter
white,,liberal,a strong democrat,attend church,61,man,,,Minnesota,Non-voter
white,Yes,conservative,an independent who leans Republican,do not attend church,49,woman,very,extremely good,Louisiana,Trump
,Yes,conservative,a strong Republican,do not attend church,61,woman,very,extremely good,Florida,Trump
,,,an independent who leans Democratic,attend church,90,,,,Pennsylvania,Non-voter
white,Yes,conservative,a weak Republican,attend church,39,man,somewhat,moderately good,California,Trump
white,Yes,extremely liberal,an independent who leans Democratic,do not attend church,20,woman,somewhat,neither good nor bad,California,Clinton
black,,,a weak Democrat,attend church,30,woman,,,Texas,Non-voter
white,No,extremely conservative,a strong Republican,do not attend church,72,man,somewhat,moderately good,Louisiana,Trump
white,No,liberal,a strong democrat,do not attend church,76,man,very,neither good nor bad,Pennsylvania,Clinton
white,Yes,moderate,a strong Republican,attend church,,man,somewhat,extremely good,Kentucky,Trump
white,Yes,extremely conservative,a strong Republican,attend church,,woman,not very,extremely good,South Carolina,Trump
black,Yes,liberal,a strong democrat,attend church,41,man,very,neither good nor bad,Texas,Clinton
black,Yes,,a strong democrat,attend church,50,woman,somewhat,neither good nor bad,Tennessee,Clinton
white,Yes,extremely liberal,a strong democrat,attend church,73,woman,very,extremely good,California,Clinton
white,Yes,,a weak Democrat,do not attend church,32,man,not very,extremely good,Maryland,Non-voter
asian,Yes,conservative,an independent who leans Republican,attend church,67,man,somewhat,extremely good,California,Trump
white,,slightly conservative,a weak Democrat,attend church,62,man,,,New Jersey,Non-voter
white,Yes,slightly liberal,an independent who leans Democratic,attend church,56,woman,not very,extremely good,Virginia,Non-voter
white,,liberal,an independent who leans Democratic,do not attend church,24,man,,,Washington,Non-voter
white,Yes,conservative,a strong Republican,attend church,59,woman,somewhat,extremely good,Idaho,Trump
white,Yes,,a weak Democrat,do not attend church,34,woman,somewhat,extremely good,Kentucky,Trump
white,No,moderate,a strong Republican,attend church,20,woman,somewhat,moderately good,Indiana,Non-voter
white,No,moderate,an independent who leans Democratic,attend church,70,woman,not very,extremely good,Colorado,Clinton
white,Yes,liberal,a strong democrat,attend church,57,man,somewhat,moderately good,North Carolina,Clinton
white,No,moderate,an independent,attend church,54,woman,not very,moderately good,Indiana,Non-voter
white,Yes,slightly liberal,a weak Democrat,attend church,35,woman,somewhat,moderately good,New Hampshire,Clinton
black,Yes,,an independent who leans Democratic,attend church,53,man,somewhat,extremely good,Tennessee,Non-voter
,Yes,,a weak Democrat,attend church,67,woman,not very,extremely good,Michigan,Clinton
white,Yes,,a strong democrat,do not attend church,21,woman,somewhat,extremely good,North Carolina,Non-voter
hispanic,Yes,moderate,a weak Democrat,attend church,20,woman,not very,moderately good,Texas,Non-voter
white,Yes,moderate,an independent,do not attend church,23,man,very,extremely good,Florida,Non-voter
white,,moderate,an independent who leans Democratic,do not attend church,40,woman,,,California,Non-voter
white,Yes,conservative,a strong Republican,attend church,58,woman,very,extremely good,Indiana,Trump
white,Yes,conservative,a strong Republican,attend church,81,woman,not at all,extremely good,Wyoming,Trump
black,No,,a weak Democrat,attend church,61,woman,not very,moderately good,South Carolina,Clinton
white,No,,a weak Republican,attend church,55,woman,not very,extremely good,Georgia,Trump
white,No,,an independent who leans Democratic,do not attend church,58,woman,somewhat,extremely good,Nevada,Clinton
white,Yes,conservative,a strong Republican,attend church,40,woman,somewhat,moderately good,Alabama,Trump
white,Yes,extremely conservative,a strong Republican,attend church,62,woman,somewhat,extremely good,Texas,Trump
white,Yes,moderate,a weak Democrat,do not attend church,36,woman,somewhat,moderately bad,Texas,Clinton
black,,liberal,a weak Democrat,attend church,25,man,,,Louisiana,Non-voter
,Yes,moderate,a strong Republican,attend church,62,,not very,moderately good,Kansas,Trump
white,No,,a weak Democrat,do not attend church,57,woman,not at all,moderately good,Arkansas,Non-voter
white,,,a weak Democrat,do not attend church,71,woman,,,Pennsylvania,Non-voter
white,Yes,conservative,a weak Republican,attend church,63,man,somewhat,moderately good,California,Trump
white,,conservative,an independent,attend church,23,man,,,Illinois,Non-voter
white,Yes,slightly liberal,a weak Republican,do not attend church,34,man,not at all,neither good nor bad,Ohio,Non-voter
white,Yes,,a weak Republican,do not attend church,20,woman,very,extremely good,Texas,Trump
white,Yes,slightly conservative,an independent,do not attend church,32,man,not very,moderately good,Maryland,Trump
,,,a strong democrat,attend church,39,woman,,,Pennsylvania,Non-voter
white,No,,a strong Republican,do not attend church,59,man,somewhat,extremely good,New Jersey,Trump
white,,slightly liberal,a strong democrat,attend church,,man,,,Nebraska,Non-voter
white,Yes,extremely conservative,a strong Republican,attend church,52,woman,very,extremely good,West Virginia,Trump
black,Yes,,a strong democrat,attend church,65,woman,somewhat,moderately good,New York,Clinton
asian,No,moderate,a weak Democrat,do not attend church,21,woman,somewhat,neither good nor bad,Texas,Non-voter
,,moderate,a weak Republican,attend church,34,woman,,,California,Non-voter
white,Yes,slightly conservative,a weak Republican,attend church,60,woman,somewhat,extremely good,Georgia,Non-voter
white,Yes,conservative,a strong Republican,do not attend church,63,woman,somewhat,extremely good,Arizona,Trump
white,Yes,,an independent who leans Democratic,attend church,41,man,very,moderately good,Missouri,Non-voter
white,Yes,,a weak Republican,attend church,57,woman,somewhat,extremely good,North Carolina,Trump
hispanic,Yes,,a strong democrat,attend church,51,woman,somewhat,extremely good,Florida,Clinton
white,Yes,moderate,a weak Democrat,do not attend church,67,man,somewhat,moderately good,Connecticut,Clinton
white,Yes,liberal,an independent who leans Democratic,attend church,29,woman,somewhat,neither good nor bad,New Hampshire,Clinton
white,No,moderate,an independent,do not attend church,66,man,somewhat,extremely good,Florida,Trump
white,No,,an independent,do not attend church,21,man,not at all,extremely good,Wyoming,Non-voter
white,Yes,moderate,an independent,do not attend church,,man,somewhat,extremely good,Wisconsin,Trump
white,No,,an independent,do not attend church,58,woman,not at all,extremely good,Pennsylvania,Non-voter
white,Yes,slightly conservative,an independent who leans Republican,attend church,61,man,very,extremely good,New York,Trump
black,Yes,,a weak Democrat,attend church,31,woman,not at all,neither good nor bad,Iowa,Clinton
hispanic,Yes,moderate,a weak Democrat,attend church,21,woman,somewhat,extremely good,California,Clinton
white,No,moderate,an independent,do not attend church,35,man,not very,extremely good,Oklahoma,Non-voter
white,Yes,extremely conservative,a strong Republican,attend church,30,man,somewhat,extremely good,Virginia,Trump
,Yes,,a strong democrat,attend church,,woman,somewhat,extremely good,North Carolina,Clinton
black,Yes,moderate,a strong democrat,attend church,52,man,very,neither good nor bad,Maryland,Non-voter
white,Yes,extremely conservative,a strong Republican,attend church,88,man,somewhat,extremely good,Ohio,Trump
white,,conservative,a strong Republican,do not attend church,57,woman,,,Ohio,Non-voter
white,Yes,moderate,a weak Democrat,do not attend church,60,man,somewhat,extremely good,Ohio,Non-voter
white,Yes,slightly liberal,a weak Democrat,attend church,64,woman,somewhat,extremely good,Pennsylvania,Clinton
white,Yes,conservative,an independent who leans Republican,attend church,63,man,very,extremely good,Colorado,Trump
white,,liberal,a strong democrat,do not attend church,41,woman,,,Washington,Non-voter
white,,conservative,a weak Republican,attend church,62,woman,,,Arizona,Non-voter
white,Yes,moderate,an independent who leans Democratic,do not attend church,29,woman,not very,extremely good,West Virginia,Non-voter
white,Yes,slightly conservative,a weak Republican,attend church,66,man,somewhat,extremely good,Tennessee,Non-voter
black,Yes,moderate,a strong democrat,attend church,83,man,somewhat,extremely good,Illinois,Clinton
hispanic,Yes,extremely conservative,a strong Republican,attend church,49,man,very,extremely good,Missouri,Trump
white,Yes,,a strong Republican,attend church,65,man,somewhat,extremely good,Nebraska,Trump
white,Yes,liberal,a strong democrat,attend church,37,woman,somewhat,moderately bad,Virginia,Clinton
hispanic,No,,an independent,attend church,30,man,somewhat,extremely good,Texas,Non-voter
asian,,,a weak Republican,attend church,71,man,,,Utah,Non-voter
white,,slightly liberal,a strong democrat,attend church,56,woman,,,Illinois,Non-voter
white,,slightly liberal,an independent who leans Democratic,attend church,53,woman,,,Kansas,Non-voter
white,Yes,moderate,an independent,attend church,64,man,very,extremely good,Tennessee,Clinton
white,,conservative,an independent who leans Republican,attend church,60,man,,,Louisiana,Non-voter
white,,moderate,an independent,do not attend church,46,woman,,,Indiana,Non-voter
white,No,,,attend church,57,woman,not at all,moderately good,Georgia,Non-voter
white,Yes,slightly conservative,a weak Republican,attend church,33,woman,somewhat,moderately good,Florida,Trump
white,Yes,conservative,a weak Democrat,do not attend church,72,woman,somewhat,extremely good,New Jersey,Trump
white,No,conservative,a strong Republican,attend church,71,woman,somewhat,extremely good,California,Trump
white,,,a strong Republican,attend church,37,man,,,Washington,Non-voter
,No,,a weak Democrat,attend church,37,man,not at all,extremely good,Massachusetts,Non-voter
white,,liberal,a strong democrat,do not attend church,69,woman,,,New Mexico,Non-voter
white,Yes,moderate,an independent,attend church,30,man,somewhat,extremely good,Colorado,Non-voter
,Yes,moderate,a weak Democrat,attend church,21,woman,not very,extremely good,Ohio,Clinton
hispanic,Yes,moderate,a weak Democrat,attend church,45,man,somewhat,extremely good,Colorado,Trump
hispanic,Yes,moderate,a weak Democrat,attend church,40,woman,not very,a little good,California,Non-voter
black,Yes,,a strong democrat,do not attend church,49,woman,somewhat,neither good nor bad,Maryland,Clinton
white,Yes,moderate,an independent,attend church,57,man,very,moderately good,Michigan,Trump
white,Yes,liberal,a strong democrat,do not attend church,25,woman,somewhat,a little bad,Illinois,Clinton
white,Yes,conservative,an independent who leans Republican,attend church,35,woman,somewhat,moderately good,Missouri,Trump
hispanic,No,liberal,a weak Democrat,do not attend church,33,man,not very,extremely good,Massachusetts,Clinton
white,Yes,moderate,an independent who leans Democratic,attend church,41,woman,somewhat,extremely good,Missouri,Clinton
white,Yes,liberal,a strong democrat,do not attend church,67,woman,somewhat,neither good nor bad,California,Clinton
white,Yes,conservative,a strong Republican,do not attend church,27,man,somewhat,extremely good,Pennsylvania,Non-voter
white,Yes,extremely liberal,a strong democrat,do not attend church,47,woman,very,extremely good,Oregon,Clinton
white,No,,an independent,do not attend church,23,woman,somewhat,moderately good,South Carolina,Non-voter
native American,,conservative,a weak Republican,do not attend church,,woman,,,Texas,Non-voter
white,Yes,moderate,a weak Republican,attend church,18,man,somewhat,extremely good,Nebraska,Non-voter
,Yes,slightly conservative,an independent who leans Republican,attend church,35,man,somewhat,extremely good,Alabama,Trump
asian,No,liberal,a weak Democrat,attend church,53,woman,somewhat,extremely good,New Jersey,Clinton
white,Yes,,a strong democrat,attend church,62,woman,somewhat,extremely good,Wisconsin,Clinton
white,No,moderate,a strong Republican,attend church,25,man,not very,moderately good,Pennsylvania,Trump
white,Yes,moderate,an independent who leans Democratic,do not attend church,72,woman,very,moderately good,Maryland,Clinton
white,Yes,slightly conservative,a weak Republican,attend church,22,man,not very,extremely good,Maryland,Trump
hispanic,,liberal,a strong democrat,do not attend church,45,woman,,,Indiana,Non-voter
asian,,moderate,a weak Republican,do not attend church,,man,,,California,Non-voter
,No,,an independent,attend church,33,man,somewhat,neither good nor bad,North Carolina,Non-voter
,,slightly liberal,a strong democrat,attend church,52,woman,,,Oklahoma,Non-voter
hispanic,Yes,,a weak Democrat,do not attend church,49,woman,somewhat,extremely good,Florida,Clinton
hispanic,Yes,conservative,a strong democrat,attend church,18,woman,somewhat,moderately good,Utah,Clinton
hispanic,No,conservative,a weak Democrat,attend church,21,woman,not at all,neither good nor bad,Colorado,Non-voter
white,Yes,conservative,an independent,attend church,46,man,not at all,extremely good,South Carolina,Non-voter
hispanic,Yes,conservative,an independent who leans Republican,attend church,55,man,somewhat,extremely good,Florida,Trump
white,No,moderate,a weak Democrat,attend church,50,man,somewhat,moderately good,Illinois,Clinton
white,Yes,conservative,an independent who leans Republican,attend church,64,man,somewhat,extremely good,Illinois,Non-voter
white,Yes,moderate,an independent,do not attend church,41,woman,somewhat,extremely good,Arizona,Clinton
white,Yes,slightly conservative,a weak Republican,attend church,31,man,somewhat,extremely good,California,Clinton
white,Yes,moderate,a strong Republican,attend church,82,woman,somewhat,extremely good,Florida,Trump
white,Yes,conservative,a strong Republican,attend church,58,man,somewhat,extremely good,Alaska,Trump
white,Yes,slightly conservative,an independent who leans Democratic,attend church,68,woman,somewhat,extremely good,Massachusetts,Clinton
white,Yes,slightly liberal,an independent who leans Democratic,do not attend church,60,man,very,neither good nor bad,California,Trump
black,Yes,moderate,a weak Democrat,attend church,47,man,somewhat,neither good nor bad,California,Clinton
white,Yes,extremely conservative,a strong Republican,attend church,64,man,very,extremely good,Alabama,Trump
white,,conservative,a strong Republican,attend church,28,woman,,,Texas,Non-voter
white,Yes,conservative,a strong Republican,do not attend church,74,woman,very,extremely good,Florida,Trump
white,Yes,slightly conservative,an independent who leans Republican,do not attend church,71,man,somewhat,extremely good,California,Trump
white,Yes,,an independent who leans Republican,attend church,54,man,somewhat,extremely good,Oregon,Trump
white,Yes,conservative,a strong Republican,attend church,39,man,very,moderately good,Florida,Trump
hispanic,No,,a strong democrat,attend church,68,man,somewhat,extremely good,New Jersey,Non-voter
white,Yes,slightly liberal,an independent who leans Democratic,attend church,20,man,somewhat,neither good nor bad,Michigan,Non-voter
white,,moderate,a strong democrat,do not attend church,65,woman,,,Illinois,Clinton
white,Yes,moderate,an independent who leans Republican,do not attend church,51,man,somewhat,extremely good,Texas,Trump
white,Yes,moderate,an independent who leans Republican,do not attend church,31,woman,not very,neither good nor bad,Texas,Non-voter
white,Yes,conservative,a strong Republican,attend church,43,woman,very,extremely good,Louisiana,Trump
,Yes,,a strong democrat,attend church,36,woman,somewhat,neither good nor bad,Georgia,Non-voter
white,Yes,liberal,a strong democrat,attend church,58,woman,somewhat,neither good nor bad,Ohio,Non-voter
white,Yes,slightly liberal,a weak Democrat,attend church,82,woman,not very,moderately good,Wisconsin,Clinton
white,Yes,moderate,an independent who leans Republican,attend church,62,woman,somewhat,moderately good,Idaho,Non-voter
white,Yes,extremely liberal,a strong democrat,do not attend church,53,man,very,a little good,California,Clinton
white,,moderate,a weak Republican,do not attend church,34,woman,,,Washington,Non-voter
white,No,moderate,a weak Republican,attend church,56,man,not very,extremely good,Missouri,Trump
white,Yes,liberal,a weak Democrat,do not attend church,54,woman,somewhat,moderately good,Florida,Non-voter
white,Yes,conservative,a strong Republican,attend church,72,woman,not very,extremely good,Indiana,Trump
white,Yes,,a strong Republican,do not attend church,54,woman,somewhat,extremely good,Massachusetts,Trump
white,Yes,moderate,an independent,attend church,59,man,somewhat,extremely good,Missouri,Non-voter
white,,,a weak Republican,do not attend church,74,woman,,,North Carolina,Non-voter
white,,moderate,a weak Republican,attend church,73,woman,,,South Carolina,Non-voter
white,No,,an independent,attend church,58,woman,not at all,extremely good,West Virginia,Non-voter
hispanic,Yes,conservative,an independent,attend church,74,man,somewhat,extremely good,Florida,Trump
hispanic,Yes,slightly liberal,an independent,attend church,49,woman,somewhat,extremely good,New Mexico,Non-voter
hispanic,Yes,liberal,a strong democrat,do not attend church,25,man,somewhat,neither good nor bad,Missouri,Non-voter
white,Yes,conservative,a strong Republican,attend church,68,man,very,extremely good,Ohio,Trump
white,Yes,slightly conservative,a weak Republican,attend church,42,man,somewhat,moderately good,Minnesota,Trump
white,No,,a strong Republican,attend church,84,woman,not very,extremely good,Indiana,Trump
white,No,moderate,a weak Democrat,attend church,35,woman,not at all,extremely good,Ohio,Non-voter
asian,Yes,,a weak Republican,attend church,19,man,not very,moderately good,New York,Non-voter
black,No,moderate,a strong democrat,attend church,38,man,somewhat,neither good nor bad,Ohio,Non-voter
asian,Yes,conservative,a weak Republican,attend church,46,man,not very,neither good nor bad,Illinois,Non-voter
white,Yes,slightly liberal,a strong democrat,attend church,52,woman,somewhat,extremely good,Michigan,Non-voter
white,No,,an independent,do not attend church,62,woman,not very,moderately good,Michigan,Non-voter
white,Yes,slightly conservative,an independent who leans Republican,attend church,52,man,very,extremely good,New York,Trump
white,Yes,liberal,a strong democrat,do not attend church,48,woman,somewhat,neither good nor bad,Maryland,Clinton
hispanic,No,,a weak Democrat,attend church,26,man,somewhat,extremely good,California,Non-voter
white,Yes,moderate,an independent,do not attend church,65,woman,somewhat,extremely good,New Jersey,Trump
hispanic,Yes,conservative,a strong Republican,attend church,55,woman,somewhat,extremely good,Texas,Trump
white,Yes,slightly conservative,a weak Republican,do not attend church,46,woman,somewhat,moderately good,Ohio,Non-voter
white,Yes,liberal,a strong democrat,do not attend church,54,man,very,extremely good,,Clinton
white,Yes,,a strong democrat,attend church,49,woman,somewhat,extremely good,New Jersey,Clinton
black,,slightly liberal,a strong democrat,attend church,32,woman,,,New York,Non-voter
black,Yes,,an independent,attend church,31,man,somewhat,a little good,Florida,Non-voter
white,Yes,extremely liberal,a strong democrat,do not attend church,67,man,somewhat,neither good nor bad,Vermont,Clinton
hispanic,,slightly conservative,a weak Republican,attend church,34,man,,,New Mexico,Non-voter
white,Yes,slightly conservative,a weak Republican,do not attend church,55,man,somewhat,a little good,Colorado,Trump
hispanic,Yes,slightly liberal,a weak Republican,attend church,18,man,not at all,moderately good,Virginia,Non-voter
white,Yes,moderate,an independent,do not attend church,54,man,somewhat,extremely good,Pennsylvania,Trump
white,Yes,conservative,a weak Republican,attend church,56,woman,somewhat,a little good,Wisconsin,Trump
white,Yes,moderate,a strong Republican,do not attend church,78,man,somewhat,extremely good,Delaware,Trump
white,,slightly conservative,a strong Republican,attend church,27,woman,,,Tennessee,Non-voter
hispanic,Yes,conservative,a strong Republican,attend church,42,man,somewhat,moderately good,Oklahoma,Trump
white,Yes,conservative,a strong Republican,attend church,21,woman,somewhat,extremely good,Kansas,Trump
white,Yes,conservative,a strong Republican,attend church,78,woman,not very,extremely good,Wisconsin,Trump
black,Yes,liberal,an independent who leans Democratic,do not attend church,,man,very,moderately good,Ohio,Clinton
white,No,moderate,a weak Republican,attend church,83,woman,not very,extremely good,Ohio,Trump
white,Yes,liberal,a strong democrat,attend church,57,woman,very,extremely good,South Carolina,Clinton
white,Yes,conservative,a strong Republican,attend church,66,man,somewhat,extremely good,Utah,Trump
white,Yes,conservative,a weak Republican,attend church,42,man,somewhat,extremely good,Massachusetts,Non-voter
white,Yes,slightly liberal,a weak Democrat,do not attend church,56,woman,very,neither good nor bad,New York,Clinton
white,Yes,extremely conservative,a weak Republican,attend church,29,man,very,extremely good,Indiana,Trump
white,Yes,slightly conservative,a strong Republican,attend church,77,man,very,extremely good,Indiana,Trump
white,,,an independent,attend church,20,man,,,Massachusetts,Non-voter
white,Yes,extremely conservative,a strong Republican,attend church,51,man,somewhat,moderately good,Michigan,Trump
hispanic,,liberal,a strong democrat,attend church,87,man,,,California,Non-voter
white,Yes,liberal,an independent who leans Democratic,do not attend church,36,man,very,neither good nor bad,Massachusetts,Clinton
white,Yes,,a weak Republican,attend church,35,man,somewhat,extremely good,Utah,Trump
white,No,,an independent,do not attend church,60,man,not very,moderately good,Florida,Non-voter
white,No,slightly liberal,a weak Democrat,do not attend church,28,woman,not very,moderately good,Massachusetts,Clinton
,Yes,liberal,a strong democrat,do not attend church,29,woman,very,moderately good,Massachusetts,Clinton
black,Yes,conservative,a weak Republican,attend church,48,woman,very,extremely good,Tennessee,Trump
white,Yes,conservative,a weak Republican,attend church,81,man,somewhat,extremely good,New York,Trump
white,No,conservative,a weak Republican,do not attend church,77,woman,not very,moderately good,Pennsylvania,Trump
asian,No,liberal,an independent who leans Democratic,do not attend church,47,woman,not very,neither good nor bad,New Jersey,Clinton
white,Yes,liberal,an independent who leans Democratic,attend church,30,woman,somewhat,extremely good,Florida,Clinton
white,,slightly conservative,an independent who leans Republican,attend church,40,man,,,Nevada,Non-voter
white,Yes,moderate,a weak Democrat,do not attend church,37,woman,not very,moderately good,Pennsylvania,Clinton
white,Yes,liberal,an independent,do not attend church,31,man,somewhat,neither good nor bad,North Carolina,Non-voter
white,Yes,slightly liberal,a strong democrat,do not attend church,51,man,very,extremely good,New Jersey,Clinton
,,moderate,an independent who leans Republican,do not attend church,46,man,,,Washington,Non-voter
white,Yes,slightly conservative,an independent who leans Democratic,attend church,19,woman,somewhat,neither good nor bad,Illinois,Non-voter
white,Yes,slightly conservative,a weak Republican,do not attend church,32,man,somewhat,extremely good,Georgia,Trump
black,No,,a strong democrat,do not attend church,32,woman,somewhat,neither good nor bad,Kansas,Clinton
hispanic,No,moderate,an independent,attend church,45,man,somewhat,extremely good,Florida,Non-voter
white,No,moderate,a strong democrat,attend church,48,woman,somewhat,extremely good,Illinois,Clinton
white,No,,an independent,do not attend church,56,woman,somewhat,moderately good,Wisconsin,Non-voter
white,No,,an independent,do not attend church,40,woman,not at all,extremely good,Pennsylvania,Non-voter
white,Yes,moderate,an independent,do not attend church,35,woman,not very,extremely good,North Carolina,Non-voter
white,Yes,slightly conservative,an independent who leans Republican,attend church,51,man,somewhat,moderately good,Texas,Non-voter
white,Yes,conservative,a strong Republican,attend church,43,woman,somewhat,extremely good,Georgia,Trump
white,Yes,extremely conservative,a strong Republican,attend church,78,man,very,extremely good,Texas,Trump
white,Yes,liberal,a strong democrat,do not attend church,64,man,somewhat,neither good nor bad,Georgia,Clinton
white,Yes,slightly liberal,an independent who leans Democratic,do not attend church,90,woman,not very,neither good nor bad,North Carolina,Clinton
hispanic,Yes,extremely conservative,a strong Republican,attend church,34,man,very,extremely good,Texas,Clinton
white,,moderate,a strong Republican,attend church,57,woman,,,Ohio,Non-voter
white,No,slightly liberal,an independent who leans Democratic,do not attend church,46,woman,somewhat,extremely good,Minnesota,Clinton
white,Yes,slightly conservative,an independent who leans Republican,attend church,24,man,not very,extremely good,Texas,Non-voter
white,Yes,moderate,a weak Republican,attend church,68,woman,somewhat,extremely good,Oklahoma,Clinton
white,,,an independent,do not attend church,51,man,,,Ohio,Non-voter
white,,liberal,an independent who leans Republican,do not attend church,53,man,,,New York,Non-voter
white,Yes,extremely conservative,a strong Republican,attend church,59,man,very,neither good nor bad,Florida,Trump
white,Yes,slightly conservative,a weak Republican,attend church,53,man,somewhat,extremely good,Illinois,Trump
white,Yes,conservative,an independent who leans Republican,attend church,83,man,very,moderately good,Missouri,Trump
white,Yes,conservative,an independent who leans Republican,attend church,51,man,very,extremely good,Utah,Non-voter
white,Yes,conservative,a weak Republican,do not attend church,68,woman,somewhat,moderately good,Oregon,Trump
white,Yes,conservative,an independent who leans Republican,attend church,75,woman,very,extremely good,Washington,Trump
white,Yes,liberal,a strong democrat,do not attend church,65,woman,very,neither good nor bad,New Mexico,Clinton
hispanic,,,an independent,attend church,58,woman,,,Texas,Non-voter
white,Yes,slightly conservative,an independent who leans Republican,attend church,34,woman,very,moderately good,California,Non-voter
,Yes,moderate,an independent who leans Democratic,do not attend church,27,woman,somewhat,moderately bad,Texas,Non-voter
white,,,a strong Republican,do not attend church,37,man,,,Oklahoma,Non-voter
white,No,conservative,a strong Republican,do not attend church,51,woman,not at all,neither good nor bad,Massachusetts,Trump
white,No,slightly conservative,a weak Republican,attend church,19,woman,not very,neither good nor bad,Minnesota,Non-voter
white,,,a strong Republican,attend church,61,woman,,,Ohio,Non-voter
white,Yes,moderate,a weak Democrat,do not attend church,51,man,not at all,neither good nor bad,Minnesota,Clinton
white,Yes,moderate,a weak Democrat,attend church,46,woman,not at all,extremely good,California,Trump
white,Yes,conservative,a strong Republican,do not attend church,32,woman,somewhat,extremely good,Illinois,Trump
hispanic,,slightly liberal,a weak Democrat,do not attend church,20,woman,,,Texas,Non-voter
,Yes,moderate,a strong democrat,,,woman,somewhat,extremely good,North Carolina,Clinton
white,Yes,conservative,a strong Republican,attend church,70,man,somewhat,extremely good,Tennessee,Trump
white,Yes,moderate,a strong democrat,attend church,68,man,somewhat,extremely good,Missouri,Clinton
hispanic,Yes,moderate,an independent who leans Republican,do not attend church,36,woman,somewhat,moderately good,Illinois,Trump
white,,,a strong democrat,attend church,36,woman,,,Mississippi,Non-voter
white,,moderate,a weak Democrat,attend church,71,woman,,,West Virginia,Non-voter
white,Yes,extremely liberal,a strong democrat,do not attend church,39,man,somewhat,neither good nor bad,California,Clinton
hispanic,,,,,26,woman,,,New Mexico,Non-voter
white,No,liberal,a weak Democrat,do not attend church,44,woman,not at all,moderately good,Wisconsin,Clinton
white,Yes,slightly liberal,a weak Democrat,do not attend church,26,man,not very,extremely good,Minnesota,Non-voter
black,,,a strong democrat,attend church,39,man,,,Mississippi,Non-voter
black,,moderate,a strong democrat,attend church,70,woman,,,Illinois,Non-voter
white,Yes,moderate,a strong Republican,attend church,62,woman,somewhat,extremely good,Virginia,Trump
white,Yes,moderate,a strong democrat,attend church,57,woman,somewhat,extremely good,Florida,Non-voter
white,Yes,slightly liberal,an independent,attend church,73,woman,not very,moderately good,Pennsylvania,Non-voter
native American,Yes,,a weak Democrat,attend church,32,woman,not very,extremely good,Oklahoma,Trump
white,Yes,,a weak Democrat,do not attend church,84,woman,somewhat,extremely good,Florida,Clinton
white,Yes,moderate,an independent,,,man,somewhat,moderately good,Virginia,Non-voter
,Yes,,a strong democrat,do not attend church,25,man,not very,neither good nor bad,North Carolina,Clinton
white,Yes,conservative,a strong Republican,attend church,72,woman,somewhat,extremely good,Arizona,Trump
white,Yes,slightly liberal,an independent who leans Democratic,attend church,48,man,somewhat,moderately good,Delaware,Non-voter
white,Yes,slightly conservative,an independent,do not attend church,61,man,not very,extremely good,Arizona,Non-voter
black,Yes,,a strong democrat,attend church,28,man,somewhat,extremely bad,Louisiana,Clinton
white,No,moderate,an independent who leans Republican,do not attend church,55,man,somewhat,moderately good,Tennessee,Non-voter
white,Yes,slightly liberal,an independent who leans Democratic,attend church,54,man,very,neither good nor bad,Massachusetts,Clinton
white,Yes,,an independent who leans Republican,attend church,28,woman,somewhat,extremely good,Texas,Non-voter
white,Yes,slightly liberal,a weak Democrat,do not attend church,37,man,very,neither good nor bad,Washington,Clinton
white,Yes,liberal,an independent,attend church,53,man,not at all,extremely good,Florida,Non-voter
white,Yes,conservative,an independent who leans Republican,attend church,67,woman,very,extremely good,Indiana,Trump
white,Yes,moderate,a strong democrat,do not attend church,60,man,somewhat,extremely good,Minnesota,Non-voter
white,Yes,conservative,a weak Republican,attend church,37,woman,somewhat,neither good nor bad,Wisconsin,Non-voter
white,Yes,moderate,an independent,do not attend church,51,man,not at all,neither good nor bad,Wisconsin,Non-voter
white,Yes,slightly conservative,a weak Republican,attend church,51,woman,somewhat,extremely good,North Dakota,Non-voter
white,Yes,moderate,a strong democrat,do not attend church,75,woman,somewhat,extremely good,Florida,Clinton
hispanic,Yes,slightly liberal,an independent who leans Democratic,attend church,21,man,very,moderately good,California,Clinton
white,Yes,moderate,an independent who leans Democratic,do not attend church,47,man,somewhat,extremely good,Georgia,Non-voter
white,,conservative,an independent who leans Republican,do not attend church,67,man,,,California,Non-voter
white,Yes,,a strong Republican,do not attend church,63,woman,somewhat,moderately good,Nevada,Clinton
white,Yes,extremely conservative,an independent who leans Republican,attend church,78,man,very,extremely good,Florida,Trump
white,Yes,liberal,an independent who leans Democratic,do not attend church,23,woman,very,neither good nor bad,Florida,Clinton
white,Yes,conservative,a weak Republican,attend church,52,woman,somewhat,extremely good,New York,Trump
white,No,,an independent who leans Democratic,do not attend church,26,man,not very,neither good nor bad,Oregon,Non-voter
hispanic,,,a weak Democrat,do not attend church,42,man,,,Texas,Non-voter
white,Yes,liberal,a strong democrat,do not attend church,65,woman,very,extremely good,Florida,Clinton
white,Yes,slightly conservative,a strong Republican,attend church,,man,somewhat,extremely good,Utah,Trump
white,Yes,liberal,a strong democrat,attend church,64,man,very,neither good nor bad,Washington,Clinton
white,Yes,slightly conservative,a strong Republican,attend church,41,woman,very,moderately good,Illinois,Trump
white,Yes,slightly conservative,a weak Republican,do not attend church,59,man,very,extremely good,Connecticut,Clinton
white,Yes,moderate,a strong Republican,attend church,61,woman,somewhat,extremely good,Pennsylvania,Trump
hispanic,No,,an independent,do not attend church,25,man,not very,neither good nor bad,Connecticut,Non-voter
white,No,extremely liberal,a weak Democrat,do not attend church,41,man,not very,neither good nor bad,Washington,Clinton
white,Yes,liberal,a strong democrat,do not attend church,62,woman,very,extremely good,Washington,Clinton
white,Yes,extremely liberal,a strong democrat,do not attend church,19,man,very,moderately bad,Illinois,Clinton
white,Yes,conservative,a strong Republican,attend church,25,woman,somewhat,extremely good,Ohio,Trump
white,Yes,moderate,an independent,attend church,72,man,not very,extremely good,South Carolina,Clinton
white,Yes,slightly conservative,a weak Republican,attend church,67,woman,very,moderately good,Virginia,Clinton
white,Yes,extremely conservative,a strong Republican,attend church,44,man,very,extremely good,New Mexico,Trump
white,Yes,,an independent who leans Republican,attend church,57,woman,somewhat,extremely good,Texas,Non-voter
white,Yes,moderate,a weak Republican,do not attend church,32,man,very,extremely good,North Carolina,Trump
white,No,slightly conservative,an independent who leans Republican,do not attend church,42,man,somewhat,extremely good,Arizona,Non-voter
black,Yes,liberal,a strong democrat,do not attend church,74,woman,very,neither good nor bad,California,Clinton
white,Yes,liberal,an independent who leans Democratic,do not attend church,37,woman,not at all,neither good nor bad,Texas,Non-voter
white,No,moderate,a weak Democrat,attend church,64,woman,not at all,extremely good,Minnesota,Clinton
white,Yes,,a weak Democrat,do not attend church,39,woman,not at all,neither good nor bad,New York,Clinton
white,Yes,liberal,a strong democrat,do not attend church,29,woman,not very,moderately good,Maryland,Clinton
white,,liberal,a strong democrat,do not attend church,28,man,,,Iowa,Non-voter
white,Yes,conservative,a strong Republican,do not attend church,86,man,very,extremely good,Indiana,Trump
white,No,moderate,a strong democrat,attend church,67,man,not very,moderately good,Wisconsin,Clinton
white,Yes,slightly conservative,a weak Republican,attend church,19,woman,not very,extremely good,California,Clinton
white,Yes,,a strong democrat,do not attend church,74,woman,somewhat,extremely good,Nebraska,Clinton
white,Yes,conservative,an independent who leans Republican,attend church,64,man,somewhat,extremely good,Virginia,Trump
white,Yes,conservative,a strong Republican,attend church,55,man,not at all,extremely good,Alabama,Trump
asian,Yes,slightly liberal,a weak Democrat,do not attend church,,,very,neither good nor bad,Virginia,Clinton
white,No,,an independent,attend church,73,woman,not very,extremely good,Wisconsin,Clinton
white,,moderate,an independent,attend church,55,woman,,,Virginia,Non-voter
white,Yes,moderate,a weak Republican,attend church,41,woman,somewhat,moderately good,Virginia,Non-voter
white,Yes,slightly liberal,an independent who leans Democratic,attend church,74,man,somewhat,extremely good,Texas,Non-voter
white,Yes,moderate,an independent,do not attend church,33,woman,somewhat,extremely good,Michigan,Clinton
white,Yes,moderate,a weak Democrat,attend church,66,woman,somewhat,a little good,Michigan,Clinton
hispanic,,moderate,a weak Republican,do not attend church,25,woman,,,Nebraska,Non-voter
white,,slightly liberal,an independent who leans Democratic,attend church,65,man,,,Ohio,Non-voter
white,,slightly liberal,an independent,do not attend church,31,man,,,California,Non-voter
white,No,,an independent,attend church,53,man,not very,moderately good,New Jersey,Non-voter
white,No,,a weak Democrat,do not attend church,22,woman,somewhat,extremely good,Illinois,Non-voter
white,Yes,conservative,a strong Republican,attend church,34,woman,not very,extremely good,Idaho,Trump
hispanic,No,,an independent,do not attend church,38,woman,not very,neither good nor bad,Texas,Non-voter
white,No,,a weak Republican,attend church,46,man,somewhat,moderately good,Pennsylvania,Clinton
black,No,slightly conservative,a strong democrat,attend church,72,man,not very,moderately good,Indiana,Clinton
white,,moderate,an independent,do not attend church,37,man,,,Arkansas,Non-voter
white,,slightly liberal,a weak Democrat,do not attend church,49,woman,,,Missouri,Non-voter
hispanic,,,a strong democrat,attend church,41,man,,,California,Non-voter
hispanic,Yes,moderate,a weak Republican,attend church,64,woman,very,extremely good,Florida,Trump
hispanic,,moderate,a strong democrat,do not attend church,48,man,,,California,Non-voter
white,Yes,moderate,an independent who leans Democratic,attend church,21,man,very,extremely good,Illinois,Clinton
white,Yes,conservative,a strong Republican,attend church,72,woman,somewhat,extremely good,Nebraska,Trump
white,Yes,slightly conservative,a weak Republican,do not attend church,52,woman,very,extremely good,Oregon,Clinton
hispanic,Yes,moderate,an independent who leans Democratic,do not attend church,27,man,somewhat,a little good,New Jersey,Non-voter
white,Yes,conservative,an independent who leans Republican,attend church,68,man,somewhat,extremely good,Maine,Trump
white,,moderate,an independent who leans Democratic,attend church,84,woman,,,Florida,Non-voter
white,Yes,,an independent,do not attend church,32,man,not very,extremely good,Florida,Non-voter
white,Yes,liberal,an independent who leans Democratic,do not attend church,56,man,very,neither good nor bad,Michigan,Clinton
white,No,moderate,an independent who leans Republican,attend church,66,man,somewhat,moderately good,Wisconsin,Trump
white,Yes,liberal,a strong democrat,do not attend church,72,man,very,neither good nor bad,California,Clinton
white,Yes,,an independent who leans Democratic,attend church,24,man,very,moderately bad,Maine,Non-voter
asian,,conservative,a strong Republican,do not attend church,38,woman,,,New York,Non-voter
black,,,a strong democrat,do not attend church,22,man,,,Alabama,Non-voter
white,Yes,conservative,a weak Republican,attend church,27,man,somewhat,extremely good,Maryland,Non-voter
white,Yes,extremely conservative,a strong Republican,attend church,80,man,very,extremely good,South Carolina,Trump
white,Yes,conservative,a strong Republican,attend church,46,man,somewhat,neither good nor bad,Tennessee,Non-voter
white,Yes,conservative,a strong Republican,attend church,68,man,very,extremely good,Indiana,Trump
white,Yes,slightly conservative,a weak Republican,attend church,42,man,somewhat,moderately good,California,Non-voter
white,,,a weak Democrat,do not attend church,33,woman,,,Pennsylvania,Non-voter
white,Yes,extremely liberal,a weak Democrat,do not attend church,69,woman,very,moderately bad,Virginia,Clinton
white,,,,,67,man,,extremely good,Pennsylvania,Non-voter
white,,slightly conservative,a strong Republican,attend church,53,man,,,Texas,Non-voter
white,,slightly liberal,a weak Democrat,do not attend church,68,man,,,California,Non-voter
white,No,extremely liberal,an independent who leans Democratic,do not attend church,59,woman,not very,neither good nor bad,Wyoming,Clinton
white,Yes,,a strong Republican,attend church,31,woman,not very,extremely good,Tennessee,Trump
white,Yes,liberal,a strong democrat,do not attend church,33,man,somewhat,moderately good,Michigan,Clinton
black,Yes,extremely conservative,a strong Republican,attend church,59,woman,very,neither good nor bad,Maryland,Trump
white,Yes,moderate,an independent,attend church,66,woman,not very,moderately good,Kansas,Non-voter
white,Yes,extremely liberal,a weak Democrat,do not attend church,,woman,very,neither good nor bad,Rhode Island,Clinton
white,No,slightly conservative,a strong Republican,do not attend church,50,woman,not very,extremely good,Pennsylvania,Trump
white,Yes,moderate,an independent,do not attend church,19,man,not very,extremely good,Florida,Non-voter
white,Yes,conservative,a strong Republican,attend church,79,man,very,extremely good,Ohio,Trump
white,Yes,conservative,a strong Republican,attend church,65,man,very,extremely good,North Dakota,Trump
white,,moderate,an independent,attend church,39,man,,,Virginia,Non-voter
black,Yes,liberal,a strong democrat,do not attend church,39,woman,somewhat,neither good nor bad,Virginia,Clinton
white,Yes,conservative,a weak Republican,do not attend church,54,man,very,extremely good,Missouri,Trump
white,Yes,moderate,a strong Republican,attend church,60,man,somewhat,extremely good,Michigan,Trump
white,Yes,slightly conservative,a weak Republican,attend church,,man,somewhat,neither good nor bad,Minnesota,Clinton
white,Yes,liberal,a strong democrat,do not attend church,34,man,very,neither good nor bad,North Carolina,Clinton
black,No,moderate,a strong democrat,attend church,33,woman,somewhat,extremely good,Florida,Clinton
white,Yes,conservative,a strong Republican,attend church,60,woman,somewhat,extremely good,West Virginia,Trump
white,Yes,moderate,a weak Democrat,do not attend church,62,man,somewhat,extremely good,Connecticut,Clinton
white,Yes,conservative,a strong Republican,attend church,28,man,somewhat,extremely good,Colorado,Trump
,Yes,slightly conservative,an independent who leans Republican,attend church,52,man,somewhat,extremely good,Arkansas,Trump
white,Yes,extremely liberal,a strong democrat,do not attend church,73,man,very,neither good nor bad,New York,Clinton
white,No,moderate,a strong democrat,attend church,90,woman,not very,neither good nor bad,Nevada,Clinton
,No,,a strong democrat,attend church,59,woman,somewhat,moderately good,Rhode Island,Clinton
white,Yes,moderate,a weak Republican,attend church,68,man,somewhat,extremely good,Ohio,Trump
white,,,a strong democrat,attend church,82,man,,,Ohio,Non-voter
black,No,,a strong democrat,attend church,90,woman,not very,extremely good,Georgia,Clinton
black,Yes,,a strong democrat,attend church,30,man,somewhat,extremely good,North Carolina,Clinton
black,No,moderate,a strong democrat,attend church,49,man,somewhat,extremely good,Texas,Clinton
white,Yes,liberal,a strong democrat,do not attend church,75,man,very,extremely good,Maryland,Clinton
white,Yes,conservative,an independent,attend church,73,woman,somewhat,extremely good,Texas,Trump
white,,,an independent,,,woman,,,Delaware,Trump
white,Yes,moderate,an independent who leans Democratic,do not attend church,34,man,somewhat,neither good nor bad,California,Non-voter
black,Yes,extremely liberal,a weak Democrat,attend church,41,woman,somewhat,neither good nor bad,North Carolina,Clinton
hispanic,,moderate,a strong democrat,do not attend church,26,man,,,Michigan,Non-voter
white,No,moderate,a weak Democrat,do not attend church,36,man,somewhat,moderately good,Texas,Non-voter
white,,,a strong democrat,attend church,56,woman,,,Connecticut,Non-voter
white,No,,an independent who leans Republican,do not attend church,76,man,not very,extremely good,Texas,Non-voter
white,Yes,slightly conservative,a strong Republican,attend church,29,man,not very,extremely good,Ohio,Non-voter
white,Yes,liberal,a strong democrat,do not attend church,20,man,not very,neither good nor bad,Ohio,Clinton
white,Yes,slightly liberal,a weak Democrat,attend church,,woman,not very,moderately bad,California,Clinton
white,,slightly conservative,an independent who leans Republican,attend church,54,man,,,New York,Non-voter
white,No,moderate,an independent who leans Democratic,do not attend church,71,woman,not at all,extremely good,Oregon,Non-voter
white,Yes,conservative,a strong Republican,attend church,49,man,somewhat,extremely good,Virginia,Trump
white,Yes,liberal,a strong democrat,do not attend church,35,woman,somewhat,a little good,Colorado,Clinton
hispanic,Yes,,an independent,attend church,74,woman,not very,extremely good,Texas,Non-voter
white,,,an independent who leans Democratic,do not attend church,66,man,,,Pennsylvania,Non-voter
white,Yes,liberal,an independent who leans Democratic,do not attend church,26,woman,somewhat,neither good nor bad,Rhode Island,Clinton
white,Yes,slightly conservative,a weak Republican,do not attend church,37,man,very,extremely good,Michigan,Trump
,Yes,moderate,an independent,attend church,57,man,somewhat,extremely good,Ohio,Clinton
white,Yes,,a strong Republican,attend church,41,woman,not very,extremely good,Oklahoma,Trump
white,Yes,slightly liberal,an independent who leans Republican,do not attend church,48,man,somewhat,moderately good,Utah,Non-voter
white,No,,an independent,do not attend church,67,man,somewhat,extremely good,Arkansas,Non-voter
white,Yes,slightly conservative,a weak Republican,do not attend church,63,man,somewhat,moderately good,Colorado,Trump
white,,,an independent,attend church,,woman,,,Alabama,Non-voter
white,Yes,liberal,a strong democrat,attend church,41,man,not very,moderately good,Iowa,Non-voter
white,No,moderate,an independent,do not attend church,31,man,not at all,a little good,Texas,Non-voter
white,,extremely conservative,a strong Republican,attend church,37,woman,,,Washington,Non-voter
,Yes,moderate,an independent,do not attend church,41,man,not at all,neither good nor bad,Colorado,Non-voter
hispanic,,slightly conservative,a weak Republican,attend church,64,woman,,,Florida,Non-voter
white,Yes,slightly liberal,a strong Republican,do not attend church,55,man,somewhat,extremely good,Texas,Trump
white,Yes,extremely liberal,a strong democrat,do not attend church,26,woman,not very,neither good nor bad,Colorado,Non-voter
white,,conservative,a strong Republican,attend church,68,man,,,California,Non-voter
black,No,,a weak Democrat,attend church,24,woman,not very,moderately good,North Carolina,Non-voter
,,liberal,an independent who leans Democratic,attend church,83,man,,,South Carolina,Clinton
native American,Yes,moderate,an independent,attend church,45,man,somewhat,extremely good,Kansas,Clinton
white,Yes,slightly conservative,an independent who leans Republican,attend church,69,man,somewhat,extremely good,Michigan,Trump
hispanic,,,an independent,attend church,25,woman,,,California,Non-voter
white,Yes,conservative,a weak Republican,attend church,60,woman,somewhat,extremely good,Texas,Trump
,Yes,,an independent,attend church,57,woman,not very,moderately good,Pennsylvania,Trump
white,Yes,slightly conservative,a weak Republican,do not attend church,29,man,not very,extremely good,Pennsylvania,Trump
white,No,moderate,an independent,attend church,28,woman,not at all,extremely good,Louisiana,Non-voter
white,,conservative,a strong Republican,attend church,46,woman,,,Florida,Non-voter
white,Yes,slightly liberal,a strong democrat,attend church,70,woman,somewhat,extremely good,New York,Clinton
white,No,moderate,a weak Democrat,do not attend church,81,man,not very,a little good,Pennsylvania,Clinton
white,Yes,slightly conservative,a strong democrat,attend church,60,man,very,extremely good,Georgia,Non-voter
white,,moderate,an independent,attend church,53,woman,,,Connecticut,Non-voter
hispanic,,,a weak Democrat,attend church,51,woman,,,Florida,Non-voter
white,Yes,conservative,a strong Republican,attend church,50,woman,very,extremely good,Indiana,Trump
hispanic,Yes,slightly liberal,a weak Democrat,attend church,41,man,very,moderately good,California,Clinton
white,Yes,slightly conservative,a weak Republican,attend church,22,woman,somewhat,extremely good,Michigan,Trump
black,Yes,extremely liberal,a strong democrat,attend church,32,woman,very,neither good nor bad,,Clinton
white,Yes,liberal,a weak Democrat,do not attend church,19,woman,somewhat,extremely good,Oregon,Clinton
black,Yes,moderate,a strong democrat,attend church,21,man,not very,moderately bad,Maryland,Clinton
black,No,extremely liberal,a strong democrat,attend church,24,woman,not very,neither good nor bad,Georgia,Clinton
white,,slightly conservative,a strong Republican,attend church,66,man,,,Minnesota,Non-voter
black,No,liberal,a strong democrat,do not attend church,60,woman,not very,neither good nor bad,Pennsylvania,Clinton
hispanic,Yes,moderate,a weak Democrat,attend church,41,woman,somewhat,moderately good,Florida,Clinton
asian,,slightly liberal,a weak Democrat,do not attend church,39,woman,,,New York,Non-voter
white,No,,a strong democrat,attend church,80,woman,somewhat,extremely good,Wisconsin,Clinton
white,,slightly conservative,an independent who leans Republican,attend church,61,woman,,,New Jersey,Non-voter
white,Yes,extremely conservative,an independent who leans Republican,attend church,60,woman,not very,extremely good,Florida,Non-voter
white,,moderate,a weak Republican,attend church,49,woman,,,Michigan,Non-voter
native American,Yes,liberal,an independent who leans Democratic,attend church,28,woman,not very,a little good,Wyoming,Non-voter
white,Yes,slightly conservative,a strong Republican,attend church,26,man,not at all,extremely good,Missouri,Trump
,No,,an independent,do not attend church,59,woman,not at all,neither good nor bad,Washington,Trump
white,,liberal,an independent who leans Democratic,attend church,79,man,,,Arkansas,Non-voter
white,No,,a strong democrat,attend church,30,man,not at all,moderately good,Massachusetts,Non-voter
white,,,a weak Democrat,do not attend church,52,woman,,,Pennsylvania,Non-voter
white,,moderate,an independent who leans Republican,do not attend church,62,,,,Virginia,Non-voter
white,Yes,liberal,a weak Democrat,attend church,38,woman,not very,moderately good,Georgia,Non-voter
white,,conservative,a strong Republican,attend church,74,woman,,,Iowa,Non-voter
white,,slightly conservative,a weak Republican,attend church,34,woman,,,Missouri,Non-voter
asian,Yes,slightly liberal,an independent,attend church,47,woman,not at all,a little good,Ohio,Non-voter
white,Yes,extremely conservative,a strong Republican,attend church,63,man,somewhat,extremely good,Missouri,Trump
hispanic,No,moderate,an independent,do not attend church,45,woman,not at all,neither good nor bad,Florida,Non-voter
white,Yes,moderate,a weak Republican,attend church,73,man,somewhat,extremely good,California,Trump
white,Yes,liberal,a strong democrat,do not attend church,32,man,somewhat,neither good nor bad,Pennsylvania,Clinton
white,Yes,,a weak Republican,do not attend church,37,woman,not very,extremely good,Illinois,Non-voter
white,No,slightly conservative,a weak Republican,attend church,26,man,not very,extremely good,New York,Non-voter
white,Yes,conservative,an independent who leans Republican,attend church,73,woman,somewhat,extremely good,New Jersey,Trump
black,Yes,,a weak Democrat,attend church,20,woman,very,moderately good,Texas,Clinton
white,Yes,,a strong Republican,do not attend church,57,woman,somewhat,extremely good,New Jersey,Non-voter
black,No,,an independent,attend church,22,woman,not at all,extremely bad,Texas,Non-voter
white,Yes,conservative,a strong Republican,attend church,27,man,somewhat,extremely good,Virginia,Trump
,No,slightly liberal,a weak Democrat,do not attend church,63,woman,somewhat,extremely good,South Dakota,Non-voter
white,No,slightly conservative,a weak Republican,attend church,50,woman,not very,moderately good,Washington,Trump
hispanic,Yes,moderate,a strong democrat,attend church,55,man,very,extremely good,Minnesota,Clinton
white,No,conservative,a weak Republican,attend church,86,woman,somewhat,moderately good,California,Trump
white,Yes,liberal,a strong democrat,do not attend church,60,woman,very,neither good nor bad,New Mexico,Clinton
black,Yes,slightly conservative,a strong democrat,attend church,35,woman,somewhat,moderately good,Louisiana,Non-voter
white,,conservative,an independent who leans Republican,attend church,62,man,,,California,Non-voter
white,Yes,moderate,a strong Republican,attend church,49,woman,somewhat,extremely good,Florida,Trump
white,Yes,conservative,a strong Republican,do not attend church,58,man,somewhat,extremely good,Florida,Trump
white,,,an independent,do not attend church,28,woman,,,Indiana,Non-voter
white,Yes,moderate,a strong Republican,attend church,62,woman,somewhat,extremely good,North Carolina,Trump
white,Yes,moderate,a weak Republican,attend church,54,man,very,neither good nor bad,Connecticut,Trump
white,,conservative,a strong Republican,do not attend church,61,man,,,New York,Non-voter
white,Yes,moderate,a strong Republican,attend church,28,man,very,extremely good,New York,Trump
white,Yes,slightly liberal,a weak Democrat,do not attend church,67,woman,somewhat,moderately good,Florida,Clinton
hispanic,,,a weak Republican,do not attend church,45,woman,,,Oregon,Non-voter
white,Yes,,an independent,attend church,31,woman,somewhat,extremely good,Kentucky,Trump
white,Yes,moderate,an independent,attend church,70,woman,somewhat,extremely good,Minnesota,Non-voter
white,Yes,conservative,a strong Republican,attend church,37,woman,somewhat,moderately good,Washington,Trump
,No,moderate,a strong democrat,attend church,58,woman,somewhat,neither good nor bad,Michigan,Clinton
white,Yes,slightly liberal,an independent,attend church,27,man,very,moderately good,Massachusetts,Non-voter
white,Yes,extremely liberal,a strong democrat,attend church,28,woman,very,moderately good,Georgia,Clinton
white,Yes,liberal,an independent who leans Democratic,do not attend church,23,woman,somewhat,neither good nor bad,California,Non-voter
white,Yes,extremely liberal,a strong democrat,do not attend church,37,woman,somewhat,neither good nor bad,Mississippi,Clinton
white,Yes,liberal,a strong democrat,attend church,64,woman,somewhat,extremely good,California,Clinton
hispanic,No,moderate,a strong Republican,do not attend church,77,woman,not at all,extremely good,Iowa,Clinton
white,Yes,,a strong Republican,attend church,67,man,somewhat,extremely good,Kansas,Trump
white,Yes,conservative,a strong Republican,attend church,74,woman,very,extremely good,Virginia,Trump
white,No,conservative,a strong Republican,attend church,33,man,not very,extremely good,Kentucky,Trump
white,No,conservative,a strong Republican,do not attend church,31,man,not very,extremely bad,California,Trump
white,,conservative,a weak Republican,attend church,36,woman,,,Iowa,Non-voter
white,No,,a weak Republican,attend church,49,man,not very,extremely good,Missouri,Trump
white,,,a weak Republican,attend church,19,man,,,Ohio,Non-voter
,Yes,slightly liberal,a weak Democrat,attend church,64,woman,not very,extremely good,Kentucky,Clinton
white,Yes,slightly conservative,a weak Republican,do not attend church,38,man,very,extremely good,New Jersey,Clinton
white,Yes,conservative,a strong Republican,attend church,53,woman,very,extremely good,South Dakota,Trump
white,,slightly liberal,an independent who leans Democratic,attend church,46,woman,,,Florida,Non-voter
hispanic,Yes,,a strong democrat,attend church,70,woman,somewhat,extremely good,Texas,Clinton
white,Yes,slightly liberal,a weak Republican,do not attend church,52,woman,very,neither good nor bad,Texas,Trump
black,Yes,,a strong democrat,attend church,38,woman,somewhat,neither good nor bad,Wisconsin,Non-voter
,Yes,,a weak Democrat,do not attend church,34,woman,not very,moderately good,California,Non-voter
white,Yes,extremely liberal,an independent who leans Democratic,do not attend church,42,woman,somewhat,neither good nor bad,California,Non-voter
white,Yes,conservative,a strong Republican,attend church,57,woman,somewhat,moderately good,New York,Trump
white,Yes,slightly liberal,an independent who leans Democratic,attend church,39,woman,somewhat,extremely good,Massachusetts,Trump
white,Yes,slightly conservative,a weak Republican,do not attend church,52,man,somewhat,extremely good,Arizona,Non-voter
white,Yes,moderate,an independent who leans Democratic,attend church,53,man,very,moderately good,Michigan,Clinton
white,Yes,liberal,a strong democrat,do not attend church,59,man,somewhat,extremely good,Massachusetts,Clinton
white,Yes,moderate,an independent who leans Republican,do not attend church,57,man,somewhat,moderately good,Missouri,Trump
black,No,conservative,a weak Democrat,do not attend church,27,woman,very,a little good,Missouri,Non-voter
white,Yes,liberal,a strong democrat,do not attend church,,man,somewhat,neither good nor bad,New Hampshire,Clinton
hispanic,No,,a strong democrat,attend church,37,woman,somewhat,extremely good,Texas,Clinton
white,Yes,slightly liberal,a weak Democrat,do not attend church,41,man,somewhat,moderately good,Pennsylvania,Clinton
hispanic,No,conservative,an independent who leans Republican,attend church,22,man,somewhat,moderately good,Florida,Non-voter
white,,conservative,a strong Republican,attend church,63,man,,,Kentucky,Non-voter
white,No,slightly conservative,an independent,do not attend church,60,man,somewhat,extremely good,Tennessee,Trump
asian,Yes,liberal,a strong democrat,do not attend church,49,man,not very,moderately good,California,Clinton
white,,,a strong Republican,attend church,56,woman,,,North Carolina,Non-voter
white,,slightly conservative,an independent,,,woman,,,Washington,Non-voter
white,Yes,conservative,a strong Republican,do not attend church,31,woman,not very,moderately good,Georgia,Trump
black,Yes,slightly liberal,an independent who leans Democratic,do not attend church,31,man,very,neither good nor bad,New Jersey,Clinton
white,Yes,conservative,an independent who leans Republican,attend church,34,man,somewhat,extremely good,Utah,Trump
white,Yes,moderate,an independent who leans Republican,attend church,53,man,not very,extremely good,Ohio,Trump
white,Yes,moderate,an independent,do not attend church,46,woman,somewhat,a little good,Alabama,Non-voter
white,Yes,extremely liberal,an independent who leans Democratic,do not attend church,32,,very,neither good nor bad,New York,Clinton
white,Yes,slightly liberal,an independent who leans Democratic,attend church,36,woman,somewhat,neither good nor bad,Florida,Clinton
white,Yes,moderate,a strong Republican,attend church,57,man,somewhat,extremely good,Colorado,Trump
white,No,moderate,an independent,attend church,34,man,somewhat,extremely good,New York,Non-voter
black,,slightly liberal,a strong democrat,attend church,34,woman,,,Texas,Non-voter
white,Yes,conservative,an independent who leans Republican,attend church,59,woman,somewhat,moderately good,New York,Non-voter
white,No,slightly liberal,an independent who leans Republican,do not attend church,34,woman,not very,moderately good,Michigan,Trump
white,Yes,conservative,a strong Republican,attend church,45,man,very,extremely good,Georgia,Trump
white,Yes,liberal,an independent who leans Democratic,do not attend church,30,woman,somewhat,neither good nor bad,Florida,Clinton
white,Yes,slightly liberal,an independent who leans Democratic,do not attend church,67,man,somewhat,moderately good,North Dakota,Clinton
,No,,a strong Republican,,,,somewhat,extremely good,California,Trump
white,Yes,,a strong democrat,do not attend church,58,man,very,neither good nor bad,New York,Clinton
white,Yes,extremely conservative,a strong Republican,attend church,54,man,very,extremely good,Louisiana,Trump
black,,,a weak Democrat,attend church,71,man,,,New York,Non-voter
white,Yes,moderate,a strong democrat,attend church,57,woman,somewhat,neither good nor bad,Michigan,Clinton
white,Yes,extremely conservative,a strong Republican,attend church,41,woman,somewhat,extremely good,Texas,Trump
white,No,slightly conservative,an independent who leans Republican,attend church,32,man,somewhat,extremely good,North Carolina,Non-voter
black,Yes,slightly liberal,a strong democrat,attend church,38,woman,not very,neither good nor bad,Virginia,Clinton
white,No,slightly conservative,an independent who leans Republican,do not attend church,24,man,somewhat,a little good,North Carolina,Non-voter
,Yes,moderate,a strong Republican,attend church,64,woman,somewhat,extremely good,California,Trump
white,,liberal,a strong democrat,do not attend church,61,woman,,,New York,Non-voter
asian,Yes,conservative,a strong Republican,attend church,47,woman,somewhat,extremely good,Texas,Non-voter
white,Yes,slightly conservative,an independent who leans Republican,do not attend church,36,man,somewhat,extremely good,Michigan,Trump
white,,conservative,a strong Republican,attend church,45,man,,,California,Non-voter
white,Yes,conservative,a strong Republican,attend church,60,man,somewhat,extremely good,Iowa,Trump
white,Yes,moderate,a weak Democrat,attend church,63,man,somewhat,extremely good,Pennsylvania,Trump
white,Yes,,a weak Democrat,do not attend church,60,man,somewhat,neither good nor bad,Washington,Clinton
white,Yes,conservative,an independent who leans Republican,attend church,63,man,very,extremely good,South Carolina,Trump
,Yes,moderate,an independent,do not attend church,86,man,somewhat,neither good nor bad,Indiana,Clinton
white,Yes,liberal,a strong democrat,do not attend church,59,woman,somewhat,a little good,Oregon,Clinton
white,Yes,moderate,an independent who leans Democratic,attend church,40,woman,somewhat,a little good,New York,Non-voter
hispanic,Yes,,a strong democrat,do not attend church,40,woman,not at all,moderately good,Michigan,Clinton
,No,,,attend church,,woman,not at all,neither good nor bad,South Carolina,Non-voter
white,Yes,,an independent who leans Democratic,do not attend church,42,woman,not at all,extremely good,California,Clinton
white,Yes,conservative,a strong Republican,attend church,30,woman,not very,extremely good,Florida,Trump
white,Yes,slightly liberal,an independent who leans Democratic,attend church,63,woman,somewhat,moderately good,California,Clinton
native American,No,,an independent,attend church,51,man,not at all,neither good nor bad,Texas,Non-voter
hispanic,,conservative,a strong Republican,attend church,69,man,,,New Mexico,Non-voter
black,Yes,,a strong democrat,do not attend church,26,man,somewhat,neither good nor bad,Pennsylvania,Clinton
white,Yes,conservative,a strong Republican,attend church,39,woman,somewhat,extremely good,California,Trump
white,No,moderate,an independent,do not attend church,31,woman,somewhat,moderately bad,Oklahoma,Non-voter
white,,slightly liberal,an independent who leans Democratic,do not attend church,27,woman,,,Pennsylvania,Non-voter
white,Yes,moderate,an independent,do not attend church,33,woman,somewhat,neither good nor bad,Arkansas,Non-voter
white,Yes,conservative,a strong Republican,attend church,28,man,very,extremely good,Kentucky,Trump
white,Yes,conservative,a strong Republican,attend church,76,woman,very,extremely good,Alabama,Trump
white,No,,an independent,attend church,42,man,not very,extremely good,Missouri,Trump
white,Yes,moderate,an independent,attend church,32,man,not very,moderately good,Illinois,Trump
white,No,moderate,a weak Republican,attend church,43,woman,somewhat,extremely good,Tennessee,Trump
white,No,,a weak Democrat,do not attend church,32,man,somewhat,moderately good,Iowa,Clinton
white,Yes,extremely conservative,a strong Republican,attend church,58,man,somewhat,moderately good,Florida,Trump
black,,,a strong democrat,do not attend church,39,woman,,,Texas,Non-voter
asian,Yes,conservative,a strong Republican,do not attend church,63,woman,somewhat,extremely good,Texas,Trump
hispanic,Yes,liberal,a strong democrat,attend church,32,woman,not very,extremely good,Massachusetts,Non-voter
hispanic,No,moderate,an independent,attend church,55,woman,somewhat,neither good nor bad,California,Non-voter
white,Yes,conservative,a strong Republican,attend church,46,man,very,extremely good,Nevada,Trump
white,Yes,conservative,a strong Republican,attend church,51,man,somewhat,extremely good,Tennessee,Trump
,,moderate,an independent,attend church,40,woman,,,Illinois,Non-voter
white,Yes,conservative,a strong Republican,attend church,85,woman,very,moderately good,Florida,Trump
white,Yes,,a weak Republican,do not attend church,50,woman,not very,moderately good,North Carolina,Non-voter
white,Yes,moderate,a weak Republican,attend church,49,man,somewhat,extremely good,Pennsylvania,Non-voter
white,,moderate,an independent,attend church,55,woman,,,Texas,Non-voter
white,Yes,liberal,a strong democrat,attend church,68,woman,very,neither good nor bad,New York,Clinton
hispanic,Yes,liberal,an independent who leans Democratic,attend church,30,man,somewhat,moderately good,Texas,Clinton
hispanic,Yes,,a strong democrat,attend church,46,woman,somewhat,extremely good,Nevada,Clinton
white,,,a strong Republican,attend church,65,man,,,Texas,Non-voter
white,Yes,extremely conservative,a strong Republican,do not attend church,27,man,very,extremely good,Pennsylvania,Trump
white,Yes,liberal,a weak Democrat,do not attend church,60,woman,somewhat,neither good nor bad,Vermont,Clinton
white,Yes,conservative,a strong Republican,attend church,31,woman,very,extremely good,Wisconsin,Trump
hispanic,Yes,liberal,a strong democrat,do not attend church,46,woman,very,neither good nor bad,California,Non-voter
white,Yes,slightly conservative,a weak Republican,attend church,53,man,somewhat,extremely good,Texas,Trump
black,No,,a strong democrat,attend church,37,woman,not very,moderately good,North Carolina,Non-voter
white,Yes,liberal,a weak Democrat,do not attend church,63,woman,not very,a little good,North Carolina,Clinton
white,,slightly liberal,a weak Democrat,do not attend church,39,man,,,Connecticut,Non-voter
white,Yes,conservative,an independent who leans Republican,do not attend church,58,man,somewhat,extremely good,Arizona,Trump
hispanic,Yes,conservative,a weak Republican,attend church,32,woman,somewhat,extremely good,Utah,Trump
black,No,,a strong democrat,do not attend church,54,man,somewhat,neither good nor bad,Michigan,Clinton
white,Yes,,an independent who leans Democratic,do not attend church,18,man,somewhat,neither good nor bad,California,Clinton
white,Yes,conservative,a strong Republican,attend church,48,woman,very,extremely good,California,Trump
black,,,a weak Democrat,attend church,26,man,,,Mississippi,Non-voter
white,No,conservative,a strong Republican,do not attend church,55,man,not at all,moderately good,Pennsylvania,Trump
hispanic,Yes,liberal,an independent who leans Democratic,do not attend church,50,woman,very,neither good nor bad,Texas,Clinton
white,Yes,slightly liberal,a strong Republican,attend church,66,woman,somewhat,extremely good,Texas,Non-voter
white,Yes,extremely liberal,a weak Democrat,do not attend church,46,woman,somewhat,neither good nor bad,New Hampshire,Clinton
white,Yes,slightly liberal,an independent who leans Democratic,do not attend church,35,man,somewhat,extremely good,Missouri,Non-voter
white,Yes,,,,,woman,,neither good nor bad,New York,Trump
white,Yes,moderate,an independent,do not attend church,52,man,somewhat,extremely good,Maryland,Clinton
white,,,a weak Republican,do not attend church,70,woman,,,Vermont,Non-voter
white,Yes,liberal,a strong democrat,attend church,33,woman,very,neither good nor bad,Louisiana,Clinton
black,Yes,slightly liberal,a strong democrat,attend church,78,woman,not very,extremely good,Michigan,Clinton
white,No,moderate,a weak Republican,attend church,42,woman,not very,extremely good,Texas,Non-voter
white,Yes,slightly liberal,an independent who leans Democratic,attend church,18,woman,somewhat,neither good nor bad,Kentucky,Clinton
asian,,liberal,a strong democrat,do not attend church,21,woman,,,Massachusetts,Non-voter
white,Yes,liberal,an independent,do not attend church,60,man,somewhat,neither good nor bad,Idaho,Non-voter
hispanic,Yes,conservative,a weak Republican,attend church,58,woman,somewhat,extremely good,Connecticut,Trump
white,Yes,extremely liberal,an independent,attend church,29,man,somewhat,neither good nor bad,Tennessee,Clinton
white,Yes,liberal,an independent,do not attend church,29,man,very,neither good nor bad,California,Non-voter
white,Yes,conservative,an independent who leans Republican,attend church,49,man,somewhat,extremely good,Georgia,Trump
white,Yes,moderate,an independent who leans Republican,attend church,25,woman,somewhat,moderately good,Minnesota,Trump
white,Yes,moderate,an independent who leans Republican,do not attend church,36,man,somewhat,neither good nor bad,Georgia,Non-voter
white,Yes,extremely liberal,an independent who leans Democratic,do not attend church,35,woman,somewhat,moderately bad,Massachusetts,Clinton
white,Yes,conservative,a weak Republican,attend church,52,man,somewhat,extremely good,Idaho,Non-voter
white,,slightly conservative,a weak Republican,attend church,36,man,,,Florida,Non-voter
white,No,,a strong Republican,do not attend church,53,woman,somewhat,moderately good,Tennessee,Trump
white,Yes,liberal,an independent who leans Democratic,attend church,32,woman,not very,moderately good,New Jersey,Clinton
hispanic,Yes,,an independent,attend church,22,woman,somewhat,extremely good,Georgia,Non-voter
white,Yes,liberal,a weak Democrat,attend church,35,man,very,neither good nor bad,Kansas,Clinton
,Yes,liberal,a strong democrat,do not attend church,64,man,very,extremely good,California,Clinton
white,Yes,,a weak Democrat,do not attend church,66,woman,somewhat,moderately good,Colorado,Clinton
white,Yes,slightly conservative,a weak Republican,attend church,58,man,somewhat,moderately good,Minnesota,Trump
white,No,slightly liberal,a strong democrat,do not attend church,31,woman,not at all,extremely good,Michigan,Clinton
black,Yes,,a strong democrat,attend church,65,woman,somewhat,neither good nor bad,Illinois,Clinton
white,Yes,moderate,an independent,attend church,72,woman,not very,neither good nor bad,New York,Non-voter
white,Yes,liberal,a strong democrat,attend church,51,woman,somewhat,extremely good,Tennessee,Clinton
white,Yes,liberal,a strong democrat,attend church,45,woman,somewhat,neither good nor bad,Illinois,Clinton
white,Yes,moderate,a strong democrat,attend church,51,man,very,moderately good,Ohio,Clinton
white,Yes,conservative,a strong Republican,attend church,30,man,somewhat,extremely good,Tennessee,Non-voter
white,Yes,conservative,a strong Republican,attend church,61,man,somewhat,extremely good,Massachusetts,Trump
,,conservative,a weak Republican,attend church,66,woman,,,Florida,Non-voter
white,Yes,liberal,an independent who leans Democratic,attend church,42,man,somewhat,neither good nor bad,Illinois,Non-voter
white,Yes,extremely conservative,a strong Republican,attend church,28,woman,somewhat,extremely good,Illinois,Trump
,,,an independent,do not attend church,56,woman,,,Tennessee,Non-voter
white,Yes,conservative,a strong Republican,attend church,69,woman,not very,extremely good,Georgia,Trump
asian,Yes,conservative,a weak Republican,do not attend church,45,man,not at all,moderately bad,New York,Non-voter
white,,,a strong democrat,do not attend church,69,man,,,Pennsylvania,Non-voter
white,Yes,liberal,a strong democrat,,87,woman,very,extremely good,Pennsylvania,Clinton
white,No,,an independent,do not attend church,48,woman,not at all,a little good,Oklahoma,Non-voter
white,Yes,slightly liberal,a weak Democrat,do not attend church,74,woman,somewhat,a little good,Pennsylvania,Clinton
white,Yes,conservative,a strong Republican,do not attend church,35,woman,somewhat,moderately good,Louisiana,Trump
white,Yes,moderate,a strong democrat,attend church,56,woman,somewhat,neither good nor bad,Louisiana,Non-voter
asian,Yes,slightly liberal,an independent who leans Republican,attend church,50,man,not at all,neither good nor bad,Massachusetts,Clinton
hispanic,,moderate,an independent,attend church,21,woman,,,Florida,Non-voter
asian,,conservative,a strong Republican,attend church,66,man,,,California,Non-voter
white,,,a weak Democrat,do not attend church,28,man,,,North Carolina,Non-voter
white,Yes,conservative,a weak Republican,attend church,67,woman,somewhat,extremely good,Minnesota,Trump
,Yes,,an independent,do not attend church,39,man,somewhat,neither good nor bad,California,Non-voter
hispanic,Yes,slightly liberal,an independent who leans Democratic,do not attend church,36,man,somewhat,a little good,Illinois,Clinton
white,No,moderate,an independent,attend church,56,woman,somewhat,extremely good,Pennsylvania,Trump
white,,slightly liberal,a weak Democrat,do not attend church,21,woman,,,Connecticut,Non-voter
white,Yes,slightly conservative,a weak Republican,attend church,,man,somewhat,moderately good,Florida,Non-voter
white,,,a weak Democrat,do not attend church,42,man,,,Illinois,Non-voter
,,conservative,a weak Democrat,attend church,46,woman,,,Maryland,Non-voter
white,Yes,conservative,a weak Republican,attend church,19,man,somewhat,extremely good,Virginia,Non-voter
white,,liberal,a strong democrat,attend church,,man,,,New York,Non-voter
black,,,a strong democrat,attend church,63,woman,,,Indiana,Non-voter
white,,slightly conservative,an independent who leans Republican,attend church,,man,,,Maryland,Non-voter
,Yes,slightly conservative,an independent who leans Republican,do not attend church,57,man,very,extremely good,Ohio,Trump
white,Yes,slightly conservative,a weak Democrat,attend church,48,man,somewhat,extremely good,Indiana,Trump
black,,moderate,a weak Democrat,do not attend church,20,man,,,Wisconsin,Non-voter
white,Yes,slightly conservative,an independent who leans Republican,attend church,37,woman,not very,extremely good,North Carolina,Trump
asian,Yes,liberal,a strong democrat,do not attend church,58,man,very,moderately good,Colorado,Clinton
white,Yes,liberal,an independent who leans Democratic,do not attend church,22,man,somewhat,neither good nor bad,Massachusetts,Clinton
white,Yes,conservative,an independent,do not attend church,24,man,very,neither good nor bad,Colorado,Non-voter
white,Yes,slightly liberal,an independent,do not attend church,51,woman,not very,extremely good,Oregon,Non-voter
asian,,,an independent,do not attend church,21,man,,,Pennsylvania,Non-voter
white,,conservative,a strong Republican,do not attend church,59,man,,,Nevada,Non-voter
white,Yes,conservative,a weak Republican,attend church,60,woman,very,extremely good,Indiana,Trump
white,Yes,slightly liberal,a strong democrat,attend church,,,somewhat,moderately good,New York,Clinton
white,Yes,slightly conservative,a weak Republican,attend church,27,woman,very,extremely good,Georgia,Non-voter
,Yes,liberal,a strong democrat,do not attend church,54,woman,somewhat,extremely bad,California,Clinton
white,Yes,extremely liberal,a strong democrat,attend church,40,woman,very,extremely good,New York,Clinton
asian,No,,an independent,attend church,68,man,somewhat,moderately good,Virginia,Trump
black,Yes,conservative,a weak Democrat,attend church,35,woman,somewhat,neither good nor bad,California,Clinton
white,Yes,,an independent,attend church,42,woman,not very,extremely good,Wisconsin,Non-voter
white,Yes,extremely liberal,a strong democrat,attend church,65,man,very,moderately good,Massachusetts,Clinton
white,Yes,liberal,a strong democrat,do not attend church,66,man,not very,a little good,New Jersey,Clinton
white,Yes,,a strong democrat,attend church,50,woman,somewhat,moderately good,Wisconsin,Clinton
asian,Yes,moderate,a strong democrat,attend church,,woman,very,extremely good,Iowa,Clinton
hispanic,No,,a strong democrat,do not attend church,90,woman,not very,extremely good,California,Clinton
white,Yes,slightly liberal,an independent who leans Democratic,do not attend church,32,man,not very,moderately good,Nebraska,Non-voter
white,Yes,slightly conservative,an independent who leans Republican,attend church,33,man,somewhat,moderately good,Florida,Non-voter
white,Yes,,a weak Democrat,do not attend church,25,woman,very,neither good nor bad,Colorado,Clinton
white,Yes,liberal,a strong democrat,attend church,48,woman,very,neither good nor bad,California,Clinton
white,No,,an independent,attend church,31,woman,somewhat,neither good nor bad,Kentucky,Trump
white,Yes,conservative,a strong Republican,attend church,41,man,not very,extremely good,Iowa,Trump
asian,No,conservative,an independent,do not attend church,84,man,not at all,extremely good,California,Non-voter
hispanic,,moderate,an independent who leans Republican,do not attend church,43,woman,,,Arizona,Clinton
white,Yes,moderate,an independent,attend church,32,woman,not very,extremely good,Kansas,Trump
white,Yes,liberal,an independent who leans Democratic,do not attend church,25,man,very,neither good nor bad,Ohio,Trump
asian,,conservative,an independent who leans Republican,attend church,,man,,,Oklahoma,Non-voter
white,Yes,liberal,a strong democrat,attend church,57,man,somewhat,neither good nor bad,Missouri,Clinton
white,Yes,,a weak Democrat,attend church,19,man,somewhat,extremely good,Ohio,Trump
black,Yes,,a weak Democrat,attend church,32,woman,somewhat,moderately good,Ohio,Non-voter
white,Yes,conservative,an independent who leans Republican,attend church,56,man,somewhat,extremely good,North Carolina,Trump
white,Yes,slightly liberal,a weak Republican,attend church,50,man,somewhat,moderately good,California,Clinton
white,Yes,slightly conservative,an independent,do not attend church,,woman,not at all,moderately good,California,Non-voter
black,No,,a strong democrat,attend church,53,woman,somewhat,moderately good,North Carolina,Clinton
white,Yes,,an independent who leans Republican,do not attend church,48,woman,somewhat,extremely good,Kentucky,Trump
white,Yes,moderate,a weak Democrat,do not attend church,25,man,somewhat,moderately bad,Massachusetts,Clinton
white,Yes,extremely conservative,an independent who leans Republican,attend church,77,man,very,extremely good,New York,Trump
hispanic,Yes,liberal,a strong democrat,do not attend church,19,woman,somewhat,neither good nor bad,California,Clinton
white,Yes,extremely conservative,a strong Republican,attend church,82,woman,somewhat,extremely good,Texas,Trump
white,Yes,extremely liberal,an independent,do not attend church,42,woman,very,neither good nor bad,Kentucky,Trump
white,Yes,slightly conservative,an independent who leans Republican,attend church,22,man,somewhat,moderately good,Illinois,Non-voter
white,Yes,slightly conservative,an independent who leans Republican,do not attend church,39,woman,somewhat,extremely good,Georgia,Non-voter
black,Yes,,a strong democrat,attend church,35,woman,somewhat,extremely bad,Texas,Non-voter
,Yes,conservative,a strong Republican,attend church,58,man,somewhat,extremely good,Washington,Trump
white,Yes,slightly liberal,a weak Democrat,do not attend church,32,man,somewhat,extremely good,Georgia,Clinton
white,,slightly liberal,an independent who leans Democratic,do not attend church,34,man,,,Idaho,Non-voter
white,Yes,slightly conservative,a weak Republican,attend church,36,woman,somewhat,extremely good,Arizona,Trump
black,No,,an independent,attend church,29,woman,not at all,a little good,Nebraska,Non-voter
white,Yes,conservative,a strong Republican,attend church,68,man,very,extremely good,Virginia,Trump
white,Yes,liberal,a strong democrat,do not attend church,67,woman,very,moderately good,California,Clinton
white,Yes,slightly liberal,a strong democrat,attend church,79,woman,very,extremely good,Arizona,Clinton
white,Yes,conservative,an independent who leans Republican,attend church,59,man,very,extremely good,Montana,Trump
white,Yes,slightly conservative,an independent,attend church,61,man,not very,moderately good,Florida,Trump
white,Yes,slightly liberal,an independent,attend church,48,man,very,moderately good,Nebraska,Clinton
white,Yes,slightly liberal,an independent,attend church,54,man,very,extremely good,New York,Clinton
white,No,,an independent who leans Republican,do not attend church,80,woman,very,extremely good,Texas,Trump
white,No,extremely liberal,a weak Democrat,attend church,30,woman,somewhat,moderately bad,Oregon,Clinton
hispanic,Yes,slightly conservative,a strong democrat,attend church,90,woman,not very,extremely good,Texas,Clinton
hispanic,No,moderate,a strong democrat,attend church,37,man,not very,neither good nor bad,Arizona,Clinton
,Yes,conservative,a strong Republican,attend church,49,man,somewhat,extremely good,Missouri,Trump
black,Yes,moderate,a strong Republican,attend church,29,man,very,extremely good,Tennessee,Clinton
white,,,a weak Democrat,do not attend church,41,man,,,Arizona,Non-voter
hispanic,Yes,slightly liberal,a strong democrat,do not attend church,59,woman,somewhat,extremely good,Maryland,Clinton
white,,moderate,an independent who leans Democratic,do not attend church,36,man,,,Virginia,Non-voter
hispanic,Yes,,a weak Democrat,do not attend church,38,man,somewhat,extremely good,California,Clinton
white,No,slightly liberal,a weak Democrat,do not attend church,47,woman,not very,moderately good,Missouri,Non-voter
white,Yes,conservative,an independent who leans Republican,attend church,82,man,somewhat,extremely good,Georgia,Trump
black,Yes,slightly conservative,a strong democrat,attend church,67,man,somewhat,extremely good,California,Clinton
asian,Yes,,an independent,do not attend church,43,woman,somewhat,moderately good,Virginia,Non-voter
white,Yes,moderate,a weak Democrat,attend church,57,woman,somewhat,a little good,Kentucky,Non-voter
white,Yes,moderate,an independent who leans Democratic,do not attend church,41,woman,not very,moderately bad,New York,Clinton
white,Yes,conservative,a strong Republican,attend church,61,woman,very,extremely good,Louisiana,Trump
white,Yes,conservative,an independent who leans Republican,do not attend church,65,man,not very,moderately good,Maryland,Trump
white,Yes,extremely conservative,a strong Republican,do not attend church,64,woman,somewhat,extremely good,Oklahoma,Trump
white,Yes,liberal,a weak Democrat,do not attend church,27,woman,somewhat,moderately good,Washington,Clinton
white,Yes,conservative,a strong Republican,attend church,64,woman,somewhat,extremely good,Tennessee,Trump
,Yes,,an independent who leans Democratic,attend church,21,woman,somewhat,neither good nor bad,Michigan,Clinton
black,Yes,slightly liberal,an independent who leans Democratic,attend church,70,woman,somewhat,extremely good,Texas,Non-voter
white,,liberal,a weak Democrat,do not attend church,65,woman,,,Minnesota,Non-voter
white,Yes,liberal,a strong democrat,attend church,65,man,somewhat,extremely good,Tennessee,Clinton
white,Yes,moderate,a weak Democrat,attend church,64,man,not very,extremely good,Ohio,Clinton
white,Yes,conservative,an independent who leans Republican,attend church,76,man,somewhat,extremely good,Georgia,Trump
white,Yes,liberal,a weak Democrat,do not attend church,25,woman,somewhat,moderately good,New York,Clinton
white,No,moderate,an independent who leans Republican,attend church,90,woman,somewhat,extremely good,Illinois,Non-voter
hispanic,,,an independent,attend church,24,man,,,California,Non-voter
,Yes,slightly conservative,an independent who leans Democratic,attend church,64,man,very,moderately good,South Carolina,Clinton
white,Yes,extremely conservative,a strong Republican,attend church,69,woman,very,extremely good,Michigan,Trump
white,Yes,slightly conservative,an independent,attend church,41,,not very,a little good,Kansas,Clinton
white,,liberal,a strong democrat,do not attend church,59,woman,,,Wisconsin,Non-voter
white,Yes,conservative,a strong Republican,attend church,25,man,somewhat,extremely good,Minnesota,Trump
white,Yes,moderate,a weak Democrat,do not attend church,31,man,not very,neither good nor bad,Indiana,Non-voter
asian,,conservative,a strong Republican,attend church,50,woman,,,Arkansas,Non-voter
white,No,moderate,an independent who leans Republican,do not attend church,76,woman,somewhat,extremely good,California,Trump
white,Yes,slightly liberal,a strong democrat,do not attend church,70,man,somewhat,extremely good,Minnesota,Clinton
white,Yes,,a weak Democrat,attend church,37,man,somewhat,moderately good,Ohio,Non-voter
white,Yes,slightly liberal,a strong democrat,do not attend church,65,man,somewhat,extremely good,Washington,Non-voter
white,Yes,conservative,a strong Republican,attend church,38,man,not very,extremely good,Florida,Trump
white,,,a weak Democrat,attend church,,man,,,Kentucky,Non-voter
white,,conservative,an independent,do not attend church,46,man,,,North Dakota,Non-voter
white,,conservative,a strong Republican,attend church,48,woman,,,California,Non-voter
hispanic,,,a strong democrat,attend church,65,man,,,Florida,Non-voter
white,Yes,conservative,a strong Republican,do not attend church,69,woman,very,extremely good,Massachusetts,Trump
white,Yes,slightly liberal,an independent,do not attend church,34,man,somewhat,moderately good,Maryland,Clinton
white,Yes,moderate,an independent who leans Republican,do not attend church,59,man,somewhat,extremely good,Minnesota,Trump
white,Yes,,an independent who leans Democratic,attend church,28,woman,somewhat,extremely good,Arkansas,Trump
hispanic,Yes,liberal,a strong democrat,do not attend church,56,man,somewhat,moderately good,Illinois,Non-voter
white,Yes,liberal,an independent who leans Democratic,attend church,34,man,not very,extremely good,Illinois,Clinton
white,Yes,conservative,a strong Republican,attend church,54,woman,somewhat,extremely good,Minnesota,Trump
white,Yes,moderate,an independent,attend church,52,woman,somewhat,extremely good,Minnesota,Trump
hispanic,Yes,slightly conservative,a weak Democrat,attend church,55,man,very,extremely good,California,Clinton
white,Yes,liberal,a strong democrat,do not attend church,64,man,very,moderately good,Utah,Clinton
white,Yes,liberal,a weak Democrat,do not attend church,29,woman,somewhat,extremely good,Washington,Clinton
white,Yes,liberal,a strong democrat,do not attend church,66,woman,very,extremely good,California,Clinton
white,Yes,slightly liberal,a weak Democrat,attend church,71,man,very,extremely good,Minnesota,Clinton
white,Yes,moderate,a strong democrat,attend church,81,woman,very,extremely good,Ohio,Clinton
white,Yes,moderate,a strong Republican,attend church,53,man,somewhat,extremely good,Arizona,Trump
hispanic,No,slightly liberal,a strong democrat,attend church,22,woman,not very,extremely good,California,Clinton
white,Yes,slightly conservative,a weak Democrat,do not attend church,78,man,somewhat,extremely good,Washington,Clinton
white,,moderate,an independent who leans Republican,attend church,21,woman,,,Florida,Non-voter
white,No,conservative,a weak Republican,attend church,54,man,somewhat,moderately good,California,Trump
white,Yes,liberal,a weak Republican,attend church,64,man,not very,extremely good,California,Trump
white,Yes,extremely liberal,an independent who leans Democratic,do not attend church,34,man,very,neither good nor bad,Connecticut,Clinton
white,Yes,conservative,a weak Republican,attend church,30,woman,not very,moderately good,Idaho,Non-voter
white,Yes,,a strong Republican,do not attend church,71,woman,not very,extremely good,Missouri,Trump
white,Yes,slightly liberal,an independent who leans Democratic,do not attend church,20,woman,not very,extremely good,Wisconsin,Clinton
,Yes,,an independent,attend church,55,woman,somewhat,neither good nor bad,Oklahoma,Non-voter
white,,slightly liberal,a strong democrat,do not attend church,69,woman,,,Pennsylvania,Clinton
black,Yes,slightly liberal,a strong democrat,attend church,55,woman,somewhat,moderately good,Alabama,Clinton
white,,moderate,an independent,attend church,27,woman,,,Colorado,Non-voter
white,Yes,conservative,a strong Republican,attend church,67,man,somewhat,extremely good,Nebraska,Trump
white,No,liberal,a strong democrat,do not attend church,63,woman,not very,moderately good,Tennessee,Non-voter
white,Yes,liberal,an independent who leans Democratic,do not attend church,55,woman,somewhat,moderately good,Massachusetts,Clinton
white,Yes,slightly conservative,an independent who leans Republican,do not attend church,62,woman,somewhat,extremely good,Alabama,Trump
asian,Yes,,an independent,attend church,26,man,not very,moderately good,California,Non-voter
,,moderate,an independent,attend church,,,,,Delaware,Non-voter
white,Yes,slightly liberal,a strong democrat,attend church,83,man,not very,neither good nor bad,North Carolina,Clinton
black,Yes,,a strong democrat,attend church,46,woman,very,neither good nor bad,Arkansas,Clinton
white,No,slightly liberal,a weak Democrat,attend church,61,woman,not very,extremely good,Michigan,Non-voter
white,Yes,extremely conservative,a strong Republican,do not attend church,63,woman,somewhat,moderately good,North Carolina,Trump
white,,conservative,a strong Republican,attend church,59,man,,,Florida,Non-voter
,Yes,extremely conservative,an independent who leans Republican,attend church,44,woman,very,extremely good,Texas,Trump
white,No,moderate,an independent,do not attend church,63,woman,not very,extremely good,Illinois,Clinton
,Yes,,a weak Democrat,attend church,36,woman,not very,a little good,Indiana,Non-voter
white,Yes,conservative,a strong Republican,do not attend church,54,woman,very,extremely good,Ohio,Trump
white,Yes,slightly conservative,an independent who leans Republican,do not attend church,64,man,not very,extremely good,Texas,Trump
white,Yes,moderate,a strong Republican,attend church,85,man,very,extremely good,Pennsylvania,Trump
white,Yes,conservative,a strong Republican,attend church,65,man,somewhat,extremely good,South Carolina,Trump
white,Yes,liberal,a strong democrat,do not attend church,30,man,very,a little good,Alabama,Clinton
,,,an independent,do not attend church,20,woman,,,New York,Non-voter
white,,conservative,an independent who leans Republican,do not attend church,31,man,,,Washington,Non-voter
hispanic,Yes,slightly conservative,a weak Republican,do not attend church,54,woman,somewhat,extremely good,Georgia,Clinton
white,Yes,liberal,an independent who leans Democratic,do not attend church,33,man,very,neither good nor bad,Arizona,Clinton
white,,,a weak Democrat,attend church,24,woman,,,Florida,Non-voter
white,No,,an independent,do not attend church,67,woman,somewhat,extremely good,Michigan,Trump
white,,liberal,a strong democrat,do not attend church,66,man,,,Kentucky,Non-voter
white,Yes,extremely liberal,a strong democrat,do not attend church,20,woman,not very,neither good nor bad,Massachusetts,Clinton
hispanic,Yes,moderate,a weak Democrat,attend church,56,woman,somewhat,neither good nor bad,Indiana,Non-voter
white,Yes,conservative,an independent who leans Republican,attend church,57,man,somewhat,extremely good,Pennsylvania,Trump
black,No,,an independent,attend church,76,man,not at all,neither good nor bad,Ohio,Non-voter
white,,moderate,an independent who leans Democratic,do not attend church,81,man,,,Michigan,Non-voter
white,,liberal,a weak Democrat,attend church,61,man,,,Michigan,Clinton
white,,conservative,a strong Republican,attend church,72,woman,,,Illinois,Non-voter
hispanic,Yes,moderate,an independent,attend church,64,man,somewhat,moderately good,Texas,Clinton
hispanic,Yes,slightly liberal,a weak Democrat,attend church,42,woman,very,extremely good,California,Clinton
white,,,a weak Republican,attend church,82,man,,,New York,Non-voter
hispanic,Yes,liberal,an independent who leans Democratic,attend church,35,woman,somewhat,neither good nor bad,New York,Non-voter
hispanic,Yes,conservative,a strong Republican,attend church,29,man,somewhat,extremely good,Nevada,Trump
white,No,moderate,an independent who leans Republican,attend church,62,woman,not very,extremely good,New York,Trump
hispanic,Yes,liberal,an independent,do not attend church,61,woman,somewhat,moderately good,Florida,Non-voter
white,Yes,liberal,a strong democrat,attend church,75,man,very,neither good nor bad,Pennsylvania,Clinton
white,Yes,slightly liberal,a strong democrat,do not attend church,56,man,very,extremely good,Missouri,Clinton
white,Yes,liberal,a strong democrat,do not attend church,27,woman,very,moderately good,New York,Clinton
hispanic,Yes,moderate,a weak Democrat,attend church,19,man,somewhat,neither good nor bad,California,Clinton
white,Yes,slightly liberal,a strong democrat,do not attend church,56,man,not very,extremely good,Virginia,Trump
white,No,slightly liberal,an independent,do not attend church,73,man,not at all,extremely good,New York,Trump
white,Yes,,a weak Democrat,attend church,56,man,not very,extremely good,Wisconsin,Clinton
white,Yes,slightly liberal,an independent who leans Democratic,do not attend church,25,man,somewhat,moderately good,North Carolina,Clinton
white,Yes,moderate,a weak Republican,do not attend church,51,woman,not very,extremely good,Illinois,Non-voter
white,Yes,liberal,a strong democrat,do not attend church,64,woman,somewhat,moderately good,North Carolina,Clinton
,No,moderate,a weak Democrat,attend church,20,woman,not very,moderately good,Arizona,Non-voter
white,Yes,slightly conservative,a strong Republican,attend church,56,woman,not very,neither good nor bad,Texas,Trump
white,Yes,slightly conservative,a strong Republican,attend church,34,man,somewhat,extremely good,Texas,Non-voter
white,,moderate,an independent who leans Democratic,do not attend church,75,man,,,Pennsylvania,Non-voter
black,Yes,,a strong democrat,do not attend church,38,man,somewhat,moderately good,New Jersey,Clinton
white,Yes,liberal,a strong democrat,do not attend church,50,man,very,extremely good,Texas,Clinton
black,Yes,,a strong democrat,attend church,61,man,very,extremely good,Maryland,Clinton
white,Yes,slightly conservative,a weak Republican,attend church,62,man,somewhat,neither good nor bad,Virginia,Trump
white,No,,an independent who leans Democratic,attend church,30,man,not very,moderately good,Pennsylvania,Non-voter
white,Yes,,an independent,attend church,27,woman,not very,moderately good,Maine,Non-voter
white,Yes,liberal,a weak Democrat,do not attend church,48,man,somewhat,moderately good,California,Clinton
black,Yes,,a strong democrat,attend church,66,woman,not at all,extremely good,Ohio,Clinton
hispanic,Yes,slightly liberal,a strong democrat,do not attend church,31,woman,somewhat,extremely good,California,Clinton
white,Yes,slightly conservative,a weak Republican,attend church,33,woman,somewhat,moderately good,Louisiana,Non-voter
white,,moderate,a weak Republican,attend church,67,woman,,,Michigan,Non-voter
white,Yes,slightly conservative,a weak Republican,attend church,48,woman,not very,moderately good,Ohio,Non-voter
white,Yes,slightly conservative,an independent who leans Republican,attend church,62,woman,somewhat,extremely good,Arizona,Non-voter
white,Yes,moderate,a weak Democrat,do not attend church,59,woman,somewhat,extremely good,Illinois,Non-voter
white,Yes,slightly conservative,an independent who leans Republican,attend church,19,man,somewhat,moderately good,Florida,Trump
white,Yes,slightly liberal,a strong democrat,do not attend church,21,woman,somewhat,neither good nor bad,Tennessee,Clinton
white,No,conservative,a strong Republican,attend church,64,woman,somewhat,extremely good,California,Trump
white,Yes,,a weak Republican,do not attend church,51,woman,somewhat,moderately good,Virginia,Trump
black,No,liberal,a strong democrat,attend church,23,man,not at all,a little good,Missouri,Non-voter
black,Yes,moderate,a weak Democrat,do not attend church,44,woman,very,a little good,Ohio,Clinton
white,Yes,slightly liberal,an independent,do not attend church,72,woman,somewhat,extremely good,Louisiana,Clinton
white,Yes,moderate,an independent,do not attend church,35,man,not very,moderately good,New York,Non-voter
white,Yes,moderate,a strong democrat,do not attend church,72,man,somewhat,moderately good,Nevada,Clinton
white,Yes,conservative,a strong Republican,attend church,47,woman,somewhat,extremely good,Florida,Non-voter
white,,,a strong Republican,attend church,66,woman,,,Louisiana,Non-voter
white,Yes,conservative,a weak Republican,attend church,69,man,not very,extremely good,Ohio,Trump
white,Yes,liberal,a strong democrat,do not attend church,52,man,very,neither good nor bad,Pennsylvania,Clinton
white,Yes,slightly conservative,a weak Democrat,attend church,33,woman,somewhat,extremely good,Missouri,Trump
white,Yes,moderate,an independent,do not attend church,,woman,very,a little good,Texas,Non-voter
white,Yes,slightly conservative,a weak Republican,attend church,35,man,very,extremely good,Connecticut,Trump
white,Yes,,a weak Democrat,attend church,60,woman,not very,extremely good,Kentucky,Clinton
white,No,slightly conservative,an independent who leans Republican,do not attend church,43,man,not at all,moderately good,Florida,Trump
black,Yes,,a strong democrat,attend church,51,woman,not at all,neither good nor bad,Mississippi,Clinton
white,Yes,liberal,a strong democrat,do not attend church,45,woman,not very,neither good nor bad,Michigan,Clinton
white,Yes,,an independent who leans Democratic,do not attend church,55,woman,not very,moderately good,Michigan,Clinton
white,Yes,slightly liberal,an independent who leans Democratic,attend church,24,man,not very,moderately good,South Dakota,Non-voter
asian,No,,a weak Democrat,attend church,21,woman,somewhat,extremely good,California,Clinton
white,Yes,conservative,an independent who leans Republican,attend church,47,man,somewhat,moderately good,Louisiana,Trump
black,Yes,liberal,a strong democrat,attend church,68,woman,very,moderately good,North Carolina,Clinton
hispanic,No,moderate,an independent who leans Democratic,attend church,39,man,not very,extremely good,Michigan,Non-voter
asian,Yes,moderate,an independent who leans Democratic,do not attend church,51,woman,not very,moderately good,Virginia,Non-voter
,No,slightly conservative,a weak Democrat,attend church,71,woman,not very,extremely good,Pennsylvania,Non-voter
white,,moderate,an independent who leans Republican,do not attend church,46,man,,,Alaska,Non-voter
white,Yes,slightly liberal,an independent who leans Democratic,do not attend church,58,man,very,extremely good,Texas,Clinton
hispanic,Yes,slightly liberal,a strong democrat,attend church,37,man,somewhat,neither good nor bad,Texas,Clinton
white,Yes,liberal,a weak Democrat,attend church,67,man,very,moderately good,Oregon,Clinton
white,,slightly conservative,an independent who leans Republican,do not attend church,50,man,,,Tennessee,Non-voter
white,No,moderate,an independent,attend church,50,man,somewhat,extremely good,Maryland,Clinton
white,Yes,conservative,a weak Republican,do not attend church,,man,not very,moderately good,Illinois,Trump
white,Yes,conservative,a strong Republican,attend church,25,woman,not very,moderately good,Indiana,Trump
white,,liberal,a strong democrat,attend church,73,man,,,Oklahoma,Non-voter
hispanic,Yes,,a weak Democrat,attend church,60,woman,not very,extremely good,Colorado,Non-voter
black,Yes,,a strong democrat,attend church,37,woman,very,extremely good,Michigan,Clinton
white,Yes,extremely liberal,a strong democrat,do not attend church,28,woman,somewhat,extremely good,California,Clinton
white,Yes,conservative,a weak Republican,attend church,58,man,somewhat,moderately good,Minnesota,Trump
white,Yes,conservative,a strong Republican,do not attend church,38,man,very,extremely good,Massachusetts,Trump
white,Yes,slightly liberal,a strong democrat,do not attend church,68,woman,very,extremely good,Washington,Clinton
white,Yes,moderate,an independent,do not attend church,84,man,somewhat,extremely good,Connecticut,Trump
,No,,a strong democrat,attend church,31,,,a little bad,Georgia,Clinton
white,Yes,,a weak Democrat,do not attend church,62,man,somewhat,extremely good,Pennsylvania,Clinton
white,Yes,slightly conservative,a strong Republican,attend church,65,man,very,extremely good,Arizona,Trump
white,,,an independent who leans Republican,do not attend church,69,man,,,Michigan,Non-voter
white,,moderate,an independent who leans Republican,do not attend church,40,woman,,,Arizona,Non-voter
hispanic,,,an independent,attend church,38,woman,,,New Jersey,Non-voter
,No,,,,,man,not very,,New York,Non-voter
black,Yes,moderate,an independent,attend church,26,man,somewhat,a little good,Texas,Non-voter
,,,a weak Democrat,attend church,68,woman,,,Nevada,Non-voter
white,Yes,,a weak Republican,do not attend church,65,woman,not very,extremely good,North Carolina,Trump
white,Yes,liberal,a strong democrat,do not attend church,67,woman,somewhat,extremely good,Arizona,Clinton
white,No,slightly liberal,an independent who leans Republican,do not attend church,54,woman,not very,a little good,Massachusetts,Non-voter
white,Yes,conservative,a strong Republican,attend church,36,man,not very,moderately good,Maryland,Trump
white,Yes,liberal,a strong democrat,do not attend church,63,woman,very,extremely good,New Jersey,Clinton
white,No,moderate,a weak Republican,do not attend church,50,man,not very,extremely good,Florida,Non-voter
white,Yes,,a weak Republican,attend church,44,woman,not at all,neither good nor bad,Florida,Non-voter
white,No,,an independent,do not attend church,51,woman,somewhat,extremely good,Illinois,Trump
white,Yes,extremely conservative,a weak Republican,attend church,62,woman,somewhat,extremely good,Mississippi,Trump
,,,an independent who leans Republican,do not attend church,56,man,,,Colorado,Non-voter
white,Yes,conservative,an independent,do not attend church,,man,somewhat,extremely good,New York,Trump
white,Yes,slightly conservative,an independent who leans Republican,do not attend church,39,woman,somewhat,extremely good,Florida,Trump
white,Yes,slightly liberal,a strong democrat,attend church,54,woman,somewhat,extremely good,Pennsylvania,Clinton
white,Yes,slightly conservative,a weak Democrat,do not attend church,63,man,somewhat,extremely good,Virginia,Clinton
white,Yes,conservative,a strong Republican,attend church,72,man,very,extremely good,North Carolina,Trump
white,No,slightly liberal,an independent who leans Democratic,attend church,30,woman,somewhat,extremely good,Massachusetts,Clinton
white,,extremely conservative,a strong Republican,attend church,64,man,,,North Carolina,Trump
white,Yes,moderate,an independent,do not attend church,39,man,not very,extremely good,Kentucky,Trump
white,Yes,,a weak Democrat,attend church,44,woman,somewhat,extremely good,Tennessee,Trump
white,Yes,extremely conservative,a strong Republican,do not attend church,73,woman,somewhat,extremely good,California,Trump
white,,,an independent,do not attend church,54,man,,,Nevada,Clinton
black,No,,an independent who leans Democratic,attend church,75,woman,not at all,a little good,Delaware,Clinton
asian,Yes,,a strong Republican,attend church,47,man,very,extremely good,Texas,Trump
white,Yes,slightly liberal,a weak Democrat,do not attend church,42,woman,somewhat,neither good nor bad,Pennsylvania,Clinton
black,Yes,moderate,a strong democrat,attend church,53,woman,somewhat,extremely good,Connecticut,Clinton
white,Yes,extremely conservative,an independent,attend church,67,man,somewhat,extremely good,Mississippi,Trump
black,Yes,extremely liberal,a weak Democrat,do not attend church,69,woman,not very,neither good nor bad,Arizona,Non-voter
white,Yes,extremely conservative,a strong Republican,attend church,59,woman,somewhat,extremely good,Maine,Trump
hispanic,Yes,,an independent,attend church,33,woman,somewhat,moderately good,Maryland,Non-voter
white,Yes,extremely liberal,a weak Democrat,do not attend church,63,man,somewhat,neither good nor bad,California,Clinton
white,Yes,slightly conservative,an independent who leans Republican,attend church,29,man,not at all,extremely good,Arizona,Trump
white,No,slightly conservative,a weak Republican,do not attend church,67,man,somewhat,extremely good,Virginia,Trump
,,,a weak Democrat,attend church,57,man,,,Florida,Non-voter
white,Yes,slightly conservative,a strong Republican,do not attend church,27,woman,somewhat,extremely good,Illinois,Trump
black,Yes,,a strong democrat,attend church,66,woman,somewhat,extremely good,Oklahoma,Clinton
white,Yes,moderate,a strong democrat,attend church,55,man,very,extremely good,Arkansas,Clinton
,,,an independent,,,woman,,,Minnesota,Non-voter
white,No,slightly conservative,a strong democrat,attend church,23,man,not very,extremely good,Kentucky,Clinton
black,Yes,,a strong democrat,do not attend church,57,man,somewhat,extremely good,South Carolina,Clinton
white,Yes,moderate,an independent,do not attend church,61,man,somewhat,extremely good,Idaho,Non-voter
white,Yes,slightly liberal,a weak Democrat,do not attend church,50,woman,somewhat,extremely good,Michigan,Trump
white,Yes,moderate,an independent who leans Democratic,attend church,68,woman,very,extremely good,Washington,Clinton
white,Yes,slightly conservative,a weak Republican,do not attend church,46,man,somewhat,moderately good,Connecticut,Non-voter
,Yes,moderate,an independent who leans Democratic,attend church,39,,somewhat,moderately good,Michigan,Non-voter
white,Yes,extremely conservative,an independent who leans Republican,attend church,66,man,very,extremely good,New Jersey,Trump
white,Yes,liberal,a strong democrat,do not attend church,65,man,very,neither good nor bad,Massachusetts,Clinton
black,,liberal,a strong democrat,attend church,71,woman,,,Ohio,Non-voter
hispanic,Yes,,an independent,do not attend church,38,man,somewhat,extremely good,Nevada,Non-voter
white,Yes,slightly liberal,an independent who leans Democratic,do not attend church,61,man,very,neither good nor bad,California,Clinton
white,No,,an independent who leans Democratic,do not attend church,44,woman,not at all,extremely good,Michigan,Non-voter
white,,moderate,an independent who leans Republican,do not attend church,28,woman,,,Michigan,Non-voter
white,,,an independent,attend church,34,man,,,West Virginia,Non-voter
white,Yes,,a weak Democrat,attend church,62,woman,not at all,extremely good,Illinois,Trump
white,No,,a weak Republican,attend church,49,woman,not at all,neither good nor bad,Minnesota,Non-voter
white,Yes,slightly liberal,a strong democrat,attend church,27,woman,not very,extremely good,Wisconsin,Non-voter
white,Yes,conservative,an independent,do not attend church,65,man,somewhat,moderately good,Minnesota,Trump
white,Yes,extremely liberal,a strong democrat,do not attend church,35,woman,somewhat,neither good nor bad,Louisiana,Clinton
white,Yes,moderate,an independent who leans Republican,do not attend church,51,woman,somewhat,moderately good,Arizona,Trump
white,Yes,slightly liberal,a strong democrat,attend church,56,man,very,a little good,Illinois,Clinton
white,,extremely liberal,a strong democrat,do not attend church,39,man,,,Michigan,Non-voter
white,Yes,,a weak Republican,attend church,44,woman,very,a little good,Pennsylvania,Non-voter
black,,moderate,an independent who leans Democratic,attend church,69,man,,,Ohio,Clinton
black,No,moderate,a strong democrat,attend church,53,woman,not very,neither good nor bad,Pennsylvania,Clinton
white,Yes,moderate,an independent who leans Republican,do not attend church,37,woman,somewhat,moderately good,Michigan,Non-voter
white,Yes,slightly liberal,a strong democrat,attend church,68,woman,not very,extremely good,Pennsylvania,Clinton
white,Yes,,an independent who leans Republican,attend church,61,woman,somewhat,extremely good,Nebraska,Clinton
white,Yes,slightly conservative,a strong Republican,do not attend church,68,man,very,extremely good,North Carolina,Clinton
white,Yes,conservative,a weak Republican,do not attend church,82,man,somewhat,extremely good,Oregon,Trump
white,Yes,slightly liberal,a strong democrat,do not attend church,69,man,somewhat,moderately good,New Jersey,Clinton
white,Yes,slightly liberal,a strong democrat,attend church,60,woman,very,moderately good,Iowa,Clinton
black,Yes,liberal,a strong democrat,attend church,30,woman,somewhat,neither good nor bad,New Jersey,Clinton
white,No,moderate,a weak Democrat,attend church,67,man,not very,extremely good,Missouri,Clinton
white,No,slightly liberal,a weak Democrat,do not attend church,33,man,not very,moderately good,Washington,Trump
white,No,moderate,an independent,attend church,43,woman,very,extremely good,Tennessee,Trump
white,Yes,conservative,a strong Republican,attend church,61,woman,not very,extremely good,Florida,Trump
white,Yes,liberal,a strong democrat,do not attend church,25,woman,somewhat,a little good,California,Clinton
hispanic,Yes,moderate,a strong democrat,attend church,56,man,very,extremely good,Nevada,Non-voter
white,Yes,moderate,an independent who leans Democratic,attend church,53,man,very,extremely good,New York,Clinton
white,Yes,conservative,a strong Republican,attend church,69,man,very,extremely good,Missouri,Trump
white,Yes,conservative,a weak Republican,attend church,47,man,not very,extremely good,Virginia,Trump
white,Yes,liberal,a weak Democrat,attend church,36,woman,somewhat,neither good nor bad,Idaho,Non-voter
white,,liberal,an independent,do not attend church,38,man,,,Ohio,Non-voter
white,Yes,conservative,a weak Republican,attend church,81,woman,somewhat,extremely good,North Carolina,Trump
white,Yes,extremely conservative,a strong Republican,attend church,53,man,somewhat,extremely good,North Carolina,Trump
white,Yes,conservative,a weak Republican,do not attend church,68,man,very,extremely good,Georgia,Trump
hispanic,Yes,,an independent,attend church,18,man,somewhat,extremely good,Texas,Non-voter
white,No,,a strong democrat,do not attend church,76,man,not very,moderately good,Oregon,Clinton
white,Yes,liberal,a strong democrat,do not attend church,68,woman,somewhat,extremely good,Arizona,Clinton
hispanic,Yes,moderate,an independent,attend church,45,man,not very,neither good nor bad,New York,Non-voter
asian,Yes,liberal,a weak Democrat,do not attend church,31,man,not very,neither good nor bad,Connecticut,Non-voter
white,Yes,slightly liberal,an independent who leans Democratic,attend church,25,woman,somewhat,a little good,Arizona,Clinton
white,No,moderate,an independent,do not attend church,32,woman,not at all,extremely good,California,Trump
white,Yes,liberal,a strong democrat,do not attend church,54,man,very,neither good nor bad,Connecticut,Clinton
white,No,liberal,a weak Republican,do not attend church,20,woman,not at all,neither good nor bad,California,Non-voter
white,Yes,conservative,a strong Republican,attend church,65,man,very,extremely good,Indiana,Trump
white,,extremely liberal,a weak Democrat,do not attend church,32,man,,,Colorado,Non-voter
white,Yes,liberal,a strong democrat,do not attend church,60,woman,somewhat,moderately good,Wisconsin,Clinton
,Yes,slightly liberal,a strong democrat,attend church,63,woman,very,moderately good,North Carolina,Clinton
hispanic,Yes,liberal,a weak Democrat,do not attend church,28,woman,somewhat,neither good nor bad,Georgia,Non-voter
white,Yes,slightly liberal,an independent who leans Democratic,attend church,42,man,very,moderately good,New York,Clinton
white,Yes,slightly liberal,an independent,do not attend church,60,woman,somewhat,extremely good,Florida,Non-voter
hispanic,,,a weak Democrat,do not attend church,33,man,,,Arkansas,Non-voter
white,Yes,liberal,a strong democrat,do not attend church,57,woman,somewhat,moderately good,Iowa,Non-voter
white,Yes,conservative,a strong Republican,attend church,76,woman,somewhat,extremely good,Virginia,Trump
white,Yes,extremely conservative,a strong Republican,attend church,62,woman,very,extremely good,Tennessee,Trump
white,Yes,extremely conservative,a strong Republican,attend church,31,woman,somewhat,moderately good,Tennessee,Trump
hispanic,No,,an independent,attend church,18,man,not very,neither good nor bad,Texas,Non-voter
,Yes,liberal,an independent who leans Democratic,attend church,34,woman,somewhat,extremely good,Kentucky,Clinton
white,,slightly conservative,a weak Republican,attend church,46,man,,,Tennessee,Non-voter
white,Yes,slightly conservative,a weak Republican,attend church,39,man,somewhat,extremely good,Washington,Non-voter
white,Yes,liberal,a strong democrat,do not attend church,54,man,very,extremely good,Washington,Clinton
white,Yes,slightly liberal,a weak Democrat,do not attend church,63,man,very,a little good,Arizona,Clinton
white,No,slightly liberal,an independent who leans Democratic,attend church,35,woman,somewhat,moderately good,Texas,Non-voter
white,Yes,conservative,a strong Republican,attend church,32,man,somewhat,extremely good,Indiana,Trump
white,No,extremely liberal,an independent who leans Republican,do not attend church,30,man,not very,neither good nor bad,Washington,Non-voter
white,Yes,conservative,an independent who leans Republican,attend church,30,woman,not very,extremely good,South Dakota,Non-voter
white,Yes,,an independent who leans Democratic,attend church,31,man,not very,moderately good,Michigan,Non-voter
white,Yes,moderate,a strong democrat,do not attend church,26,woman,somewhat,neither good nor bad,Ohio,Clinton
white,Yes,,a strong democrat,do not attend church,42,woman,not very,extremely good,Pennsylvania,Clinton
asian,Yes,moderate,a strong democrat,attend church,68,man,somewhat,moderately good,North Carolina,Clinton
white,Yes,liberal,a strong democrat,do not attend church,65,woman,somewhat,moderately good,Tennessee,Clinton
black,,,a strong democrat,attend church,49,woman,,,Texas,Non-voter
white,,moderate,a weak Democrat,attend church,66,woman,,,California,Non-voter
white,,slightly liberal,an independent who leans Democratic,do not attend church,37,man,,,Massachusetts,Non-voter
white,Yes,slightly conservative,a strong Republican,do not attend church,22,man,somewhat,extremely good,Oklahoma,Non-voter
white,Yes,conservative,a weak Republican,attend church,36,woman,somewhat,extremely good,Idaho,Non-voter
white,Yes,,an independent,attend church,28,woman,not very,extremely good,Virginia,Clinton
white,No,moderate,an independent who leans Democratic,do not attend church,58,woman,somewhat,extremely good,North Carolina,Trump
white,No,slightly conservative,a strong Republican,attend church,60,man,not at all,extremely good,Georgia,Trump
black,Yes,slightly liberal,an independent who leans Democratic,do not attend church,35,woman,not very,neither good nor bad,Connecticut,Clinton
black,No,,a strong democrat,attend church,47,woman,not very,extremely good,California,Clinton
,Yes,,an independent who leans Democratic,do not attend church,39,woman,somewhat,moderately good,New Jersey,Clinton
white,Yes,moderate,a strong democrat,do not attend church,53,woman,somewhat,extremely good,Pennsylvania,Clinton
white,Yes,moderate,an independent,do not attend church,53,woman,not very,moderately good,Iowa,Non-voter
white,Yes,slightly conservative,a weak Republican,attend church,46,woman,somewhat,extremely good,California,Trump
white,No,slightly conservative,a strong Republican,attend church,30,man,not very,extremely good,New York,Non-voter
black,Yes,,a strong democrat,do not attend church,42,woman,not very,neither good nor bad,Georgia,Non-voter
white,Yes,,a strong democrat,attend church,53,woman,somewhat,neither good nor bad,Illinois,Non-voter
white,Yes,liberal,a weak Democrat,do not attend church,31,man,somewhat,neither good nor bad,Colorado,Clinton
white,,moderate,an independent,do not attend church,71,man,,,Florida,Non-voter
,Yes,moderate,an independent who leans Democratic,attend church,,,not very,extremely good,Washington,Clinton
white,Yes,moderate,a weak Republican,attend church,60,woman,very,extremely good,Kansas,Trump
white,Yes,conservative,a weak Republican,do not attend church,41,man,somewhat,extremely good,Missouri,Non-voter
white,Yes,conservative,a strong Republican,attend church,23,man,not very,moderately good,Pennsylvania,Trump
white,Yes,slightly conservative,an independent who leans Republican,do not attend church,38,man,somewhat,a little good,New York,Non-voter
white,Yes,moderate,a weak Democrat,attend church,39,woman,not very,extremely good,Delaware,Clinton
black,Yes,slightly liberal,an independent who leans Democratic,do not attend church,35,man,somewhat,neither good nor bad,Georgia,Non-voter
white,Yes,slightly conservative,an independent who leans Republican,attend church,20,man,very,moderately good,Maryland,Trump
hispanic,Yes,moderate,an independent,attend church,51,man,somewhat,extremely good,California,Clinton
white,No,slightly conservative,an independent who leans Republican,attend church,71,woman,somewhat,extremely good,North Carolina,Trump
white,Yes,slightly conservative,a weak Democrat,attend church,25,man,somewhat,extremely good,Arizona,Non-voter
white,Yes,liberal,a strong democrat,do not attend church,70,woman,very,neither good nor bad,California,Clinton
white,Yes,liberal,a weak Democrat,attend church,38,woman,somewhat,a little good,Indiana,Clinton
white,No,moderate,an independent who leans Democratic,do not attend church,28,woman,not very,moderately good,Wisconsin,Non-voter
white,Yes,moderate,a weak Republican,attend church,32,man,somewhat,extremely good,Washington,Non-voter
white,,moderate,an independent who leans Democratic,attend church,46,man,,,Florida,Non-voter
white,Yes,moderate,an independent who leans Republican,do not attend church,33,man,not very,moderately good,New York,Non-voter
white,No,,a strong Republican,attend church,58,woman,not very,extremely good,Kentucky,Trump
white,No,conservative,a strong democrat,attend church,79,woman,somewhat,extremely good,Missouri,Clinton
white,Yes,slightly conservative,a weak Republican,do not attend church,40,woman,somewhat,moderately good,California,Clinton
white,Yes,conservative,a strong Republican,do not attend church,66,man,very,extremely good,New Hampshire,Trump
white,Yes,extremely liberal,a strong democrat,do not attend church,69,woman,very,neither good nor bad,Arkansas,Clinton
hispanic,Yes,moderate,an independent who leans Republican,attend church,46,woman,not very,neither good nor bad,Georgia,Clinton
white,Yes,moderate,a strong Republican,attend church,38,man,not very,extremely good,California,Trump
hispanic,Yes,moderate,a strong democrat,do not attend church,50,man,not very,,California,Non-voter
,No,,an independent,do not attend church,32,man,somewhat,moderately good,Iowa,Non-voter
hispanic,,slightly liberal,an independent who leans Democratic,do not attend church,26,woman,,,Illinois,Non-voter
white,Yes,slightly liberal,an independent who leans Democratic,do not attend church,68,man,very,extremely good,Massachusetts,Clinton
black,Yes,liberal,an independent,do not attend church,22,woman,somewhat,moderately bad,New York,Non-voter
,Yes,slightly conservative,an independent who leans Republican,attend church,56,man,somewhat,neither good nor bad,Ohio,Non-voter
white,Yes,conservative,a strong Republican,attend church,55,man,somewhat,extremely good,Washington,Trump
black,No,moderate,an independent,do not attend church,64,man,somewhat,neither good nor bad,Tennessee,Non-voter
white,,,an independent who leans Republican,attend church,61,woman,,,California,Non-voter
white,Yes,moderate,a weak Republican,attend church,54,woman,somewhat,extremely good,Kentucky,Non-voter
white,Yes,slightly conservative,a weak Republican,attend church,36,woman,not very,extremely good,North Carolina,Non-voter
black,Yes,moderate,a strong democrat,attend church,20,woman,not very,neither good nor bad,Ohio,Clinton
white,Yes,moderate,an independent who leans Republican,do not attend church,69,man,very,extremely good,North Carolina,Trump
white,Yes,slightly liberal,a weak Democrat,attend church,27,man,somewhat,a little good,New York,Non-voter
white,Yes,,a weak Republican,do not attend church,86,woman,not very,extremely good,Arizona,Trump
white,Yes,moderate,a strong democrat,do not attend church,57,woman,somewhat,neither good nor bad,Pennsylvania,Clinton
white,Yes,,a weak Democrat,do not attend church,30,woman,not very,moderately good,Illinois,Non-voter
black,No,,an independent who leans Democratic,attend church,40,woman,not very,neither good nor bad,Michigan,Non-voter
white,,,a weak Republican,do not attend church,66,man,,,Pennsylvania,Non-voter
hispanic,No,liberal,a weak Democrat,do not attend church,36,man,very,neither good nor bad,California,Clinton
white,Yes,slightly liberal,a strong democrat,attend church,44,man,somewhat,neither good nor bad,New Jersey,Clinton
native American,No,moderate,an independent who leans Democratic,attend church,55,woman,somewhat,moderately good,Michigan,Clinton
white,No,liberal,a weak Democrat,do not attend church,33,woman,not very,moderately good,Arizona,Clinton
white,Yes,,an independent who leans Democratic,do not attend church,58,woman,not very,neither good nor bad,Texas,Clinton
black,Yes,,an independent,attend church,31,man,not very,moderately good,Texas,Non-voter
white,No,,a strong Republican,attend church,56,man,somewhat,extremely good,Washington,Trump
hispanic,Yes,moderate,a weak Democrat,attend church,57,woman,somewhat,extremely good,Texas,Trump
white,Yes,moderate,an independent who leans Democratic,attend church,28,man,somewhat,neither good nor bad,Kentucky,Clinton
white,Yes,liberal,a strong democrat,attend church,37,woman,somewhat,a little good,Michigan,Clinton
white,Yes,moderate,an independent who leans Republican,attend church,45,man,very,extremely good,Arkansas,Trump
hispanic,Yes,extremely conservative,an independent,attend church,43,woman,very,a little good,Virginia,Trump
white,Yes,slightly liberal,a weak Democrat,attend church,37,woman,very,moderately good,Vermont,Clinton
white,Yes,slightly liberal,a strong democrat,do not attend church,66,woman,very,extremely good,California,Clinton
white,Yes,slightly conservative,a weak Republican,attend church,76,woman,somewhat,extremely good,Minnesota,Non-voter
black,Yes,liberal,a strong democrat,attend church,75,woman,somewhat,moderately good,Alabama,Clinton
black,No,moderate,an independent who leans Democratic,attend church,33,man,not very,neither good nor bad,Texas,Non-voter
white,Yes,slightly conservative,an independent,do not attend church,72,man,somewhat,extremely good,Maryland,Trump
hispanic,Yes,liberal,a strong democrat,attend church,26,woman,somewhat,extremely good,California,Clinton
white,Yes,moderate,an independent who leans Democratic,attend church,72,man,somewhat,moderately good,California,Non-voter
white,Yes,slightly conservative,an independent,do not attend church,38,woman,not at all,extremely good,California,Non-voter
white,No,,an independent,do not attend church,35,woman,not at all,extremely good,Maryland,Non-voter
white,No,,an independent who leans Republican,do not attend church,67,woman,somewhat,extremely good,New York,Non-voter
,Yes,conservative,a strong Republican,attend church,63,man,somewhat,extremely good,Wisconsin,Trump
white,,moderate,an independent who leans Republican,attend church,42,man,,,Kentucky,Non-voter
white,Yes,conservative,a strong Republican,attend church,78,woman,not at all,extremely good,North Carolina,Trump
white,Yes,slightly liberal,a weak Republican,attend church,24,man,somewhat,extremely good,Michigan,Non-voter
white,Yes,liberal,a strong democrat,do not attend church,66,man,somewhat,moderately good,Nebraska,Clinton
white,No,conservative,an independent who leans Republican,attend church,57,woman,not very,extremely good,Georgia,Non-voter
white,Yes,moderate,an independent who leans Democratic,attend church,52,man,somewhat,extremely good,Nebraska,Clinton
black,Yes,liberal,a strong democrat,do not attend church,45,woman,somewhat,extremely good,New York,Clinton
hispanic,,extremely liberal,a strong democrat,attend church,37,woman,,,Texas,Non-voter
white,No,moderate,a weak Democrat,attend church,39,woman,somewhat,a little good,South Carolina,Clinton
white,Yes,,a weak Democrat,attend church,35,man,somewhat,extremely good,Pennsylvania,Trump
black,Yes,,a strong democrat,attend church,46,woman,very,extremely good,Arkansas,Clinton
white,Yes,moderate,an independent who leans Republican,attend church,72,woman,somewhat,extremely good,Missouri,Trump
hispanic,Yes,extremely conservative,a strong Republican,attend church,29,man,not very,extremely good,Florida,Non-voter
white,Yes,extremely conservative,a strong Republican,do not attend church,62,woman,somewhat,extremely good,Maryland,Trump
white,Yes,moderate,a weak Republican,attend church,78,woman,somewhat,extremely good,Ohio,Trump
white,,conservative,a strong Republican,do not attend church,29,woman,,,Colorado,Non-voter
black,Yes,moderate,an independent,do not attend church,26,man,somewhat,neither good nor bad,North Carolina,Non-voter
white,Yes,extremely liberal,a strong democrat,do not attend church,33,man,very,neither good nor bad,New York,Clinton
white,Yes,moderate,a strong Republican,do not attend church,52,man,somewhat,extremely good,Rhode Island,Non-voter
white,Yes,extremely conservative,an independent who leans Republican,attend church,69,woman,somewhat,moderately good,New York,Trump
white,No,,a weak Democrat,do not attend church,39,man,not very,moderately good,New York,Clinton
white,No,conservative,a weak Republican,attend church,50,woman,not very,neither good nor bad,New Jersey,Trump
white,Yes,slightly conservative,a weak Republican,attend church,59,woman,somewhat,extremely good,Maryland,Trump
hispanic,Yes,liberal,an independent,do not attend church,34,woman,somewhat,neither good nor bad,Arizona,Non-voter
white,Yes,conservative,a strong Republican,do not attend church,35,man,not very,extremely good,Missouri,Trump
white,,slightly conservative,a weak Democrat,do not attend church,54,woman,,,Oregon,Non-voter
white,Yes,slightly liberal,a strong democrat,attend church,25,man,somewhat,extremely bad,New Jersey,Non-voter
,Yes,slightly conservative,a strong Republican,attend church,58,woman,somewhat,extremely good,Georgia,Trump
black,Yes,extremely liberal,a strong democrat,do not attend church,22,woman,somewhat,neither good nor bad,Georgia,Clinton
black,Yes,moderate,a weak Democrat,attend church,29,woman,not very,neither good nor bad,Georgia,Clinton
white,Yes,,an independent who leans Republican,attend church,46,man,somewhat,extremely good,Virginia,Trump
white,,slightly liberal,an independent who leans Republican,attend church,58,man,,,Florida,Non-voter
white,,liberal,a strong democrat,do not attend church,38,woman,,,Michigan,Non-voter
white,No,moderate,an independent,do not attend church,27,man,not at all,neither good nor bad,Indiana,Non-voter
black,Yes,,a strong democrat,attend church,37,woman,not at all,moderately good,Florida,Clinton
asian,No,moderate,a weak Democrat,do not attend church,49,woman,not very,extremely good,Hawaii,Non-voter
hispanic,,slightly conservative,an independent,do not attend church,66,man,,,Utah,Non-voter
hispanic,No,slightly liberal,a weak Democrat,attend church,19,man,somewhat,extremely good,California,Non-voter
white,,,an independent who leans Democratic,do not attend church,56,man,,,Wisconsin,Non-voter
black,Yes,moderate,a strong democrat,attend church,67,woman,not very,neither good nor bad,Illinois,Clinton
hispanic,No,slightly liberal,a weak Democrat,do not attend church,39,man,somewhat,moderately good,Indiana,Non-voter
white,Yes,conservative,a weak Republican,attend church,59,woman,very,extremely good,Illinois,Trump
asian,No,moderate,an independent,attend church,60,man,somewhat,extremely good,Virginia,Non-voter
hispanic,Yes,liberal,a strong democrat,attend church,57,man,somewhat,moderately good,Florida,Clinton
white,Yes,moderate,an independent who leans Democratic,attend church,47,man,very,moderately good,Florida,Clinton
asian,,slightly liberal,a weak Democrat,do not attend church,20,man,,,California,Non-voter
white,No,moderate,an independent,do not attend church,31,man,not at all,a little good,Texas,Non-voter
white,,,an independent,do not attend church,22,man,,,New York,Non-voter
white,Yes,conservative,a strong Republican,attend church,23,woman,somewhat,a little good,Alabama,Trump
white,Yes,slightly liberal,a strong democrat,attend church,71,man,not very,extremely good,Florida,Non-voter
asian,Yes,slightly conservative,a weak Democrat,attend church,68,man,not very,moderately good,Illinois,Non-voter
white,,extremely liberal,a strong democrat,do not attend church,59,woman,,,Massachusetts,Non-voter
,No,,a strong Republican,do not attend church,49,woman,somewhat,extremely good,Texas,Non-voter
white,Yes,conservative,a strong Republican,do not attend church,61,man,very,neither good nor bad,Idaho,Clinton
white,Yes,extremely conservative,an independent who leans Republican,attend church,72,man,very,extremely good,Texas,Trump
white,Yes,slightly conservative,an independent,do not attend church,41,woman,not very,extremely good,Washington,Non-voter
white,Yes,liberal,a strong democrat,attend church,23,woman,somewhat,extremely good,Kansas,Non-voter
white,Yes,liberal,a strong democrat,do not attend church,57,woman,very,a little good,Ohio,Clinton
hispanic,Yes,moderate,a strong democrat,do not attend church,84,woman,somewhat,extremely good,Arizona,Clinton
white,Yes,moderate,an independent who leans Democratic,attend church,54,woman,not very,moderately good,Utah,Non-voter
white,Yes,slightly liberal,a weak Democrat,attend church,58,man,very,extremely good,Connecticut,Trump
hispanic,Yes,slightly liberal,an independent who leans Democratic,attend church,38,woman,somewhat,neither good nor bad,Illinois,Clinton
white,Yes,liberal,a strong democrat,attend church,71,woman,very,neither good nor bad,Missouri,Clinton
white,Yes,,a strong democrat,attend church,57,man,not at all,moderately good,Pennsylvania,Non-voter
white,No,,a strong Republican,do not attend church,63,woman,somewhat,extremely good,New York,Trump
white,Yes,moderate,an independent,do not attend church,29,woman,somewhat,neither good nor bad,New York,Non-voter
white,No,slightly conservative,an independent who leans Democratic,attend church,73,woman,not very,extremely good,New York,Non-voter
white,Yes,moderate,a weak Republican,attend church,25,woman,somewhat,extremely good,Wisconsin,Trump
white,,extremely conservative,a strong Republican,do not attend church,58,man,,,Texas,Non-voter
white,Yes,extremely liberal,a strong democrat,do not attend church,70,woman,very,neither good nor bad,California,Clinton
white,,moderate,an independent who leans Republican,do not attend church,56,woman,,,Washington,Non-voter
black,Yes,extremely conservative,an independent,attend church,,woman,somewhat,extremely good,Texas,Non-voter
white,Yes,extremely conservative,a weak Republican,attend church,,man,somewhat,extremely good,Nevada,Non-voter
,Yes,slightly liberal,an independent who leans Democratic,do not attend church,68,woman,somewhat,extremely good,New Hampshire,Clinton
hispanic,,moderate,an independent,attend church,36,woman,,,South Carolina,Non-voter
white,Yes,conservative,a strong Republican,do not attend church,70,man,somewhat,extremely good,California,Trump
white,No,moderate,a weak Republican,attend church,34,man,not very,moderately good,Pennsylvania,Clinton
white,No,slightly conservative,an independent who leans Republican,attend church,35,man,somewhat,extremely good,New York,Trump
white,Yes,extremely conservative,a strong Republican,attend church,90,woman,somewhat,extremely good,California,Trump
hispanic,,,a strong democrat,attend church,58,woman,,,California,Non-voter
white,,,an independent,attend church,34,woman,,,Michigan,Non-voter
black,,,a strong democrat,attend church,53,man,,,Massachusetts,Non-voter
white,Yes,conservative,a weak Republican,attend church,49,woman,not very,extremely good,West Virginia,Non-voter
white,Yes,conservative,a weak Republican,attend church,53,woman,very,extremely good,Pennsylvania,Trump
white,Yes,moderate,a strong Republican,do not attend church,58,woman,very,extremely good,Georgia,Trump
black,No,slightly liberal,a weak Democrat,attend church,39,woman,not at all,extremely good,Ohio,Clinton
white,Yes,slightly conservative,an independent who leans Republican,attend church,64,man,somewhat,moderately good,Texas,Trump
white,Yes,slightly conservative,an independent who leans Republican,attend church,66,woman,somewhat,extremely good,Tennessee,Trump
white,Yes,conservative,an independent who leans Republican,attend church,51,woman,not very,moderately good,Oklahoma,Non-voter
white,,conservative,a weak Republican,do not attend church,86,woman,,,Illinois,Non-voter
white,No,moderate,a strong democrat,do not attend church,27,man,somewhat,extremely good,Michigan,Trump
white,,,an independent who leans Democratic,do not attend church,51,woman,,,Rhode Island,Non-voter
white,,conservative,a strong Republican,attend church,43,man,,,Texas,Non-voter
white,Yes,slightly conservative,a weak Republican,attend church,62,woman,somewhat,extremely good,Maryland,Trump
black,Yes,moderate,a strong democrat,attend church,46,woman,not very,extremely good,Illinois,Clinton
black,Yes,slightly conservative,a weak Democrat,attend church,81,woman,somewhat,moderately good,Tennessee,Clinton
white,Yes,conservative,a strong Republican,attend church,72,man,somewhat,extremely good,South Carolina,Trump
white,Yes,,an independent who leans Republican,do not attend church,65,woman,somewhat,extremely good,Indiana,Trump
white,No,,an independent who leans Republican,attend church,37,woman,not at all,extremely good,Illinois,Non-voter
white,No,slightly conservative,a strong democrat,attend church,78,man,somewhat,extremely good,Connecticut,Clinton
black,No,,a weak Democrat,do not attend church,35,woman,very,neither good nor bad,South Carolina,Clinton
white,Yes,liberal,a strong democrat,do not attend church,72,woman,very,extremely good,Florida,Clinton
black,Yes,extremely liberal,an independent who leans Democratic,attend church,81,woman,somewhat,neither good nor bad,Georgia,Non-voter
white,Yes,extremely conservative,a weak Republican,do not attend church,70,man,very,extremely good,Texas,Trump
,Yes,liberal,an independent who leans Democratic,attend church,65,woman,very,neither good nor bad,Pennsylvania,Non-voter
white,Yes,,a strong democrat,attend church,82,woman,somewhat,extremely good,Pennsylvania,Non-voter
white,Yes,slightly conservative,an independent who leans Republican,attend church,36,man,very,extremely good,North Carolina,Trump
asian,,,an independent,do not attend church,38,woman,,,Iowa,Non-voter
white,Yes,slightly conservative,a strong Republican,do not attend church,30,man,not very,extremely good,South Carolina,Non-voter
,Yes,extremely liberal,a strong democrat,attend church,79,woman,very,extremely good,Virginia,Clinton
white,Yes,,a weak Democrat,attend church,57,man,very,extremely good,Texas,Clinton
white,No,liberal,an independent who leans Democratic,do not attend church,27,woman,not very,moderately good,Ohio,Non-voter
white,Yes,extremely liberal,an independent who leans Democratic,do not attend church,35,man,somewhat,neither good nor bad,Vermont,Clinton
white,Yes,moderate,an independent who leans Republican,do not attend church,74,man,not at all,moderately good,Hawaii,Trump
white,Yes,conservative,a strong Republican,attend church,52,man,somewhat,extremely good,Tennessee,Trump
white,No,slightly conservative,an independent who leans Republican,do not attend church,71,woman,not at all,moderately good,Illinois,Trump
hispanic,Yes,moderate,an independent,do not attend church,28,man,somewhat,a little good,Virginia,Non-voter
asian,,moderate,a weak Republican,attend church,46,man,,,California,Non-voter
white,Yes,slightly liberal,a weak Democrat,do not attend church,58,woman,not very,moderately good,Nebraska,Clinton
white,Yes,slightly conservative,an independent,attend church,78,woman,not very,extremely good,Washington,Clinton
white,Yes,,a strong democrat,do not attend church,76,woman,not very,neither good nor bad,Massachusetts,Clinton
hispanic,,,an independent who leans Democratic,do not attend church,22,woman,,,Wisconsin,Non-voter
white,Yes,moderate,an independent who leans Democratic,attend church,60,man,somewhat,extremely good,Indiana,Clinton
hispanic,,moderate,a strong democrat,attend church,38,woman,,,Texas,Non-voter
white,Yes,extremely conservative,a strong Republican,attend church,24,man,not very,extremely good,Texas,Non-voter
white,Yes,moderate,an independent who leans Democratic,do not attend church,57,woman,somewhat,extremely good,North Carolina,Clinton
hispanic,Yes,slightly conservative,a weak Republican,attend church,42,woman,somewhat,extremely good,Florida,Non-voter
white,,conservative,a weak Republican,attend church,69,woman,,,North Carolina,Non-voter
white,Yes,slightly conservative,a weak Republican,attend church,46,woman,not very,extremely good,New Jersey,Trump
white,Yes,,a weak Republican,do not attend church,51,woman,not very,extremely good,Colorado,Trump
hispanic,,conservative,a weak Democrat,do not attend church,60,man,,,Texas,Non-voter
native American,Yes,,an independent,do not attend church,58,woman,not very,moderately good,Michigan,Non-voter
white,Yes,moderate,an independent who leans Republican,do not attend church,32,woman,somewhat,extremely good,Colorado,Trump
white,Yes,slightly conservative,an independent who leans Republican,do not attend church,61,woman,not very,moderately good,New York,Non-voter
white,Yes,conservative,a weak Republican,attend church,32,woman,not very,extremely good,Texas,Non-voter
asian,Yes,moderate,an independent,do not attend church,,man,not very,neither good nor bad,Virginia,Clinton
white,No,,a weak Republican,attend church,79,woman,not very,extremely good,South Dakota,Trump
white,No,,a strong Republican,do not attend church,59,man,somewhat,extremely good,Kentucky,Trump
hispanic,Yes,slightly liberal,a weak Democrat,do not attend church,20,man,somewhat,moderately good,Washington,Clinton
white,Yes,slightly conservative,a strong Republican,do not attend church,68,woman,somewhat,extremely good,New York,Non-voter
hispanic,No,conservative,a weak Democrat,do not attend church,62,woman,not very,extremely good,Texas,Non-voter
white,,conservative,a strong Republican,attend church,54,woman,,,Missouri,Non-voter
white,Yes,conservative,a strong Republican,do not attend church,57,woman,very,extremely good,North Carolina,Trump
black,Yes,,a strong democrat,attend church,34,woman,very,neither good nor bad,Georgia,Clinton
white,,conservative,a strong Republican,attend church,59,man,,,Iowa,Non-voter
,Yes,,a strong Republican,attend church,46,man,somewhat,extremely good,Wisconsin,Trump
white,Yes,moderate,a weak Democrat,do not attend church,74,man,very,neither good nor bad,Maryland,Clinton
hispanic,,slightly conservative,a strong Republican,do not attend church,77,woman,,,Florida,Non-voter
white,Yes,moderate,a weak Democrat,do not attend church,61,man,not very,moderately good,Michigan,Non-voter
white,No,,a weak Republican,attend church,18,man,not very,extremely bad,Oklahoma,Non-voter
hispanic,Yes,,a strong democrat,attend church,50,woman,somewhat,neither good nor bad,Pennsylvania,Clinton
black,Yes,,a strong democrat,attend church,32,man,not very,moderately good,Michigan,Non-voter
white,Yes,moderate,a weak Republican,attend church,56,man,not very,extremely good,Ohio,Trump
white,No,moderate,an independent who leans Republican,attend church,24,woman,not at all,moderately good,Ohio,Non-voter
white,Yes,moderate,a weak Democrat,attend church,36,woman,not very,neither good nor bad,Delaware,Non-voter
white,Yes,moderate,a strong democrat,do not attend church,68,woman,somewhat,extremely good,Pennsylvania,Clinton
white,Yes,liberal,a strong democrat,do not attend church,55,woman,not very,extremely good,Ohio,Non-voter
white,,liberal,a strong democrat,attend church,62,woman,,,Massachusetts,Non-voter
hispanic,Yes,,a weak Democrat,do not attend church,33,woman,somewhat,moderately good,Florida,Non-voter
white,Yes,slightly conservative,a weak Republican,do not attend church,26,woman,somewhat,extremely good,Florida,Trump
white,Yes,liberal,a strong democrat,do not attend church,45,man,very,extremely good,California,Clinton
white,No,,an independent,attend church,37,woman,not very,a little good,North Carolina,Non-voter
,Yes,conservative,an independent who leans Republican,attend church,60,man,somewhat,moderately good,Georgia,Trump
white,Yes,slightly conservative,an independent,attend church,18,man,somewhat,extremely good,Texas,Non-voter
white,Yes,slightly conservative,a weak Republican,attend church,64,woman,somewhat,moderately good,Washington,Trump
asian,Yes,slightly liberal,an independent who leans Democratic,do not attend church,25,woman,not at all,neither good nor bad,California,Clinton
black,,,a strong democrat,attend church,78,man,,,Mississippi,Non-voter
black,Yes,liberal,a strong democrat,do not attend church,72,woman,very,moderately good,California,Clinton
white,,liberal,a strong democrat,do not attend church,54,man,,,Texas,Non-voter
white,No,conservative,a strong democrat,attend church,32,woman,not very,moderately bad,California,Clinton
white,,moderate,a weak Republican,do not attend church,63,man,,,Illinois,Non-voter
white,Yes,,a weak Republican,do not attend church,34,woman,not at all,extremely good,New York,Trump
white,Yes,conservative,an independent who leans Republican,attend church,72,man,somewhat,extremely good,Missouri,Trump
white,No,slightly conservative,a weak Republican,attend church,37,man,not very,extremely good,Ohio,Trump
hispanic,,,an independent,attend church,32,woman,,,Texas,Non-voter
white,Yes,liberal,a strong democrat,do not attend church,68,man,somewhat,neither good nor bad,Texas,Clinton
white,Yes,liberal,a strong democrat,do not attend church,31,woman,somewhat,moderately good,Illinois,Clinton
white,Yes,slightly conservative,a strong Republican,attend church,66,man,somewhat,extremely good,Massachusetts,Trump
white,Yes,,a strong democrat,attend church,60,woman,somewhat,moderately good,North Carolina,Trump
asian,No,moderate,an independent,attend church,51,man,not very,neither good nor bad,Texas,Non-voter
white,Yes,,a weak Democrat,do not attend church,38,woman,not very,moderately good,Kansas,Non-voter
white,No,,a weak Republican,attend church,24,woman,not very,moderately good,Florida,Non-voter
white,Yes,,a strong Republican,attend church,63,woman,somewhat,extremely good,South Carolina,Trump
white,Yes,,a weak Democrat,attend church,58,man,somewhat,extremely good,Pennsylvania,Non-voter
white,No,moderate,a strong Republican,attend church,32,man,somewhat,extremely good,California,Trump
white,Yes,extremely conservative,an independent who leans Republican,attend church,36,man,very,extremely good,Georgia,Trump
white,Yes,slightly conservative,an independent who leans Republican,attend church,39,woman,somewhat,extremely good,New Jersey,Trump
white,Yes,moderate,a weak Republican,attend church,64,woman,not very,moderately good,Indiana,Non-voter
white,No,moderate,an independent,do not attend church,44,man,not very,moderately good,Indiana,Non-voter
white,,liberal,a strong democrat,attend church,82,man,,,New York,Non-voter
white,Yes,conservative,a weak Republican,attend church,29,woman,not very,moderately good,Nevada,Non-voter
black,,,a strong democrat,attend church,29,man,,,Massachusetts,Non-voter
white,Yes,conservative,a strong Republican,attend church,41,woman,not very,extremely good,North Carolina,Trump
white,Yes,extremely liberal,an independent who leans Democratic,do not attend church,30,woman,somewhat,neither good nor bad,Texas,Non-voter
white,Yes,liberal,an independent who leans Democratic,do not attend church,56,man,very,moderately good,California,Clinton
white,Yes,liberal,an independent who leans Democratic,attend church,39,woman,not very,neither good nor bad,Colorado,Clinton
white,Yes,,an independent who leans Republican,attend church,70,man,somewhat,extremely good,Colorado,Trump
white,Yes,conservative,a strong Republican,do not attend church,19,man,somewhat,extremely good,Arizona,Trump
white,No,,an independent who leans Democratic,attend church,41,man,somewhat,moderately good,Arkansas,Non-voter
white,Yes,slightly liberal,a weak Democrat,do not attend church,21,woman,somewhat,moderately good,Wisconsin,Clinton
white,Yes,liberal,a strong democrat,do not attend church,37,woman,somewhat,extremely good,Kentucky,Clinton
white,No,slightly liberal,a weak Democrat,do not attend church,25,woman,somewhat,moderately good,Michigan,Clinton
white,Yes,,a weak Republican,attend church,18,man,not very,moderately good,Utah,Non-voter
white,Yes,conservative,a weak Democrat,attend church,68,woman,somewhat,extremely good,Pennsylvania,Clinton
white,,conservative,a strong Republican,attend church,83,woman,,,Kansas,Non-voter
white,,slightly liberal,a weak Democrat,do not attend church,53,man,,,Utah,Non-voter
hispanic,Yes,liberal,a strong democrat,attend church,25,man,very,extremely good,Massachusetts,Non-voter
,No,,a weak Republican,attend church,30,woman,not at all,neither good nor bad,California,Non-voter
white,Yes,moderate,an independent,attend church,62,woman,somewhat,extremely good,Michigan,Clinton
white,,,a strong Republican,attend church,35,man,,,Tennessee,Non-voter
white,Yes,slightly conservative,a weak Republican,attend church,20,man,somewhat,moderately good,Ohio,Clinton
white,Yes,extremely liberal,an independent who leans Democratic,attend church,56,woman,very,moderately bad,Florida,Clinton
white,No,moderate,an independent,do not attend church,51,man,not very,extremely good,Wisconsin,Non-voter
,,liberal,a weak Democrat,attend church,49,man,,,New Hampshire,Non-voter
white,Yes,conservative,a strong Republican,do not attend church,55,man,somewhat,extremely good,Michigan,Trump
white,Yes,moderate,an independent,attend church,24,man,somewhat,moderately good,Pennsylvania,Clinton
,No,,an independent,attend church,44,woman,somewhat,extremely good,North Carolina,Non-voter
white,Yes,conservative,a strong Republican,attend church,49,man,somewhat,extremely good,Georgia,Trump
black,Yes,,a strong democrat,attend church,27,man,not very,moderately good,California,Clinton
white,Yes,slightly conservative,an independent,do not attend church,60,woman,somewhat,extremely good,California,Trump
white,Yes,,a weak Republican,attend church,67,woman,very,moderately good,Massachusetts,Non-voter
white,,conservative,a strong democrat,do not attend church,23,man,,,Tennessee,Non-voter
white,No,,an independent,do not attend church,35,man,not at all,neither good nor bad,Michigan,Trump
white,Yes,moderate,an independent who leans Democratic,attend church,45,man,very,neither good nor bad,California,Clinton
white,Yes,moderate,an independent who leans Democratic,do not attend church,74,man,somewhat,moderately good,Colorado,Clinton
white,Yes,,an independent,attend church,39,man,very,a little good,Minnesota,Non-voter
white,Yes,slightly liberal,an independent,do not attend church,37,man,not very,neither good nor bad,Oklahoma,Non-voter
black,Yes,liberal,a weak Democrat,do not attend church,32,man,not very,neither good nor bad,California,Clinton
white,Yes,liberal,a strong democrat,do not attend church,58,woman,very,neither good nor bad,Maryland,Clinton
black,No,slightly conservative,an independent,do not attend church,28,man,not very,neither good nor bad,Florida,Non-voter
white,Yes,slightly liberal,a weak Democrat,do not attend church,31,woman,very,neither good nor bad,Wisconsin,Clinton
asian,Yes,slightly conservative,a weak Republican,attend church,39,woman,not very,moderately good,California,Trump
white,,slightly conservative,an independent who leans Republican,do not attend church,21,woman,,,Oklahoma,Non-voter
white,,moderate,a weak Republican,attend church,22,man,,,Texas,Non-voter
hispanic,Yes,moderate,a weak Democrat,attend church,18,man,somewhat,extremely good,Texas,Non-voter
white,Yes,conservative,a weak Republican,do not attend church,45,woman,not very,moderately good,Arizona,Non-voter
white,Yes,,a strong democrat,do not attend church,,man,not very,extremely good,Illinois,Trump
white,Yes,moderate,an independent who leans Republican,do not attend church,,man,somewhat,moderately good,Washington,Trump
white,No,moderate,a strong Republican,do not attend church,56,man,not very,extremely good,Michigan,Trump
white,Yes,extremely liberal,an independent who leans Democratic,do not attend church,40,woman,very,a little good,California,Clinton
white,Yes,extremely liberal,an independent who leans Democratic,do not attend church,42,woman,somewhat,a little bad,North Carolina,Non-voter
white,,moderate,an independent,attend church,67,woman,,,Colorado,Non-voter
white,Yes,moderate,an independent who leans Democratic,do not attend church,63,man,not very,neither good nor bad,Georgia,Clinton
black,Yes,liberal,a weak Democrat,do not attend church,29,woman,not at all,neither good nor bad,Illinois,Clinton
white,Yes,moderate,an independent who leans Democratic,attend church,55,man,somewhat,moderately good,California,Clinton
white,Yes,moderate,a weak Republican,attend church,73,woman,very,extremely good,Florida,Trump
white,,slightly conservative,a strong Republican,attend church,43,woman,,,Texas,Non-voter
white,No,,an independent,do not attend church,55,man,not very,extremely good,Missouri,Non-voter
white,,,an independent,do not attend church,25,woman,,,Alabama,Non-voter
white,Yes,extremely liberal,an independent who leans Democratic,do not attend church,45,man,very,neither good nor bad,Texas,Clinton
white,Yes,liberal,a strong democrat,attend church,90,woman,very,neither good nor bad,California,Clinton
asian,No,slightly conservative,an independent,do not attend church,48,man,not very,moderately good,California,Trump
white,Yes,slightly conservative,a weak Democrat,do not attend church,49,woman,somewhat,extremely good,North Carolina,Clinton
white,,conservative,a strong democrat,attend church,89,woman,,,West Virginia,Non-voter
white,Yes,conservative,a weak Republican,do not attend church,59,woman,somewhat,extremely good,Arkansas,Trump
white,,conservative,a strong Republican,attend church,23,man,,,Oregon,Non-voter
black,Yes,,a strong Republican,attend church,28,man,somewhat,extremely good,Texas,Non-voter
white,,,a strong Republican,attend church,88,man,,,Georgia,Non-voter
white,,,a strong Republican,do not attend church,42,man,,,California,Non-voter
white,Yes,,an independent,do not attend church,61,man,somewhat,extremely good,Georgia,Trump
,Yes,,a strong democrat,do not attend church,31,woman,somewhat,moderately bad,Texas,Clinton
white,Yes,,a strong Republican,do not attend church,22,woman,somewhat,moderately good,Alabama,Trump
white,Yes,liberal,a strong democrat,do not attend church,27,woman,very,extremely bad,Pennsylvania,Clinton
white,Yes,conservative,a weak Republican,attend church,32,man,somewhat,extremely good,California,Trump
,Yes,,an independent who leans Republican,attend church,45,man,not very,extremely good,Ohio,Trump
white,Yes,moderate,an independent,do not attend church,47,woman,not very,extremely good,Illinois,Trump
hispanic,Yes,moderate,an independent,attend church,,man,very,moderately good,Kentucky,Trump
asian,Yes,,an independent,attend church,24,man,somewhat,neither good nor bad,Illinois,Trump
hispanic,Yes,moderate,an independent who leans Democratic,attend church,20,woman,somewhat,moderately good,Idaho,Non-voter
white,No,liberal,a strong democrat,do not attend church,26,man,very,neither good nor bad,California,Clinton
black,Yes,moderate,a strong democrat,do not attend church,74,woman,somewhat,neither good nor bad,Indiana,Clinton
white,Yes,,a weak Republican,attend church,78,woman,somewhat,extremely good,New York,Clinton
white,Yes,slightly conservative,an independent,attend church,76,woman,somewhat,extremely good,California,Trump
black,Yes,slightly conservative,a weak Republican,do not attend church,66,man,somewhat,extremely good,California,Trump
white,Yes,conservative,a strong Republican,attend church,52,woman,somewhat,extremely good,California,Trump
white,Yes,moderate,a strong Republican,do not attend church,78,man,somewhat,extremely good,New York,Non-voter
white,Yes,slightly liberal,a strong democrat,attend church,67,woman,not very,moderately good,Oregon,Clinton
white,Yes,conservative,a weak Republican,do not attend church,63,woman,somewhat,extremely good,Nebraska,Trump
,Yes,,a strong Republican,attend church,71,woman,somewhat,extremely good,Kentucky,Non-voter
hispanic,Yes,,an independent,do not attend church,35,man,not very,neither good nor bad,Illinois,Non-voter
white,,moderate,an independent,attend church,75,man,,,Connecticut,Clinton
white,No,conservative,a strong Republican,do not attend church,68,woman,somewhat,extremely good,Texas,Trump
hispanic,Yes,,an independent,attend church,66,man,somewhat,extremely good,Florida,Non-voter
black,Yes,,a strong democrat,attend church,19,man,not at all,moderately good,Michigan,Clinton
white,,moderate,an independent who leans Democratic,attend church,36,woman,,,Wisconsin,Non-voter
hispanic,Yes,moderate,a strong democrat,do not attend church,47,man,somewhat,extremely good,Michigan,Non-voter
hispanic,Yes,,an independent,do not attend church,30,woman,very,a little good,California,Clinton
white,Yes,slightly liberal,an independent who leans Democratic,do not attend church,45,man,very,neither good nor bad,Indiana,Non-voter
black,Yes,conservative,a weak Democrat,attend church,52,woman,not very,neither good nor bad,Indiana,Clinton
white,,,a weak Republican,do not attend church,,woman,,,Alaska,Non-voter
white,Yes,conservative,a strong Republican,do not attend church,78,man,very,extremely good,Pennsylvania,Trump
,Yes,extremely conservative,a strong Republican,attend church,59,woman,very,extremely good,Georgia,Trump
hispanic,Yes,slightly conservative,a strong democrat,do not attend church,47,man,very,extremely good,Arizona,Non-voter
white,No,,an independent who leans Republican,do not attend church,,man,somewhat,extremely good,Colorado,Non-voter
white,Yes,liberal,a strong democrat,attend church,66,woman,very,a little good,Pennsylvania,Clinton
white,Yes,liberal,a strong democrat,do not attend church,32,man,very,moderately good,Texas,Clinton
asian,Yes,slightly conservative,an independent who leans Republican,do not attend church,69,man,very,extremely good,California,Trump
white,No,,a weak Republican,do not attend church,23,woman,not at all,extremely good,Virginia,Non-voter
,Yes,slightly conservative,an independent,attend church,60,man,somewhat,extremely good,New York,Non-voter
black,Yes,moderate,a strong democrat,attend church,41,woman,somewhat,neither good nor bad,Texas,Clinton
white,,conservative,a strong Republican,attend church,39,man,,,Louisiana,Non-voter
white,,conservative,a strong Republican,do not attend church,52,man,,,Michigan,Non-voter
white,No,slightly conservative,an independent who leans Republican,do not attend church,53,man,not very,moderately good,Colorado,Non-voter
white,Yes,moderate,a weak Democrat,attend church,86,man,not very,extremely good,Colorado,Clinton
white,Yes,moderate,a weak Republican,attend church,24,woman,not at all,extremely good,Michigan,Trump
black,No,liberal,a strong democrat,attend church,62,woman,not very,neither good nor bad,Nevada,Clinton
white,Yes,moderate,a weak Republican,do not attend church,43,woman,not very,extremely good,Ohio,Non-voter
white,Yes,extremely conservative,an independent who leans Republican,attend church,73,man,very,extremely good,New York,Trump
white,Yes,liberal,a weak Democrat,attend church,20,woman,somewhat,extremely good,California,Clinton
hispanic,No,conservative,a weak Democrat,attend church,30,man,not at all,extremely good,Iowa,Clinton
white,Yes,slightly conservative,a weak Republican,attend church,27,woman,somewhat,extremely good,Minnesota,Trump
asian,Yes,liberal,a weak Democrat,do not attend church,26,man,very,moderately bad,California,Clinton
white,Yes,extremely conservative,an independent who leans Republican,attend church,48,man,not very,extremely good,Washington,Trump
white,No,liberal,a strong democrat,do not attend church,48,woman,somewhat,moderately good,Illinois,Clinton
black,Yes,slightly conservative,a weak Democrat,attend church,68,woman,very,extremely good,Texas,Trump
white,Yes,slightly conservative,a strong Republican,do not attend church,29,man,somewhat,extremely good,New York,Trump
white,Yes,moderate,an independent who leans Democratic,attend church,84,man,very,moderately good,New York,Clinton
white,,moderate,a strong democrat,attend church,66,woman,,,California,Non-voter
white,,conservative,an independent,attend church,71,woman,,,New York,Non-voter
white,Yes,,a weak Republican,attend church,56,woman,somewhat,extremely good,California,Trump
white,Yes,liberal,a strong democrat,do not attend church,58,woman,somewhat,extremely good,New Hampshire,Clinton
hispanic,Yes,moderate,a weak Democrat,do not attend church,34,man,somewhat,moderately good,Texas,Clinton
white,,conservative,an independent who leans Republican,attend church,43,woman,,,Ohio,Non-voter
white,Yes,slightly conservative,a strong democrat,attend church,57,man,very,extremely good,North Carolina,Clinton
white,Yes,slightly liberal,an independent who leans Democratic,do not attend church,36,man,not very,moderately good,California,Non-voter
white,Yes,moderate,an independent,attend church,61,man,somewhat,moderately good,Illinois,Trump
white,,,an independent,attend church,62,man,,,Maine,Non-voter
white,No,slightly conservative,a strong Republican,attend church,49,man,not very,extremely good,Kentucky,Trump
white,No,moderate,a weak Democrat,attend church,26,woman,somewhat,extremely good,Michigan,Non-voter
white,Yes,moderate,a weak Republican,do not attend church,54,woman,somewhat,extremely good,Indiana,Clinton
white,Yes,slightly conservative,a weak Republican,attend church,31,woman,not very,extremely good,Ohio,Clinton
white,,moderate,an independent,attend church,44,man,,,California,Non-voter
black,No,slightly liberal,a strong democrat,attend church,27,woman,not very,neither good nor bad,Connecticut,Clinton
white,Yes,slightly conservative,an independent who leans Republican,do not attend church,73,man,somewhat,moderately good,Pennsylvania,Trump
white,Yes,conservative,a strong Republican,do not attend church,50,woman,somewhat,neither good nor bad,Nevada,Trump
white,Yes,slightly conservative,an independent who leans Democratic,do not attend church,51,man,somewhat,extremely good,Arizona,Clinton
white,,,a strong democrat,attend church,57,woman,,,Kentucky,Non-voter
white,Yes,slightly liberal,a strong democrat,attend church,78,woman,very,extremely good,Michigan,Clinton
white,Yes,,a strong Republican,attend church,38,man,very,moderately good,Pennsylvania,Trump
white,Yes,,an independent who leans Democratic,do not attend church,55,woman,somewhat,neither good nor bad,Maryland,Trump
white,No,slightly conservative,a strong Republican,do not attend church,53,man,not very,moderately good,Texas,Trump
white,Yes,moderate,an independent who leans Republican,attend church,45,woman,somewhat,extremely good,New York,Non-voter
white,Yes,conservative,an independent who leans Republican,attend church,40,woman,very,extremely good,Illinois,Trump
white,Yes,slightly conservative,an independent,attend church,67,man,not at all,extremely good,Tennessee,Trump
white,No,slightly liberal,a weak Republican,attend church,21,woman,somewhat,neither good nor bad,Oregon,Non-voter
white,Yes,conservative,a strong Republican,attend church,41,man,somewhat,extremely good,North Carolina,Trump
asian,Yes,,an independent who leans Republican,do not attend church,,man,somewhat,moderately good,North Carolina,Trump
,Yes,moderate,a weak Democrat,attend church,27,man,very,moderately good,Ohio,Clinton
white,Yes,,a weak Republican,do not attend church,53,man,not at all,moderately good,Arizona,Non-voter
white,No,,a weak Republican,attend church,30,woman,not very,extremely good,Nevada,Trump
black,No,,a strong democrat,attend church,61,man,somewhat,moderately good,Tennessee,Clinton
white,Yes,conservative,a strong Republican,attend church,66,man,somewhat,extremely good,Michigan,Trump
white,Yes,conservative,a strong Republican,do not attend church,35,man,somewhat,extremely good,New Jersey,Trump
asian,Yes,slightly liberal,a weak Democrat,do not attend church,55,woman,somewhat,moderately good,Virginia,Non-voter
black,Yes,liberal,a strong democrat,do not attend church,52,,somewhat,neither good nor bad,California,Clinton
hispanic,,liberal,an independent,do not attend church,26,man,,,California,Non-voter
white,Yes,conservative,a weak Republican,attend church,70,man,very,extremely good,Georgia,Trump
hispanic,Yes,moderate,a strong Republican,attend church,27,woman,somewhat,neither good nor bad,Illinois,Non-voter
hispanic,No,,a strong democrat,attend church,80,man,not very,extremely good,California,Clinton
white,,moderate,an independent,attend church,39,woman,,,Mississippi,Non-voter
white,Yes,liberal,an independent,attend church,66,man,very,moderately good,New York,Clinton
white,Yes,slightly conservative,a weak Democrat,attend church,29,woman,not very,extremely good,Louisiana,Trump
white,Yes,extremely liberal,an independent who leans Democratic,do not attend church,33,man,very,extremely bad,California,Clinton
white,Yes,moderate,a weak Republican,attend church,60,woman,somewhat,extremely good,Tennessee,Trump
white,Yes,slightly conservative,an independent who leans Republican,attend church,61,man,somewhat,a little good,New Jersey,Non-voter
white,Yes,moderate,an independent,do not attend church,59,man,not at all,extremely good,Nebraska,Non-voter
asian,,moderate,an independent who leans Republican,do not attend church,62,man,,,Hawaii,Non-voter
white,No,,an independent,do not attend church,82,man,not at all,extremely good,Michigan,Non-voter
,Yes,slightly liberal,an independent who leans Democratic,attend church,25,woman,not very,neither good nor bad,Ohio,Clinton
white,Yes,slightly conservative,a strong Republican,attend church,59,man,very,moderately good,Pennsylvania,Trump
white,Yes,extremely liberal,a strong democrat,do not attend church,22,man,very,neither good nor bad,,Clinton
white,Yes,moderate,a weak Republican,do not attend church,50,man,somewhat,extremely good,New Jersey,Trump
white,Yes,slightly conservative,a strong democrat,do not attend church,45,woman,not very,extremely good,Minnesota,Non-voter
white,Yes,moderate,a strong democrat,attend church,51,woman,somewhat,extremely good,Ohio,Clinton
white,Yes,liberal,a strong democrat,do not attend church,63,woman,somewhat,moderately good,Massachusetts,Non-voter
white,Yes,moderate,a weak Republican,attend church,52,woman,somewhat,extremely good,Pennsylvania,Non-voter
white,Yes,liberal,a strong democrat,do not attend church,18,woman,somewhat,neither good nor bad,Kansas,Non-voter
white,Yes,extremely conservative,a strong Republican,attend church,75,woman,very,extremely good,Arizona,Trump
white,Yes,moderate,a weak Republican,do not attend church,68,man,somewhat,extremely good,New Jersey,Non-voter
white,Yes,slightly liberal,a strong democrat,do not attend church,56,man,very,a little good,New Jersey,Clinton
white,Yes,conservative,a strong Republican,do not attend church,48,man,not very,extremely good,Louisiana,Trump
asian,No,moderate,a weak Republican,attend church,19,man,not at all,moderately good,Texas,Non-voter
white,Yes,moderate,an independent,attend church,65,woman,not very,moderately good,Arizona,Clinton
white,Yes,conservative,an independent who leans Republican,attend church,47,man,somewhat,a little good,Texas,Non-voter
,Yes,slightly conservative,a strong democrat,attend church,56,woman,very,extremely good,Tennessee,Clinton
white,,,a strong democrat,attend church,70,woman,,,New Jersey,Non-voter
hispanic,,slightly conservative,an independent,attend church,61,man,,,,Non-voter
white,Yes,conservative,an independent,attend church,71,woman,very,extremely good,Alabama,Trump
white,Yes,conservative,a strong Republican,do not attend church,33,woman,very,extremely good,Nevada,Trump
hispanic,Yes,conservative,a strong Republican,attend church,69,man,somewhat,extremely good,Florida,Trump
black,Yes,moderate,an independent who leans Democratic,do not attend church,62,man,somewhat,moderately good,Pennsylvania,Clinton
white,Yes,,a strong Republican,attend church,62,woman,somewhat,extremely good,Michigan,Trump
white,Yes,moderate,an independent who leans Democratic,do not attend church,64,man,somewhat,extremely good,Missouri,Clinton
white,Yes,,a strong democrat,attend church,54,man,somewhat,extremely good,Illinois,Clinton
white,Yes,liberal,a weak Democrat,do not attend church,60,man,somewhat,neither good nor bad,Illinois,Clinton
hispanic,No,,a weak Democrat,attend church,,woman,not very,extremely good,California,Clinton
black,Yes,moderate,a strong democrat,attend church,37,woman,very,moderately good,Florida,Clinton
black,,,an independent,attend church,47,man,,,Texas,Non-voter
hispanic,,extremely conservative,a strong Republican,attend church,72,man,,,Mississippi,Trump
white,Yes,liberal,a strong democrat,attend church,22,woman,somewhat,extremely good,Ohio,Clinton
white,,slightly conservative,an independent,do not attend church,53,man,,,New York,Non-voter
white,,conservative,a strong Republican,do not attend church,49,man,,,Utah,Non-voter
white,Yes,slightly conservative,a weak Republican,attend church,75,man,not very,extremely good,Arizona,Clinton
white,Yes,,a strong Republican,attend church,73,man,somewhat,extremely good,California,Trump
white,Yes,liberal,a weak Democrat,do not attend church,69,woman,very,moderately good,Colorado,Non-voter
white,Yes,extremely liberal,an independent who leans Democratic,do not attend church,37,woman,somewhat,extremely bad,Michigan,Non-voter
black,Yes,moderate,a weak Democrat,attend church,58,man,very,moderately good,Florida,Clinton
white,Yes,extremely conservative,a strong Republican,attend church,53,man,very,extremely good,California,Trump
white,Yes,moderate,a strong democrat,do not attend church,28,woman,not very,moderately good,,Clinton
hispanic,Yes,moderate,a strong democrat,do not attend church,72,man,very,moderately good,Florida,Clinton
white,Yes,slightly conservative,a weak Republican,do not attend church,27,woman,very,extremely good,Pennsylvania,Trump
white,Yes,extremely liberal,a strong democrat,do not attend church,36,woman,somewhat,moderately bad,Louisiana,Clinton
black,Yes,,a strong democrat,attend church,83,woman,very,moderately good,North Carolina,Clinton
asian,Yes,,a weak Republican,attend church,32,man,somewhat,extremely good,Louisiana,Non-voter
asian,Yes,conservative,a strong Republican,do not attend church,78,man,not very,moderately good,California,Trump
white,Yes,conservative,an independent who leans Republican,attend church,82,man,somewhat,extremely good,Texas,Trump
white,No,liberal,a strong democrat,do not attend church,90,woman,very,neither good nor bad,North Carolina,Clinton
black,Yes,moderate,an independent,attend church,44,woman,somewhat,neither good nor bad,Michigan,Trump
white,Yes,moderate,an independent,attend church,66,man,somewhat,extremely good,Missouri,Clinton
white,,conservative,a strong Republican,attend church,68,woman,,,Florida,Non-voter
hispanic,,,an independent who leans Democratic,do not attend church,29,woman,,,Florida,Non-voter
black,Yes,,an independent,attend church,49,woman,somewhat,neither good nor bad,Virginia,Non-voter
hispanic,,,an independent,attend church,27,woman,,,California,Non-voter
white,Yes,moderate,a strong Republican,attend church,50,woman,not very,extremely good,Oregon,Trump
white,Yes,,an independent,attend church,36,woman,somewhat,moderately good,New York,Non-voter
white,Yes,conservative,a strong Republican,attend church,90,man,very,extremely good,Iowa,Trump
asian,No,conservative,a weak Democrat,do not attend church,35,man,not at all,neither good nor bad,New York,Non-voter
asian,Yes,liberal,a strong democrat,do not attend church,39,woman,somewhat,moderately good,Virginia,Clinton
black,Yes,liberal,an independent,do not attend church,27,man,very,extremely good,Washington,Non-voter
white,No,extremely liberal,a strong democrat,do not attend church,22,woman,somewhat,extremely good,Michigan,Clinton
white,Yes,extremely conservative,a strong Republican,attend church,35,man,somewhat,extremely good,West Virginia,Trump
white,,conservative,a strong Republican,attend church,56,,,,Texas,Non-voter
white,Yes,liberal,a strong democrat,attend church,60,woman,very,extremely good,New York,Clinton
,No,moderate,a strong democrat,do not attend church,70,woman,somewhat,moderately good,South Carolina,Clinton
white,Yes,moderate,an independent,attend church,22,man,not at all,moderately good,Iowa,Non-voter
white,Yes,moderate,a weak Democrat,do not attend church,31,woman,somewhat,extremely good,Kentucky,Clinton
white,Yes,conservative,an independent,attend church,56,woman,somewhat,moderately good,Texas,Non-voter
hispanic,Yes,liberal,a weak Democrat,do not attend church,33,man,somewhat,neither good nor bad,Washington,Non-voter
black,Yes,,a weak Democrat,attend church,56,woman,somewhat,extremely good,North Carolina,Clinton
asian,Yes,liberal,an independent who leans Democratic,do not attend church,20,woman,very,neither good nor bad,Oklahoma,Clinton
hispanic,No,extremely liberal,a weak Democrat,do not attend church,27,man,somewhat,moderately good,Texas,Non-voter
white,,liberal,a strong democrat,do not attend church,72,man,,,Pennsylvania,Non-voter
white,,moderate,an independent who leans Republican,attend church,61,woman,,,Oklahoma,Non-voter
white,Yes,liberal,a weak Democrat,attend church,48,woman,somewhat,extremely good,Pennsylvania,Clinton
hispanic,Yes,,a strong democrat,do not attend church,27,man,somewhat,neither good nor bad,California,Clinton
,Yes,slightly conservative,an independent who leans Republican,attend church,26,man,not very,moderately good,Texas,Non-voter
white,Yes,,an independent who leans Republican,attend church,81,woman,not very,extremely good,Tennessee,Trump
white,Yes,slightly liberal,a weak Democrat,attend church,60,woman,not very,extremely good,California,Clinton
white,Yes,,an independent,attend church,89,woman,somewhat,moderately good,Ohio,Non-voter
white,Yes,conservative,a strong Republican,attend church,74,woman,very,extremely good,Alabama,Trump
hispanic,Yes,moderate,an independent,attend church,64,man,somewhat,extremely good,Colorado,Clinton
white,Yes,,a strong Republican,attend church,45,woman,somewhat,extremely good,Illinois,Trump
white,Yes,conservative,a strong Republican,attend church,81,man,somewhat,extremely good,Minnesota,Trump
black,No,moderate,an independent,attend church,22,man,not at all,extremely bad,Missouri,Non-voter
hispanic,,conservative,an independent who leans Republican,attend church,43,man,,,Texas,Non-voter
white,Yes,moderate,a weak Democrat,do not attend church,71,woman,somewhat,extremely good,Michigan,Clinton
white,Yes,moderate,an independent,attend church,66,man,not very,extremely good,Texas,Non-voter
white,Yes,conservative,a strong Republican,do not attend church,56,woman,not very,extremely good,Maine,Trump
,Yes,slightly conservative,a weak Republican,do not attend church,66,woman,not very,extremely good,Kansas,Trump
white,Yes,moderate,a strong democrat,do not attend church,57,woman,somewhat,neither good nor bad,California,Clinton
white,No,,a weak Democrat,do not attend church,77,woman,somewhat,extremely good,North Carolina,Trump
white,Yes,conservative,a strong Republican,attend church,33,woman,not very,extremely good,Texas,Trump
white,Yes,slightly conservative,a weak Republican,attend church,30,woman,somewhat,extremely good,Tennessee,Trump
white,Yes,,a weak Republican,do not attend church,50,man,not very,extremely good,New York,Non-voter
native American,No,,a weak Democrat,do not attend church,25,woman,not at all,neither good nor bad,Florida,Non-voter
white,Yes,slightly conservative,an independent,attend church,64,woman,very,extremely good,Florida,Trump
white,Yes,moderate,an independent who leans Democratic,do not attend church,,man,very,moderately good,Alabama,Clinton
black,Yes,liberal,a strong democrat,attend church,37,man,somewhat,neither good nor bad,Florida,Clinton
white,Yes,,an independent who leans Republican,attend church,20,woman,very,extremely good,Tennessee,Trump
black,Yes,conservative,a weak Republican,attend church,70,woman,somewhat,extremely good,Michigan,Trump
white,No,,a weak Democrat,do not attend church,23,man,not at all,neither good nor bad,Georgia,Non-voter
white,Yes,slightly liberal,an independent who leans Democratic,attend church,42,man,somewhat,extremely good,Michigan,Clinton
white,Yes,moderate,an independent who leans Democratic,do not attend church,36,woman,not very,moderately good,Tennessee,Non-voter
white,,conservative,a strong Republican,attend church,80,man,,,Florida,Non-voter
white,Yes,,an independent who leans Democratic,do not attend church,30,woman,not very,extremely good,Georgia,Non-voter
asian,Yes,slightly liberal,a strong democrat,attend church,50,woman,somewhat,moderately good,Washington,Clinton
black,No,,,attend church,55,man,somewhat,extremely good,Mississippi,Non-voter
white,Yes,slightly liberal,a weak Democrat,do not attend church,70,man,very,moderately good,Colorado,Clinton
white,Yes,liberal,a strong democrat,attend church,74,man,very,neither good nor bad,New York,Clinton
white,Yes,conservative,an independent who leans Republican,do not attend church,37,man,somewhat,moderately good,New Jersey,Clinton
white,No,moderate,a strong democrat,do not attend church,75,woman,somewhat,a little good,South Dakota,Trump
black,Yes,moderate,a strong democrat,attend church,69,woman,very,moderately good,Georgia,Clinton
white,Yes,conservative,an independent who leans Republican,attend church,82,man,very,extremely good,Ohio,Trump
white,Yes,conservative,a strong Republican,do not attend church,70,man,somewhat,extremely good,Pennsylvania,Trump
white,Yes,slightly conservative,an independent,attend church,25,man,not very,moderately good,Virginia,Non-voter
white,Yes,conservative,a weak Republican,attend church,39,woman,somewhat,a little bad,Texas,Non-voter
white,Yes,slightly liberal,an independent who leans Democratic,attend church,25,woman,not very,neither good nor bad,Florida,Clinton
white,No,,a weak Democrat,do not attend church,42,woman,not at all,neither good nor bad,Virginia,Trump
black,Yes,moderate,a strong democrat,attend church,76,woman,somewhat,extremely good,California,Clinton
white,Yes,moderate,a weak Republican,attend church,,woman,somewhat,extremely good,California,Trump
white,,conservative,a strong Republican,attend church,56,woman,,,Louisiana,Non-voter
white,Yes,moderate,an independent,attend church,63,woman,not very,extremely good,Minnesota,Clinton
white,No,moderate,an independent,attend church,43,man,not at all,extremely good,Colorado,Non-voter
white,Yes,,an independent,attend church,68,woman,somewhat,moderately good,North Carolina,Non-voter
white,Yes,slightly conservative,an independent who leans Republican,attend church,65,man,somewhat,a little good,Virginia,Non-voter
white,Yes,conservative,a strong Republican,attend church,87,man,very,extremely good,Massachusetts,Trump
white,Yes,slightly conservative,an independent who leans Republican,do not attend church,45,man,somewhat,extremely good,Florida,Trump
white,Yes,liberal,an independent who leans Democratic,do not attend church,34,man,very,moderately good,New Jersey,Clinton
hispanic,Yes,slightly conservative,an independent,do not attend church,43,man,somewhat,extremely good,Texas,Trump
white,Yes,liberal,a strong democrat,attend church,55,woman,somewhat,neither good nor bad,Maryland,Clinton
white,Yes,,a weak Democrat,do not attend church,65,woman,not very,extremely good,Missouri,Trump
white,No,conservative,a strong Republican,attend church,40,man,somewhat,moderately good,Georgia,Trump
white,,moderate,an independent who leans Democratic,attend church,55,woman,,,Maryland,Non-voter
white,Yes,moderate,an independent who leans Republican,attend church,25,woman,somewhat,extremely good,Michigan,Trump
white,Yes,slightly conservative,an independent who leans Republican,attend church,62,man,somewhat,extremely good,New York,Trump
,Yes,,a weak Democrat,attend church,60,woman,not very,neither good nor bad,Texas,Clinton
white,Yes,slightly conservative,an independent,attend church,53,woman,not very,a little good,California,Non-voter
white,,slightly conservative,a strong democrat,attend church,67,woman,,,Florida,Non-voter
white,Yes,moderate,an independent who leans Republican,do not attend church,49,man,very,extremely good,Pennsylvania,Trump
black,Yes,moderate,a strong democrat,do not attend church,34,woman,somewhat,neither good nor bad,Illinois,Clinton
black,Yes,slightly conservative,an independent,attend church,42,woman,very,moderately bad,Missouri,Non-voter
black,Yes,,a strong democrat,attend church,37,woman,not very,a little bad,North Carolina,Clinton
white,Yes,moderate,a weak Republican,attend church,54,woman,not very,moderately good,New York,Trump
white,Yes,slightly liberal,a weak Democrat,do not attend church,29,man,not very,neither good nor bad,Oklahoma,Clinton
,Yes,extremely conservative,an independent who leans Republican,do not attend church,70,man,very,extremely good,Texas,Trump
,Yes,slightly liberal,an independent,attend church,20,man,very,neither good nor bad,California,Clinton
white,,slightly conservative,a strong democrat,attend church,,,,,Nebraska,Non-voter
white,Yes,slightly conservative,a strong Republican,attend church,48,woman,not very,extremely good,California,Trump
white,Yes,conservative,a strong Republican,attend church,58,man,not very,extremely good,Maine,Trump
asian,No,slightly conservative,an independent,attend church,61,man,not very,moderately good,California,Non-voter
white,Yes,conservative,a strong Republican,do not attend church,90,man,somewhat,extremely good,West Virginia,Trump
white,Yes,moderate,an independent,do not attend church,88,man,very,neither good nor bad,Florida,Trump
white,Yes,liberal,an independent who leans Democratic,do not attend church,32,man,very,moderately good,Oklahoma,Clinton
white,No,conservative,a weak Republican,attend church,28,man,not very,extremely good,Ohio,Trump
,Yes,conservative,a weak Republican,attend church,,man,somewhat,extremely good,Pennsylvania,Trump
native American,,liberal,an independent who leans Democratic,do not attend church,62,man,,,California,Non-voter
white,Yes,liberal,a strong democrat,attend church,78,woman,somewhat,extremely good,Massachusetts,Clinton
white,Yes,slightly liberal,a weak Democrat,do not attend church,63,woman,very,neither good nor bad,Pennsylvania,Clinton
white,Yes,slightly liberal,a strong democrat,do not attend church,54,woman,somewhat,extremely good,Kentucky,Clinton
asian,,liberal,a strong democrat,attend church,58,woman,,,Tennessee,Non-voter
white,Yes,moderate,a weak Democrat,attend church,81,man,somewhat,moderately good,Washington,Clinton
white,No,extremely conservative,a strong Republican,attend church,59,man,somewhat,extremely good,Florida,Trump
white,No,moderate,an independent who leans Republican,do not attend church,42,woman,not at all,neither good nor bad,New Hampshire,Non-voter
white,Yes,conservative,a strong Republican,attend church,60,woman,somewhat,extremely good,California,Non-voter
black,Yes,moderate,a strong democrat,attend church,41,woman,somewhat,extremely good,Illinois,Non-voter
hispanic,Yes,conservative,a strong Republican,do not attend church,34,man,somewhat,extremely good,Colorado,Trump
black,Yes,moderate,a strong democrat,attend church,55,woman,somewhat,moderately good,Mississippi,Clinton
white,Yes,extremely conservative,a strong Republican,attend church,72,woman,not very,extremely good,South Carolina,Trump
white,Yes,moderate,an independent who leans Democratic,attend church,58,man,somewhat,moderately good,Florida,Clinton
asian,Yes,slightly liberal,a strong democrat,attend church,54,woman,very,extremely good,California,Clinton
asian,No,,a weak Democrat,do not attend church,37,woman,not very,a little good,Washington,Non-voter
white,No,,an independent who leans Republican,do not attend church,33,woman,not at all,moderately bad,Washington,Non-voter
white,Yes,slightly conservative,an independent,attend church,63,man,very,extremely good,Michigan,Clinton
white,Yes,conservative,a strong Republican,attend church,64,woman,somewhat,extremely good,California,Trump
white,Yes,liberal,a strong democrat,do not attend church,56,woman,very,moderately bad,Minnesota,Clinton
white,Yes,extremely conservative,a strong Republican,attend church,51,man,very,extremely good,Georgia,Trump
white,,slightly conservative,a weak Republican,do not attend church,34,man,,,Idaho,Non-voter
asian,No,moderate,an independent,attend church,68,man,somewhat,neither good nor bad,Colorado,Clinton
white,Yes,moderate,a weak Democrat,attend church,63,woman,somewhat,neither good nor bad,New Jersey,Clinton
white,Yes,liberal,an independent who leans Democratic,do not attend church,32,man,very,moderately good,Kansas,Non-voter
white,,extremely liberal,a strong democrat,attend church,39,woman,,,California,Non-voter
white,Yes,moderate,an independent who leans Republican,attend church,56,man,somewhat,extremely good,South Carolina,Trump
,Yes,slightly conservative,a strong democrat,attend church,53,woman,very,extremely good,North Carolina,Clinton
black,No,moderate,a strong democrat,attend church,63,,very,extremely good,Connecticut,Clinton
white,,conservative,a weak Republican,attend church,55,woman,,,Michigan,Non-voter
white,No,,an independent,do not attend church,23,man,not very,moderately good,Wisconsin,Non-voter
white,Yes,conservative,a weak Republican,attend church,55,man,very,extremely good,Maryland,Non-voter
white,No,slightly conservative,a weak Republican,do not attend church,66,man,not very,neither good nor bad,Louisiana,Clinton
white,Yes,,a strong democrat,do not attend church,68,woman,somewhat,extremely good,South Dakota,Trump
white,Yes,slightly liberal,a strong democrat,do not attend church,68,woman,very,neither good nor bad,Florida,Clinton
white,Yes,slightly conservative,a weak Republican,attend church,88,man,somewhat,extremely good,New Jersey,Non-voter
hispanic,,extremely conservative,a strong Republican,attend church,76,man,,,Florida,Non-voter
white,No,conservative,a weak Republican,attend church,44,woman,not at all,extremely good,Kentucky,Trump
white,Yes,conservative,an independent who leans Republican,attend church,31,woman,not very,extremely good,Utah,Non-voter
white,Yes,slightly liberal,an independent who leans Democratic,do not attend church,39,man,not very,extremely good,California,Clinton
white,Yes,liberal,an independent who leans Democratic,do not attend church,47,woman,somewhat,neither good nor bad,Minnesota,Clinton
white,No,,a strong democrat,do not attend church,67,woman,not at all,extremely good,New York,Clinton
hispanic,,conservative,a weak Democrat,do not attend church,66,woman,,,Florida,Non-voter
white,Yes,moderate,an independent who leans Republican,attend church,53,woman,not very,moderately good,Texas,Non-voter
white,Yes,,an independent who leans Democratic,do not attend church,19,woman,very,extremely good,Virginia,Non-voter
white,Yes,,an independent,do not attend church,67,woman,not at all,moderately good,Utah,Non-voter
white,,moderate,an independent,do not attend church,51,woman,,,New Jersey,Non-voter
hispanic,Yes,moderate,a strong democrat,attend church,46,man,not very,extremely good,Oklahoma,Clinton
white,Yes,,a strong Republican,attend church,57,woman,somewhat,extremely good,Georgia,Trump
white,Yes,moderate,an independent,attend church,28,woman,somewhat,moderately good,Nevada,Clinton
white,Yes,slightly liberal,a strong democrat,attend church,61,woman,not very,extremely good,Arizona,Clinton
white,,slightly liberal,a weak Democrat,attend church,56,woman,,,Wisconsin,Non-voter
white,No,,a strong Republican,attend church,37,man,not very,extremely good,West Virginia,Trump
white,No,slightly conservative,an independent who leans Republican,do not attend church,48,woman,somewhat,a little good,California,Non-voter
,Yes,liberal,an independent who leans Democratic,attend church,55,woman,very,extremely good,Oregon,Clinton
white,Yes,conservative,an independent who leans Republican,attend church,,woman,somewhat,moderately good,Georgia,Trump
white,No,,an independent,do not attend church,41,man,not at all,extremely good,Tennessee,Non-voter
white,Yes,slightly conservative,a weak Republican,attend church,32,man,somewhat,neither good nor bad,New York,Trump
native American,No,moderate,a strong democrat,attend church,60,man,,extremely good,South Dakota,Non-voter
white,,slightly liberal,an independent,do not attend church,54,woman,,,Connecticut,Non-voter
white,Yes,slightly conservative,a strong Republican,attend church,61,woman,not very,extremely good,Utah,Trump
black,Yes,,a strong democrat,attend church,31,woman,not very,extremely good,Florida,Non-voter
white,Yes,liberal,a strong democrat,attend church,28,man,somewhat,moderately good,Oregon,Clinton
white,Yes,liberal,a strong democrat,attend church,64,woman,somewhat,neither good nor bad,Pennsylvania,Clinton
white,Yes,,an independent,do not attend church,86,man,somewhat,moderately good,Florida,Non-voter
asian,Yes,slightly liberal,a strong democrat,do not attend church,53,man,somewhat,neither good nor bad,California,Clinton
black,,,a strong democrat,attend church,53,man,,,Arkansas,Non-voter
white,Yes,conservative,a strong Republican,attend church,35,woman,very,extremely good,Illinois,Trump
black,Yes,,a strong democrat,attend church,31,woman,very,extremely good,Alabama,Clinton
white,No,slightly liberal,a weak Democrat,do not attend church,35,woman,not very,neither good nor bad,Pennsylvania,Clinton
white,Yes,conservative,a strong Republican,attend church,28,man,not very,extremely good,Ohio,Trump
white,Yes,liberal,an independent who leans Democratic,attend church,42,woman,not very,moderately good,Nebraska,Non-voter
black,Yes,,a strong democrat,attend church,39,man,not very,extremely good,Alabama,Clinton
,,,a weak Democrat,attend church,52,man,,,Georgia,Non-voter
black,Yes,,a strong democrat,attend church,63,woman,very,extremely good,Florida,Clinton
white,Yes,conservative,a strong Republican,attend church,56,man,very,extremely good,Missouri,Trump
white,,conservative,a weak Republican,attend church,58,woman,,,Idaho,Non-voter
white,Yes,liberal,a strong democrat,attend church,58,man,somewhat,neither good nor bad,Illinois,Clinton
white,Yes,slightly conservative,a weak Republican,attend church,22,woman,not very,moderately good,Maryland,Clinton
black,Yes,,an independent who leans Democratic,attend church,42,woman,somewhat,a little good,Georgia,Non-voter
white,Yes,liberal,a strong Republican,do not attend church,62,woman,very,extremely good,Florida,Trump
asian,Yes,slightly liberal,an independent who leans Democratic,attend church,23,man,not very,a little good,Massachusetts,Non-voter
white,Yes,extremely liberal,a strong democrat,do not attend church,45,woman,very,neither good nor bad,New York,Clinton
white,Yes,,an independent who leans Republican,attend church,49,woman,somewhat,extremely good,Indiana,Trump
hispanic,Yes,slightly conservative,an independent,do not attend church,44,man,very,moderately good,Texas,Trump
hispanic,,,an independent,attend church,20,man,,,Arizona,Non-voter
hispanic,,liberal,a strong democrat,attend church,59,man,,,Texas,Non-voter
white,Yes,liberal,a strong democrat,attend church,54,man,somewhat,extremely good,Minnesota,Clinton
white,Yes,moderate,an independent who leans Democratic,attend church,76,man,somewhat,a little good,Idaho,Clinton
white,Yes,conservative,a strong Republican,attend church,42,woman,somewhat,extremely good,Pennsylvania,Trump
black,Yes,moderate,a strong democrat,attend church,55,woman,very,moderately good,Ohio,Clinton
white,Yes,,an independent who leans Democratic,attend church,55,woman,somewhat,extremely good,Nebraska,Trump
white,,conservative,an independent who leans Republican,do not attend church,47,man,,,Washington,Non-voter
asian,,moderate,an independent,do not attend church,65,man,,,New York,Non-voter
,Yes,slightly liberal,an independent who leans Democratic,do not attend church,71,woman,somewhat,extremely good,New York,Non-voter
white,Yes,liberal,an independent,attend church,26,man,not very,neither good nor bad,South Carolina,Non-voter
white,Yes,extremely conservative,a strong Republican,attend church,71,woman,very,extremely good,Pennsylvania,Trump
white,Yes,slightly conservative,a weak Republican,attend church,31,man,somewhat,extremely good,Virginia,Non-voter
white,No,conservative,a strong Republican,attend church,55,woman,somewhat,neither good nor bad,California,Trump
white,Yes,conservative,a strong Republican,attend church,40,woman,not very,moderately good,Arkansas,Trump
white,Yes,conservative,an independent who leans Republican,do not attend church,60,man,very,extremely good,California,Non-voter
white,Yes,moderate,a weak Republican,attend church,45,woman,not very,moderately good,Idaho,Non-voter
asian,Yes,slightly liberal,a weak Democrat,attend church,62,woman,somewhat,neither good nor bad,Wisconsin,Clinton
white,Yes,moderate,an independent who leans Republican,do not attend church,34,woman,very,moderately good,California,Non-voter
white,Yes,moderate,an independent,attend church,45,man,very,extremely good,New Jersey,Clinton
black,Yes,,a strong democrat,attend church,28,woman,not very,neither good nor bad,Massachusetts,Clinton
white,Yes,conservative,a strong Republican,attend church,55,woman,somewhat,extremely good,Indiana,Trump
white,,liberal,a strong democrat,do not attend church,38,woman,,,Minnesota,Non-voter
white,Yes,slightly liberal,a weak Democrat,attend church,48,woman,somewhat,moderately good,Washington,Clinton
white,Yes,extremely liberal,a strong democrat,do not attend church,59,woman,very,moderately bad,New York,Clinton
white,Yes,moderate,a strong democrat,do not attend church,30,man,not very,moderately good,Missouri,Clinton
hispanic,Yes,,an independent,do not attend church,61,man,somewhat,extremely good,Texas,Non-voter
white,Yes,extremely conservative,a weak Republican,do not attend church,51,man,very,moderately good,Kentucky,Trump
black,Yes,liberal,a weak Democrat,do not attend church,25,woman,not very,neither good nor bad,North Carolina,Clinton
white,Yes,,an independent,attend church,47,woman,somewhat,extremely good,Connecticut,Non-voter
white,Yes,conservative,a strong Republican,attend church,,man,somewhat,moderately good,Louisiana,Non-voter
hispanic,Yes,,a strong democrat,attend church,66,woman,somewhat,extremely good,Texas,Clinton
,No,liberal,a strong democrat,attend church,26,woman,not at all,neither good nor bad,Texas,Non-voter
white,,extremely conservative,a weak Republican,do not attend church,65,man,,,Kentucky,Non-voter
black,Yes,moderate,an independent who leans Democratic,attend church,30,woman,not very,extremely good,Ohio,Non-voter
white,No,moderate,an independent who leans Democratic,attend church,66,man,not very,extremely good,Oklahoma,Clinton
white,Yes,conservative,an independent,attend church,74,woman,very,extremely good,Maryland,Trump
white,Yes,,a strong democrat,attend church,69,woman,somewhat,extremely good,Ohio,Trump
white,,conservative,a strong Republican,attend church,68,woman,,,Missouri,Non-voter
white,Yes,moderate,an independent who leans Democratic,do not attend church,71,woman,very,extremely good,Oregon,Clinton
white,No,,a weak Democrat,do not attend church,43,woman,not at all,extremely good,West Virginia,Non-voter
,Yes,,an independent who leans Democratic,do not attend church,20,woman,somewhat,neither good nor bad,Minnesota,Non-voter
white,,liberal,a strong democrat,attend church,51,woman,,,Indiana,Non-voter
white,,moderate,an independent who leans Democratic,do not attend church,68,man,,,Texas,Non-voter
white,Yes,conservative,a strong Republican,attend church,26,woman,somewhat,extremely good,Indiana,Trump
white,Yes,moderate,an independent who leans Republican,attend church,64,woman,somewhat,extremely good,Connecticut,Trump
white,Yes,liberal,a strong democrat,attend church,27,woman,somewhat,moderately good,California,Non-voter
white,No,,a weak Democrat,attend church,54,woman,not very,moderately good,Colorado,Non-voter
white,,conservative,a strong Republican,attend church,49,man,,,Ohio,Non-voter
white,,extremely liberal,an independent who leans Democratic,do not attend church,73,woman,,,New York,Non-voter
white,Yes,extremely liberal,an independent,attend church,,woman,very,moderately bad,California,Non-voter
white,Yes,,a weak Republican,do not attend church,41,woman,not very,extremely good,California,Trump
white,Yes,moderate,an independent who leans Republican,attend church,27,man,very,extremely good,North Carolina,Trump
white,Yes,conservative,a weak Republican,attend church,58,woman,very,extremely good,Michigan,Trump
,Yes,extremely liberal,a strong democrat,attend church,32,man,very,extremely good,Illinois,Clinton
black,Yes,liberal,a strong democrat,attend church,,woman,somewhat,neither good nor bad,Virginia,Clinton
hispanic,Yes,extremely conservative,an independent who leans Democratic,attend church,41,man,not very,moderately good,Texas,Clinton
white,Yes,moderate,a weak Democrat,attend church,28,woman,not at all,extremely good,North Carolina,Clinton
white,Yes,moderate,an independent who leans Republican,do not attend church,59,woman,somewhat,extremely good,Texas,Clinton
hispanic,Yes,,a strong democrat,attend church,21,man,somewhat,moderately good,Nevada,Non-voter
white,Yes,conservative,a strong Republican,attend church,36,woman,somewhat,moderately good,Ohio,Trump
white,No,slightly conservative,a weak Republican,attend church,45,woman,not very,moderately good,Iowa,Clinton
asian,No,moderate,a weak Republican,attend church,21,man,not very,neither good nor bad,Minnesota,Trump
hispanic,Yes,extremely liberal,a strong democrat,do not attend church,64,man,very,extremely good,Massachusetts,Clinton
white,Yes,moderate,an independent who leans Democratic,do not attend church,,woman,somewhat,extremely good,Michigan,Clinton
white,Yes,conservative,a strong Republican,do not attend church,61,man,very,moderately good,Arizona,Trump
black,,moderate,an independent who leans Republican,attend church,74,woman,,,Louisiana,Non-voter
white,Yes,slightly conservative,a strong democrat,do not attend church,36,woman,somewhat,extremely good,Ohio,Non-voter
hispanic,Yes,liberal,an independent who leans Democratic,do not attend church,46,man,very,neither good nor bad,Ohio,Clinton
white,Yes,moderate,a strong Republican,do not attend church,29,woman,not very,extremely good,Alabama,Trump
white,Yes,slightly liberal,a strong democrat,attend church,61,woman,somewhat,extremely good,Illinois,Clinton
white,Yes,slightly conservative,a weak Republican,do not attend church,49,woman,somewhat,moderately good,Illinois,Clinton
white,,,an independent,attend church,58,woman,,,Florida,Non-voter
hispanic,No,liberal,a strong democrat,attend church,65,man,not very,a little good,Pennsylvania,Clinton
white,Yes,slightly conservative,a weak Republican,do not attend church,41,man,,moderately good,Massachusetts,Non-voter
white,Yes,conservative,an independent who leans Republican,attend church,72,man,very,extremely good,New York,Trump
white,,slightly liberal,a weak Democrat,attend church,68,woman,,,Colorado,Non-voter
white,Yes,liberal,an independent who leans Democratic,attend church,71,woman,somewhat,neither good nor bad,South Carolina,Clinton
white,Yes,,an independent who leans Republican,attend church,51,man,very,extremely good,Rhode Island,Trump
white,Yes,conservative,a weak Democrat,attend church,58,man,very,extremely good,Illinois,Trump
,Yes,liberal,an independent who leans Democratic,do not attend church,33,man,somewhat,neither good nor bad,Washington,Non-voter
white,Yes,conservative,a strong Republican,attend church,66,woman,somewhat,extremely good,Pennsylvania,Trump
white,Yes,moderate,an independent who leans Democratic,attend church,62,man,somewhat,extremely good,Ohio,Clinton
black,No,moderate,a weak Democrat,attend church,33,man,not very,neither good nor bad,California,Non-voter
white,No,moderate,an independent,do not attend church,39,woman,not at all,extremely good,New Jersey,Trump
white,Yes,moderate,an independent who leans Republican,do not attend church,20,woman,not very,extremely good,Alabama,Clinton
black,,slightly conservative,an independent,attend church,23,woman,,,New Jersey,Non-voter
,Yes,conservative,a weak Republican,do not attend church,,,very,a little good,North Carolina,Non-voter
white,Yes,moderate,an independent who leans Republican,do not attend church,60,man,somewhat,extremely good,Indiana,Trump
white,,slightly liberal,a weak Democrat,do not attend church,30,man,,,Kentucky,Non-voter
white,Yes,slightly liberal,an independent who leans Democratic,attend church,77,woman,somewhat,moderately good,Virginia,Clinton
white,Yes,conservative,a strong Republican,do not attend church,48,man,somewhat,extremely good,Illinois,Trump
,Yes,liberal,a weak Democrat,do not attend church,30,woman,very,moderately good,New York,Clinton
,Yes,liberal,a strong democrat,attend church,35,woman,somewhat,neither good nor bad,Florida,Clinton
white,,extremely conservative,a strong Republican,do not attend church,62,man,,,Minnesota,Non-voter
white,Yes,liberal,a weak Democrat,do not attend church,49,man,somewhat,neither good nor bad,Illinois,Clinton
white,,slightly conservative,a weak Republican,do not attend church,57,man,,,Washington,Non-voter
white,Yes,,a strong democrat,do not attend church,21,man,not very,neither good nor bad,Pennsylvania,Clinton
,,moderate,a weak Republican,attend church,,man,,,California,Non-voter
white,No,,a weak Republican,do not attend church,23,man,somewhat,extremely good,Louisiana,Non-voter
white,,moderate,an independent,attend church,42,woman,,,Indiana,Non-voter
white,No,,a strong democrat,do not attend church,35,woman,not very,moderately good,Virginia,Non-voter
hispanic,Yes,moderate,a weak Democrat,do not attend church,40,woman,somewhat,extremely good,North Carolina,Non-voter
white,Yes,slightly conservative,an independent who leans Republican,attend church,50,man,somewhat,moderately good,Missouri,Non-voter
white,Yes,conservative,a strong Republican,attend church,59,woman,somewhat,extremely good,Alabama,Trump
hispanic,Yes,slightly liberal,a weak Democrat,attend church,26,woman,somewhat,moderately good,New York,Clinton
white,No,,an independent,attend church,29,woman,not at all,extremely good,Texas,Trump
white,Yes,slightly conservative,an independent who leans Republican,attend church,,man,somewhat,neither good nor bad,Florida,Trump
white,No,liberal,an independent,do not attend church,19,woman,not very,neither good nor bad,New York,Non-voter
white,Yes,,an independent who leans Democratic,attend church,38,woman,somewhat,extremely good,Michigan,Clinton
white,,conservative,a weak Republican,attend church,26,woman,,,Ohio,Non-voter
,Yes,conservative,an independent who leans Republican,do not attend church,56,man,very,neither good nor bad,Illinois,Non-voter
black,Yes,,an independent,attend church,32,man,somewhat,extremely good,Alabama,Non-voter
white,Yes,,a weak Democrat,attend church,30,woman,somewhat,extremely good,California,Clinton
white,No,moderate,an independent,attend church,39,woman,somewhat,extremely good,California,Non-voter
white,,slightly conservative,an independent,attend church,70,woman,,,North Carolina,Non-voter
white,Yes,liberal,a strong democrat,do not attend church,47,woman,very,neither good nor bad,Utah,Clinton
black,No,extremely liberal,an independent who leans Republican,attend church,18,woman,not at all,neither good nor bad,Texas,Non-voter
white,Yes,,an independent who leans Democratic,do not attend church,61,woman,somewhat,moderately good,Massachusetts,Non-voter
black,Yes,moderate,a strong Republican,do not attend church,55,woman,somewhat,extremely good,Ohio,Trump
white,Yes,slightly conservative,a weak Republican,attend church,37,man,somewhat,extremely good,Minnesota,Trump
white,Yes,conservative,a strong Republican,do not attend church,76,man,somewhat,extremely good,Maryland,Non-voter
white,Yes,moderate,a weak Republican,attend church,62,woman,somewhat,extremely good,Wisconsin,Non-voter
,Yes,slightly liberal,an independent,attend church,55,man,very,neither good nor bad,New Jersey,Clinton
white,,moderate,a strong Republican,attend church,59,man,,,Arizona,Trump
white,Yes,,a weak Democrat,do not attend church,28,man,not very,extremely good,New Jersey,Clinton
white,Yes,conservative,a strong Republican,attend church,70,woman,not very,extremely good,Florida,Trump
white,Yes,moderate,a weak Democrat,attend church,43,woman,somewhat,extremely good,Wisconsin,Clinton
white,Yes,extremely liberal,a strong democrat,do not attend church,52,woman,very,extremely good,New Jersey,Clinton
hispanic,No,,an independent,attend church,18,woman,somewhat,neither good nor bad,Florida,Non-voter
white,Yes,slightly liberal,a weak Democrat,do not attend church,41,woman,not very,moderately good,Oregon,Clinton
white,Yes,liberal,a strong democrat,do not attend church,66,man,very,neither good nor bad,California,Clinton
white,,liberal,an independent,do not attend church,56,man,,,New York,Non-voter
asian,,conservative,a strong Republican,attend church,33,woman,,,Idaho,Non-voter
,Yes,extremely conservative,a strong Republican,attend church,33,woman,somewhat,extremely good,Virginia,Trump
white,Yes,slightly liberal,a weak Democrat,do not attend church,51,man,not very,moderately good,Illinois,Clinton
white,,liberal,a strong democrat,do not attend church,31,man,,,Washington,Non-voter
white,Yes,conservative,a strong Republican,attend church,77,woman,somewhat,extremely good,Pennsylvania,Trump
white,Yes,slightly conservative,a weak Republican,attend church,46,woman,not very,extremely good,Wisconsin,Trump
white,Yes,conservative,a strong Republican,attend church,61,man,very,extremely good,Nevada,Trump
white,,,a strong Republican,do not attend church,66,woman,,,Washington,Non-voter
black,,moderate,a strong democrat,attend church,66,man,,,New York,Non-voter
white,Yes,,a strong Republican,attend church,33,woman,somewhat,extremely good,Oklahoma,Trump
white,Yes,slightly liberal,a strong democrat,attend church,64,woman,not very,neither good nor bad,Washington,Clinton
asian,No,liberal,a strong democrat,attend church,63,man,not at all,extremely good,New Jersey,Clinton
white,No,moderate,a weak Democrat,do not attend church,55,man,somewhat,extremely good,Michigan,Trump
white,Yes,slightly conservative,a weak Democrat,do not attend church,45,woman,somewhat,neither good nor bad,Oregon,Clinton
white,Yes,liberal,a strong democrat,do not attend church,59,man,very,neither good nor bad,Illinois,Clinton
black,Yes,,an independent,do not attend church,56,woman,not very,moderately good,Texas,Non-voter
white,Yes,conservative,a strong Republican,attend church,63,man,very,extremely good,Michigan,Trump
black,Yes,,an independent who leans Democratic,do not attend church,42,man,somewhat,neither good nor bad,South Carolina,Clinton
,,moderate,an independent,do not attend church,,,,,Texas,Clinton
white,Yes,conservative,an independent,do not attend church,47,man,not very,a little good,Massachusetts,Trump
,,conservative,a strong Republican,,,,,,Kansas,Non-voter
asian,Yes,liberal,a strong democrat,do not attend church,63,man,somewhat,extremely good,Hawaii,Clinton
white,Yes,slightly liberal,a strong democrat,do not attend church,57,man,very,neither good nor bad,Florida,Clinton
white,Yes,slightly conservative,a weak Republican,attend church,,woman,not very,extremely good,Pennsylvania,Trump
hispanic,Yes,slightly liberal,a strong democrat,attend church,76,woman,somewhat,moderately good,California,Clinton
white,Yes,conservative,a strong Republican,attend church,63,woman,somewhat,extremely good,Ohio,Trump
white,Yes,slightly conservative,a weak Republican,do not attend church,29,woman,somewhat,moderately good,Iowa,Non-voter
white,Yes,liberal,an independent,do not attend church,49,man,not very,neither good nor bad,Colorado,Non-voter
white,,conservative,a strong Republican,attend church,75,woman,,,Iowa,Non-voter
asian,Yes,,an independent,do not attend church,23,woman,somewhat,neither good nor bad,New York,Non-voter
,,,a weak Republican,attend church,51,woman,,,North Carolina,Non-voter
white,Yes,liberal,a weak Democrat,do not attend church,29,woman,somewhat,neither good nor bad,Texas,Clinton
white,No,conservative,a strong Republican,attend church,35,man,somewhat,extremely good,Indiana,Trump
white,No,,a weak Democrat,do not attend church,62,woman,not very,extremely good,Arkansas,Clinton
white,Yes,extremely liberal,a strong democrat,do not attend church,43,man,very,extremely good,Maryland,Clinton
white,Yes,conservative,a weak Republican,attend church,35,man,somewhat,extremely good,Louisiana,Trump
white,No,slightly conservative,a strong Republican,attend church,72,man,somewhat,extremely good,New York,Trump
black,Yes,,a weak Democrat,attend church,66,man,somewhat,neither good nor bad,Alabama,Clinton
white,,extremely conservative,a weak Republican,attend church,36,man,,,Texas,Non-voter
white,Yes,slightly liberal,an independent who leans Democratic,do not attend church,89,man,somewhat,extremely good,Florida,Clinton
hispanic,Yes,slightly conservative,an independent who leans Republican,attend church,24,woman,not very,neither good nor bad,California,Clinton
white,Yes,moderate,an independent who leans Republican,do not attend church,48,woman,not very,moderately good,Ohio,Clinton
black,Yes,,a weak Democrat,attend church,44,woman,somewhat,neither good nor bad,Maryland,Clinton
white,Yes,moderate,an independent,attend church,,woman,somewhat,moderately good,Minnesota,Non-voter
,Yes,liberal,an independent who leans Democratic,do not attend church,23,woman,very,moderately bad,Georgia,Clinton
black,Yes,,a weak Democrat,attend church,59,man,somewhat,extremely good,Georgia,Non-voter
white,No,slightly conservative,a weak Republican,attend church,48,woman,not at all,extremely good,Iowa,Trump
white,Yes,liberal,an independent who leans Democratic,attend church,58,woman,somewhat,moderately good,Oregon,Clinton
white,,conservative,a strong Republican,do not attend church,62,man,,,Wyoming,Non-voter
white,Yes,moderate,a strong Republican,do not attend church,76,man,very,extremely good,Kentucky,Trump
white,Yes,extremely conservative,a strong Republican,attend church,67,woman,very,extremely good,Indiana,Non-voter
white,No,,an independent,attend church,24,man,not very,extremely good,North Carolina,Non-voter
white,Yes,slightly conservative,an independent who leans Republican,do not attend church,70,man,not very,moderately good,Indiana,Trump
white,Yes,slightly liberal,an independent who leans Democratic,do not attend church,33,woman,very,extremely good,New York,Clinton
white,Yes,slightly conservative,a weak Republican,do not attend church,27,man,somewhat,extremely good,South Carolina,Trump
white,No,slightly conservative,a strong democrat,do not attend church,67,man,not at all,neither good nor bad,California,Clinton
white,,slightly conservative,an independent who leans Republican,do not attend church,69,man,,,Texas,Trump
white,Yes,liberal,a strong democrat,do not attend church,65,woman,somewhat,moderately good,California,Clinton
white,Yes,moderate,an independent who leans Democratic,do not attend church,68,woman,not at all,extremely good,California,Clinton
,,conservative,a strong Republican,attend church,39,woman,,,Oklahoma,Non-voter
white,Yes,,an independent,do not attend church,57,woman,not very,extremely good,Illinois,Trump
asian,No,moderate,an independent,attend church,46,man,somewhat,neither good nor bad,Hawaii,Trump
asian,Yes,moderate,an independent,do not attend church,58,man,not at all,neither good nor bad,Illinois,Non-voter
white,Yes,slightly liberal,an independent who leans Democratic,attend church,63,man,very,moderately good,Florida,Clinton
white,Yes,conservative,a strong Republican,do not attend church,77,man,somewhat,extremely good,Arizona,Trump
black,Yes,slightly liberal,a weak Democrat,attend church,19,man,somewhat,neither good nor bad,Florida,Non-voter
white,,,an independent,attend church,32,woman,,,Michigan,Trump
black,Yes,slightly conservative,a strong Republican,attend church,36,man,somewhat,extremely good,Georgia,Non-voter
asian,No,slightly liberal,a strong democrat,do not attend church,56,man,somewhat,extremely good,Texas,Clinton
white,Yes,slightly liberal,a weak Democrat,attend church,43,man,very,extremely good,Michigan,Clinton
white,,moderate,an independent,do not attend church,26,woman,,,Kansas,Non-voter
black,Yes,,a weak Democrat,attend church,58,woman,somewhat,moderately good,New Jersey,Clinton
white,No,slightly conservative,a weak Democrat,attend church,67,woman,not at all,extremely good,Massachusetts,Clinton
white,Yes,conservative,a strong Republican,do not attend church,57,man,somewhat,extremely good,Michigan,Trump
,Yes,conservative,a strong Republican,attend church,53,man,somewhat,extremely good,California,Trump
,No,,an independent who leans Democratic,attend church,33,woman,not at all,neither good nor bad,Pennsylvania,Non-voter
hispanic,Yes,slightly conservative,a weak Republican,attend church,75,man,not very,extremely good,Florida,Clinton
white,Yes,liberal,a strong democrat,attend church,79,man,very,neither good nor bad,,Clinton
asian,No,slightly liberal,a weak Democrat,attend church,59,man,not very,moderately good,New York,Non-voter
,,,a strong democrat,attend church,32,woman,,,Mississippi,Non-voter
hispanic,,,a strong democrat,attend church,42,woman,,,Washington,Non-voter
white,Yes,extremely conservative,a strong Republican,attend church,58,woman,very,extremely good,Connecticut,Trump
white,Yes,moderate,an independent,do not attend church,34,man,very,moderately good,Alabama,Clinton
white,No,moderate,an independent who leans Republican,attend church,53,man,not at all,moderately good,Montana,Non-voter
black,Yes,moderate,a strong democrat,attend church,31,woman,not very,neither good nor bad,South Carolina,Clinton
hispanic,Yes,,a weak Republican,attend church,41,man,very,extremely good,Florida,Trump
,No,liberal,an independent who leans Republican,attend church,54,woman,somewhat,extremely bad,Georgia,Clinton
white,Yes,liberal,a strong democrat,do not attend church,64,woman,somewhat,moderately good,New Jersey,Clinton
white,Yes,,an independent,attend church,,woman,,neither good nor bad,Georgia,Non-voter
white,Yes,liberal,a strong democrat,do not attend church,52,woman,somewhat,extremely good,North Carolina,Clinton
white,Yes,liberal,an independent who leans Democratic,attend church,32,man,not at all,moderately bad,New Hampshire,Clinton
white,Yes,slightly liberal,an independent who leans Republican,do not attend church,66,man,somewhat,moderately good,Connecticut,Trump
white,Yes,conservative,a strong Republican,attend church,68,man,somewhat,extremely good,Kansas,Trump
white,Yes,liberal,a strong democrat,do not attend church,46,man,not very,moderately good,Minnesota,Non-voter
hispanic,Yes,slightly conservative,a weak Republican,attend church,23,man,somewhat,moderately good,Florida,Trump
white,No,conservative,a strong Republican,do not attend church,58,man,somewhat,extremely good,North Dakota,Trump
hispanic,No,slightly liberal,a weak Democrat,do not attend church,40,woman,somewhat,extremely good,New York,Clinton
white,No,moderate,an independent,attend church,81,woman,not very,extremely good,Kentucky,Trump
,,,a strong democrat,attend church,34,man,,,New York,Non-voter
white,Yes,extremely conservative,a strong Republican,attend church,37,woman,somewhat,extremely good,Illinois,Trump
white,No,,a strong democrat,do not attend church,51,woman,not very,extremely good,Ohio,Clinton
white,Yes,liberal,a weak Democrat,do not attend church,50,man,somewhat,neither good nor bad,California,Clinton
white,Yes,slightly liberal,an independent who leans Democratic,do not attend church,25,woman,not very,extremely good,Georgia,Non-voter
white,,moderate,an independent,do not attend church,37,man,,,Washington,Non-voter
white,Yes,slightly conservative,an independent who leans Republican,do not attend church,41,man,somewhat,neither good nor bad,West Virginia,Non-voter
white,Yes,slightly conservative,a strong Republican,attend church,55,woman,somewhat,extremely good,New York,Trump
,Yes,extremely liberal,an independent who leans Democratic,do not attend church,70,man,somewhat,neither good nor bad,Florida,Non-voter
,Yes,moderate,a strong democrat,attend church,55,woman,somewhat,extremely good,West Virginia,Trump
white,Yes,moderate,an independent who leans Republican,do not attend church,20,woman,not at all,moderately good,Arizona,Trump
white,Yes,slightly conservative,an independent who leans Republican,do not attend church,62,man,very,neither good nor bad,Kentucky,Trump
white,Yes,slightly conservative,a weak Republican,do not attend church,72,man,somewhat,extremely good,Arizona,Trump
white,No,moderate,a weak Democrat,do not attend church,53,woman,somewhat,neither good nor bad,Florida,Clinton
white,Yes,conservative,a strong Republican,do not attend church,53,man,somewhat,extremely good,Arizona,Trump
white,Yes,conservative,a weak Republican,attend church,79,man,not very,extremely good,Kentucky,Trump
black,,slightly conservative,a strong democrat,attend church,51,man,,,Florida,Non-voter
white,Yes,slightly liberal,an independent who leans Democratic,attend church,40,man,somewhat,moderately good,Florida,Non-voter
hispanic,,moderate,a strong democrat,do not attend church,60,woman,,,Illinois,Non-voter
white,Yes,,an independent,attend church,68,woman,very,extremely good,North Carolina,Clinton
black,No,,an independent,do not attend church,41,woman,not at all,moderately good,New York,Clinton
white,Yes,slightly liberal,an independent who leans Democratic,do not attend church,31,man,very,neither good nor bad,California,Clinton
black,,,an independent,attend church,31,woman,,,Mississippi,Non-voter
black,Yes,,an independent,do not attend church,38,woman,somewhat,moderately good,California,Non-voter
native American,No,slightly liberal,a weak Democrat,do not attend church,57,,not at all,extremely good,New York,Clinton
asian,Yes,slightly conservative,a weak Republican,do not attend church,32,woman,somewhat,extremely good,Virginia,Trump
white,Yes,liberal,an independent who leans Democratic,attend church,76,,very,extremely good,Massachusetts,Clinton
white,Yes,liberal,a weak Democrat,do not attend church,51,man,very,a little good,Georgia,Clinton
white,,conservative,a strong Republican,attend church,90,woman,,,Iowa,Trump
white,Yes,conservative,a strong Republican,attend church,59,woman,somewhat,moderately good,North Carolina,Trump
hispanic,Yes,,a weak Democrat,attend church,38,woman,somewhat,extremely good,Texas,Clinton
white,Yes,liberal,a strong democrat,do not attend church,75,man,very,moderately good,Illinois,Non-voter
white,Yes,,a strong democrat,do not attend church,68,man,very,extremely good,South Carolina,Non-voter
white,Yes,,a weak Democrat,attend church,77,man,not very,extremely good,Florida,Non-voter
black,Yes,extremely liberal,an independent who leans Democratic,attend church,27,man,somewhat,neither good nor bad,South Carolina,Non-voter
hispanic,Yes,slightly conservative,an independent,do not attend church,42,man,not very,moderately good,New Mexico,Clinton
white,Yes,slightly conservative,a weak Republican,attend church,64,man,somewhat,moderately good,Tennessee,Trump
native American,,slightly liberal,a strong democrat,attend church,49,man,,,Arizona,Non-voter
white,Yes,slightly liberal,a strong democrat,do not attend church,78,woman,somewhat,moderately good,New Jersey,Clinton
white,Yes,liberal,a strong democrat,do not attend church,67,man,somewhat,extremely good,Wisconsin,Clinton
,Yes,moderate,an independent,attend church,42,man,somewhat,neither good nor bad,Massachusetts,Non-voter
white,Yes,conservative,a strong Republican,attend church,52,woman,somewhat,extremely good,Iowa,Trump
white,No,slightly conservative,an independent,attend church,51,,not very,extremely good,Arizona,Non-voter
white,,moderate,a weak Democrat,do not attend church,31,woman,,,Ohio,Non-voter
white,No,,a weak Republican,attend church,24,woman,not very,extremely good,Alabama,Trump
hispanic,Yes,liberal,a strong democrat,attend church,78,woman,very,extremely good,California,Clinton
white,Yes,liberal,a weak Democrat,do not attend church,65,man,somewhat,neither good nor bad,Indiana,Clinton
black,,,a strong democrat,attend church,48,woman,,,Tennessee,Non-voter
white,Yes,conservative,a strong Republican,attend church,58,woman,somewhat,extremely good,South Carolina,Trump
white,Yes,moderate,a strong democrat,attend church,88,woman,not very,moderately good,Wisconsin,Clinton
black,,,a strong democrat,do not attend church,73,woman,,,North Carolina,Non-voter
white,Yes,extremely liberal,an independent who leans Democratic,do not attend church,34,woman,somewhat,extremely bad,Wisconsin,Clinton
white,Yes,,a weak Democrat,attend church,33,woman,not at all,moderately good,Minnesota,Non-voter
white,Yes,moderate,an independent,attend church,72,woman,not very,extremely good,Virginia,Trump
white,No,slightly liberal,a weak Democrat,attend church,60,man,somewhat,neither good nor bad,Missouri,Non-voter
white,No,extremely conservative,a strong Republican,attend church,35,woman,somewhat,extremely good,Alabama,Trump
white,Yes,liberal,a strong democrat,do not attend church,47,woman,somewhat,moderately good,Pennsylvania,Clinton
white,,,a weak Republican,attend church,61,woman,,,New Jersey,Non-voter
white,Yes,extremely liberal,a strong democrat,do not attend church,68,man,very,moderately good,Massachusetts,Clinton
white,Yes,conservative,a strong Republican,attend church,43,woman,somewhat,extremely good,Florida,Trump
white,,conservative,an independent,attend church,64,man,,,New Jersey,Non-voter
white,No,,a weak Democrat,do not attend church,60,woman,somewhat,extremely good,Kentucky,Trump
white,Yes,extremely conservative,a strong Republican,attend church,40,woman,not very,extremely good,Kentucky,Trump
white,Yes,liberal,a strong democrat,attend church,60,woman,somewhat,neither good nor bad,California,Clinton
white,Yes,slightly conservative,an independent who leans Republican,attend church,32,man,very,neither good nor bad,South Carolina,Trump
white,Yes,conservative,an independent who leans Republican,do not attend church,43,woman,very,extremely good,Florida,Trump
asian,Yes,liberal,a weak Democrat,attend church,25,man,not very,moderately good,Illinois,Clinton
native American,Yes,slightly conservative,an independent who leans Republican,attend church,63,woman,not very,neither good nor bad,Minnesota,Non-voter
asian,,slightly liberal,an independent,do not attend church,56,man,,,California,Non-voter
black,,,a strong democrat,attend church,38,man,,,Alabama,Non-voter
white,No,moderate,a weak Democrat,do not attend church,66,man,somewhat,extremely good,Maryland,Clinton
white,Yes,liberal,a strong democrat,attend church,80,woman,very,extremely good,Pennsylvania,Clinton
white,Yes,liberal,an independent who leans Democratic,attend church,56,woman,very,extremely good,Virginia,Clinton
white,Yes,slightly conservative,a weak Republican,do not attend church,58,woman,somewhat,moderately good,Oregon,Trump
asian,,moderate,a weak Republican,attend church,62,woman,,,California,Non-voter
white,No,conservative,a strong Republican,attend church,61,man,very,extremely good,Wisconsin,Trump
white,No,moderate,a weak Democrat,do not attend church,29,man,not very,moderately good,South Dakota,Non-voter
white,Yes,extremely liberal,a strong democrat,attend church,74,woman,very,extremely good,California,Clinton
white,Yes,moderate,an independent,do not attend church,73,woman,somewhat,extremely good,New York,Non-voter
black,Yes,moderate,an independent,attend church,44,man,not very,neither good nor bad,Oklahoma,Non-voter
white,Yes,,a weak Democrat,do not attend church,68,woman,not very,moderately good,Georgia,Non-voter
white,No,,an independent,do not attend church,39,woman,not very,extremely good,Louisiana,Trump
hispanic,Yes,,a weak Democrat,attend church,34,man,not at all,neither good nor bad,Texas,Trump
,No,,an independent,attend church,47,woman,not very,moderately good,Tennessee,Trump
white,No,,an independent who leans Democratic,attend church,67,woman,not at all,neither good nor bad,Pennsylvania,Non-voter
white,Yes,slightly liberal,a weak Democrat,do not attend church,49,woman,not very,neither good nor bad,California,Clinton
white,Yes,extremely conservative,a strong Republican,attend church,76,woman,somewhat,extremely good,Florida,Trump
white,Yes,slightly liberal,a weak Democrat,attend church,53,man,somewhat,extremely good,New York,Clinton
white,Yes,liberal,a strong democrat,attend church,76,man,somewhat,extremely good,Nevada,Clinton
hispanic,Yes,slightly liberal,an independent who leans Democratic,do not attend church,68,man,somewhat,neither good nor bad,Pennsylvania,Clinton
white,,moderate,a weak Republican,attend church,35,man,,,West Virginia,Non-voter
white,Yes,moderate,an independent,do not attend church,67,man,somewhat,extremely good,New York,Trump
white,,slightly conservative,a weak Republican,attend church,46,woman,,,Texas,Non-voter
white,,slightly conservative,a strong Republican,do not attend church,62,man,,,California,Non-voter
white,No,moderate,an independent,attend church,60,woman,somewhat,extremely good,Arizona,Non-voter
white,,,an independent,do not attend church,23,man,,,Texas,Non-voter
white,,,a weak Democrat,attend church,68,man,,,West Virginia,Non-voter
white,Yes,conservative,a strong Republican,attend church,71,man,not very,extremely good,Kansas,Trump
white,No,conservative,a weak Republican,attend church,71,woman,somewhat,extremely good,California,Trump
white,,moderate,an independent who leans Republican,attend church,28,woman,,,California,Non-voter
black,Yes,,a strong democrat,attend church,59,man,somewhat,extremely good,Missouri,Clinton
white,Yes,slightly conservative,an independent who leans Republican,do not attend church,47,woman,very,extremely good,New Jersey,Trump
white,Yes,moderate,a weak Republican,attend church,76,woman,very,extremely good,Wisconsin,Trump
white,No,,a weak Democrat,do not attend church,51,woman,not very,extremely good,Indiana,Non-voter
white,Yes,,a strong Republican,do not attend church,63,man,not very,extremely good,New Jersey,Non-voter
asian,,slightly conservative,an independent who leans Democratic,attend church,61,man,,,California,Non-voter
white,,,an independent,attend church,24,woman,,,Illinois,Non-voter
hispanic,Yes,extremely liberal,a strong democrat,attend church,20,man,not at all,extremely good,California,Clinton
hispanic,Yes,liberal,a weak Democrat,do not attend church,31,man,very,neither good nor bad,California,Non-voter
white,,,an independent,do not attend church,30,woman,,,Indiana,Non-voter
white,Yes,slightly conservative,a strong Republican,attend church,39,woman,somewhat,extremely good,Georgia,Trump
hispanic,No,,a weak Democrat,attend church,52,woman,not very,moderately good,Georgia,Clinton
white,Yes,moderate,an independent,attend church,57,woman,somewhat,extremely good,Colorado,Clinton
white,Yes,conservative,a strong Republican,attend church,79,woman,somewhat,moderately good,Texas,Trump
black,Yes,,a weak Democrat,attend church,58,woman,somewhat,neither good nor bad,Arizona,Clinton
white,Yes,conservative,a strong Republican,attend church,80,woman,not very,extremely good,Pennsylvania,Trump
white,Yes,slightly conservative,an independent who leans Republican,attend church,70,woman,very,extremely good,Texas,Trump
black,,,an independent,attend church,77,woman,,,North Carolina,Non-voter
black,Yes,slightly liberal,a weak Democrat,attend church,62,man,somewhat,neither good nor bad,Indiana,Non-voter
,No,,an independent,do not attend church,60,,not at all,a little bad,Ohio,Non-voter
white,Yes,conservative,a strong Republican,attend church,77,man,not very,extremely good,California,Trump
white,Yes,slightly conservative,an independent who leans Republican,attend church,77,woman,somewhat,extremely good,Massachusetts,Trump
white,Yes,slightly conservative,a weak Republican,attend church,32,man,somewhat,moderately good,North Carolina,Trump
white,,liberal,a strong democrat,attend church,43,woman,,,Nevada,Non-voter
white,Yes,conservative,a weak Republican,attend church,63,woman,somewhat,extremely good,Kansas,Trump
,Yes,,a weak Republican,do not attend church,66,woman,very,neither good nor bad,California,Trump
white,No,moderate,an independent who leans Republican,attend church,82,woman,somewhat,moderately good,California,Trump
,Yes,,a strong democrat,do not attend church,59,,very,extremely good,Texas,Non-voter
hispanic,No,moderate,a strong democrat,attend church,49,man,not at all,extremely good,Florida,Clinton
hispanic,Yes,extremely liberal,a strong democrat,attend church,48,man,somewhat,moderately good,Arizona,Non-voter
black,,liberal,a strong democrat,do not attend church,27,man,,,California,Non-voter
white,Yes,conservative,an independent who leans Republican,do not attend church,64,woman,somewhat,extremely good,Arizona,Clinton
white,Yes,,a strong democrat,do not attend church,45,woman,not at all,extremely good,Illinois,Non-voter
white,Yes,conservative,a strong Republican,attend church,,man,somewhat,extremely good,Alabama,Trump
,Yes,liberal,a strong democrat,attend church,60,woman,somewhat,extremely good,New York,Clinton
black,Yes,,a weak Republican,attend church,47,man,not very,neither good nor bad,New York,Clinton
hispanic,No,slightly liberal,a weak Democrat,attend church,26,woman,not very,neither good nor bad,California,Non-voter
white,Yes,slightly conservative,a weak Republican,attend church,51,man,somewhat,extremely good,Illinois,Clinton
black,,,a strong democrat,attend church,57,man,,,Indiana,Non-voter
white,Yes,liberal,an independent who leans Democratic,do not attend church,37,man,somewhat,neither good nor bad,Illinois,Clinton
white,No,,a weak Republican,do not attend church,66,woman,not very,extremely good,Arizona,Clinton
white,No,slightly conservative,an independent,do not attend church,46,woman,not at all,extremely good,Illinois,Clinton
white,Yes,slightly liberal,a weak Democrat,do not attend church,32,woman,somewhat,a little good,Illinois,Non-voter
white,Yes,conservative,a weak Democrat,attend church,52,woman,somewhat,extremely good,Minnesota,Non-voter
white,,,a weak Republican,do not attend church,65,woman,,,California,Non-voter
white,Yes,slightly conservative,an independent,attend church,39,woman,somewhat,moderately good,Ohio,Trump
white,No,,a weak Democrat,attend church,58,woman,not at all,extremely good,Pennsylvania,Trump
white,Yes,slightly conservative,an independent,do not attend church,59,man,not very,extremely good,New Hampshire,Non-voter
asian,Yes,slightly liberal,an independent,do not attend church,69,man,somewhat,neither good nor bad,California,Non-voter
white,Yes,conservative,a strong Republican,attend church,69,man,somewhat,extremely good,Ohio,Trump
white,No,,an independent,attend church,18,,somewhat,neither good nor bad,Florida,Non-voter
white,Yes,moderate,a weak Democrat,do not attend church,69,man,somewhat,extremely good,Maryland,Non-voter
hispanic,No,,a weak Democrat,attend church,26,,not at all,extremely good,California,Non-voter
hispanic,No,slightly liberal,a weak Democrat,do not attend church,19,man,somewhat,moderately good,California,Clinton
white,Yes,slightly conservative,a strong Republican,do not attend church,49,man,somewhat,extremely good,Texas,Trump
white,Yes,slightly liberal,an independent who leans Democratic,attend church,56,woman,somewhat,extremely good,New York,Clinton
hispanic,Yes,slightly liberal,an independent who leans Democratic,do not attend church,75,man,not at all,extremely bad,Indiana,Non-voter
hispanic,Yes,extremely conservative,a strong democrat,attend church,32,woman,very,extremely good,Washington,Clinton
white,Yes,conservative,a strong Republican,attend church,61,woman,somewhat,extremely good,Texas,Trump
white,Yes,moderate,a strong democrat,attend church,68,woman,somewhat,extremely good,Pennsylvania,Clinton
white,Yes,liberal,a strong democrat,do not attend church,43,man,somewhat,a little good,California,Non-voter
white,No,,an independent,attend church,46,woman,not at all,extremely good,Tennessee,Trump
black,Yes,,a weak Democrat,attend church,26,woman,not very,extremely good,Michigan,Clinton
white,,moderate,a strong Republican,do not attend church,46,man,,,Ohio,Non-voter
white,,slightly liberal,a weak Democrat,do not attend church,29,man,,,Tennessee,Non-voter
white,No,,an independent,attend church,47,man,not very,extremely good,Tennessee,Non-voter
white,Yes,slightly conservative,a weak Republican,do not attend church,40,man,somewhat,extremely good,Texas,Trump
white,Yes,extremely conservative,a strong Republican,attend church,37,woman,somewhat,extremely good,South Dakota,Trump
hispanic,No,,a strong democrat,do not attend church,58,man,not very,neither good nor bad,Georgia,Non-voter
hispanic,,,an independent who leans Democratic,attend church,,woman,,,Virginia,Non-voter
white,Yes,slightly conservative,a weak Republican,attend church,59,woman,somewhat,extremely good,Texas,Trump
white,Yes,slightly conservative,an independent who leans Democratic,do not attend church,44,man,not very,extremely good,Washington,Non-voter
white,Yes,moderate,an independent who leans Democratic,attend church,54,woman,very,extremely good,Wisconsin,Clinton
white,Yes,conservative,an independent,do not attend church,65,man,somewhat,extremely good,Pennsylvania,Non-voter
white,No,moderate,a weak Democrat,do not attend church,39,man,not very,extremely good,Oregon,Clinton
white,Yes,conservative,a strong Republican,attend church,43,woman,somewhat,extremely good,Virginia,Trump
hispanic,Yes,moderate,a strong democrat,,20,woman,somewhat,neither good nor bad,California,Non-voter
white,Yes,liberal,a strong democrat,do not attend church,26,man,very,neither good nor bad,Connecticut,Non-voter
white,Yes,liberal,a strong democrat,attend church,59,woman,very,extremely good,Florida,Clinton
white,,extremely liberal,a strong democrat,do not attend church,65,man,,,New York,Non-voter
white,,,a strong Republican,attend church,57,woman,,,Ohio,Non-voter
white,Yes,moderate,a strong democrat,do not attend church,24,man,somewhat,moderately good,New York,Non-voter
white,,conservative,a strong Republican,attend church,23,woman,,,Michigan,Non-voter
hispanic,Yes,,a weak Republican,attend church,30,woman,somewhat,moderately good,Texas,Non-voter
black,No,,a weak Democrat,attend church,58,woman,somewhat,extremely good,Georgia,Trump
white,Yes,conservative,a weak Republican,attend church,78,woman,very,moderately good,Arizona,Trump
white,Yes,moderate,an independent,attend church,47,woman,somewhat,extremely good,California,Non-voter
white,,liberal,a strong democrat,attend church,72,woman,,,Pennsylvania,Non-voter
white,No,moderate,a weak Republican,do not attend church,55,man,not at all,moderately good,Pennsylvania,Clinton
white,,slightly liberal,a weak Democrat,attend church,47,man,,,Oregon,Non-voter
white,Yes,extremely liberal,an independent who leans Democratic,attend church,41,woman,somewhat,neither good nor bad,Oregon,Clinton
black,No,,a weak Democrat,attend church,39,woman,not very,moderately good,Florida,Clinton
white,,moderate,an independent who leans Democratic,attend church,19,man,,,Ohio,Non-voter
black,No,,a strong Republican,do not attend church,59,man,somewhat,extremely good,Maryland,Non-voter
white,Yes,slightly conservative,a weak Republican,do not attend church,48,man,very,extremely good,Maryland,Trump
white,No,,an independent,attend church,53,man,not very,extremely good,Texas,Non-voter
white,No,moderate,an independent,attend church,41,woman,not at all,moderately bad,California,Non-voter
white,Yes,slightly conservative,a weak Republican,attend church,48,man,somewhat,neither good nor bad,Ohio,Non-voter
white,Yes,conservative,a strong Republican,do not attend church,80,man,somewhat,extremely good,Kentucky,Trump
white,,conservative,a strong Republican,attend church,71,man,,,North Carolina,Non-voter
white,Yes,moderate,an independent who leans Democratic,attend church,53,man,somewhat,extremely good,Wisconsin,Clinton
black,Yes,extremely liberal,a strong democrat,attend church,30,man,somewhat,a little bad,Illinois,Clinton
black,Yes,,an independent who leans Democratic,do not attend church,60,man,somewhat,extremely good,California,Clinton
white,Yes,slightly conservative,an independent who leans Republican,attend church,72,man,somewhat,extremely good,Michigan,Trump
white,Yes,conservative,an independent who leans Republican,do not attend church,,man,not very,extremely good,Florida,Trump
white,Yes,moderate,an independent,do not attend church,29,woman,somewhat,moderately good,Nevada,Non-voter
white,Yes,,a weak Republican,attend church,68,woman,somewhat,extremely good,Tennessee,Trump
white,,moderate,an independent who leans Republican,do not attend church,55,man,,,Georgia,Non-voter
,Yes,conservative,an independent who leans Republican,attend church,31,man,not at all,moderately good,Michigan,Trump
white,,,,attend church,,woman,,,Virginia,Non-voter
hispanic,Yes,liberal,a strong democrat,attend church,32,woman,somewhat,moderately good,Texas,Clinton
white,Yes,moderate,an independent,do not attend church,35,man,very,extremely good,Alabama,Non-voter
white,Yes,moderate,a weak Republican,do not attend church,43,woman,somewhat,extremely good,Massachusetts,Clinton
white,No,,a strong Republican,attend church,31,woman,not very,moderately good,Missouri,Non-voter
white,Yes,moderate,an independent who leans Democratic,attend church,54,man,somewhat,extremely good,Maryland,Trump
white,No,extremely conservative,a strong Republican,attend church,22,woman,not very,moderately good,Alabama,Trump
white,Yes,liberal,a strong democrat,do not attend church,65,man,very,extremely good,Georgia,Clinton
white,Yes,slightly liberal,a strong democrat,attend church,28,man,very,moderately good,Florida,Clinton
white,Yes,moderate,a weak Democrat,do not attend church,50,man,not very,neither good nor bad,Michigan,Non-voter
black,Yes,,a strong Republican,attend church,21,woman,very,moderately good,Mississippi,Clinton
white,Yes,extremely conservative,a strong Republican,attend church,63,woman,somewhat,extremely good,Pennsylvania,Trump
white,Yes,extremely conservative,a strong Republican,do not attend church,66,woman,somewhat,extremely good,Louisiana,Trump
black,Yes,,a weak Democrat,attend church,42,man,not very,neither good nor bad,Georgia,Non-voter
white,Yes,liberal,a strong democrat,attend church,19,man,very,neither good nor bad,New York,Clinton
white,Yes,slightly conservative,an independent,attend church,59,woman,somewhat,moderately good,Utah,Non-voter
white,Yes,slightly liberal,an independent who leans Democratic,do not attend church,34,man,somewhat,neither good nor bad,Minnesota,Clinton
white,No,,a weak Republican,do not attend church,27,man,not at all,extremely good,Pennsylvania,Non-voter
white,Yes,,an independent who leans Democratic,attend church,23,man,somewhat,neither good nor bad,Rhode Island,Clinton
white,Yes,conservative,a strong Republican,do not attend church,49,man,very,a little good,Ohio,Trump
white,Yes,moderate,a strong democrat,attend church,65,man,very,moderately good,Virginia,Clinton
white,Yes,liberal,a strong democrat,do not attend church,33,woman,very,neither good nor bad,California,Clinton
white,No,,a weak Democrat,do not attend church,58,woman,not at all,extremely good,New Jersey,Clinton
white,Yes,slightly conservative,an independent,attend church,59,woman,somewhat,extremely good,Illinois,Trump
white,Yes,,an independent who leans Democratic,do not attend church,,man,very,moderately good,Oregon,Clinton
white,Yes,liberal,an independent,do not attend church,44,woman,somewhat,extremely good,Kentucky,Clinton
white,No,,an independent,attend church,38,man,not at all,neither good nor bad,Florida,Non-voter
black,Yes,,a strong democrat,attend church,65,man,very,moderately good,Virginia,Clinton
white,Yes,conservative,a strong Republican,do not attend church,56,woman,somewhat,extremely good,Pennsylvania,Trump
white,No,liberal,an independent,do not attend church,45,man,not at all,extremely good,Tennessee,Non-voter
asian,,conservative,an independent,attend church,21,woman,,,California,Non-voter
white,Yes,conservative,a strong Republican,attend church,67,woman,somewhat,moderately good,Tennessee,Trump
black,Yes,moderate,a strong democrat,attend church,58,woman,somewhat,moderately good,California,Clinton
white,No,moderate,an independent,do not attend church,66,man,somewhat,extremely good,Idaho,Clinton
black,Yes,extremely liberal,a strong democrat,attend church,37,woman,somewhat,extremely bad,Texas,Clinton
white,Yes,extremely conservative,a strong Republican,do not attend church,27,man,somewhat,extremely good,Montana,Trump
white,No,,an independent who leans Democratic,do not attend church,30,woman,not very,extremely good,Washington,Clinton
white,Yes,liberal,a strong democrat,attend church,78,man,somewhat,neither good nor bad,California,Clinton
white,Yes,conservative,a strong democrat,do not attend church,26,man,somewhat,neither good nor bad,Michigan,Clinton
white,Yes,slightly conservative,an independent who leans Republican,do not attend church,40,woman,somewhat,neither good nor bad,Maine,Clinton
white,,slightly liberal,an independent who leans Democratic,do not attend church,70,man,,,Missouri,Non-voter
white,Yes,liberal,an independent who leans Democratic,do not attend church,63,man,somewhat,extremely good,Oregon,Clinton
white,Yes,moderate,a strong Republican,attend church,67,woman,somewhat,extremely good,California,Trump
white,No,moderate,an independent,attend church,38,woman,not very,extremely good,Oklahoma,Trump
white,No,moderate,an independent,do not attend church,59,man,not at all,neither good nor bad,California,Non-voter
white,Yes,slightly conservative,an independent,do not attend church,86,woman,somewhat,extremely good,New York,Non-voter
white,Yes,moderate,a strong Republican,attend church,45,woman,somewhat,extremely good,Iowa,Trump
,Yes,slightly conservative,a weak Republican,do not attend church,,woman,somewhat,extremely good,Maryland,Trump
black,Yes,,a strong democrat,do not attend church,63,man,somewhat,neither good nor bad,Mississippi,Clinton
white,Yes,conservative,a strong Republican,do not attend church,66,woman,not very,extremely good,California,Trump
white,Yes,moderate,an independent who leans Republican,attend church,41,woman,not very,extremely good,Florida,Trump
hispanic,No,,an independent,attend church,46,woman,not at all,neither good nor bad,Texas,Non-voter
white,Yes,moderate,a weak Republican,do not attend church,48,man,somewhat,moderately good,Ohio,Clinton
white,No,,a strong democrat,do not attend church,65,man,not very,extremely good,Pennsylvania,Non-voter
white,Yes,conservative,a weak Democrat,attend church,73,woman,somewhat,extremely good,California,Trump
white,Yes,moderate,an independent,do not attend church,55,man,not very,moderately good,Wisconsin,Non-voter
,Yes,slightly conservative,a weak Republican,do not attend church,26,woman,not very,moderately good,Texas,Non-voter
white,No,moderate,a weak Democrat,attend church,47,woman,somewhat,extremely good,Pennsylvania,Trump
white,Yes,conservative,a weak Republican,do not attend church,69,man,somewhat,a little good,Rhode Island,Trump
black,Yes,,a strong democrat,attend church,41,woman,somewhat,neither good nor bad,North Carolina,Clinton
black,,conservative,a strong democrat,attend church,67,woman,,,New Jersey,Non-voter
white,Yes,conservative,a strong Republican,attend church,54,man,somewhat,extremely good,Ohio,Trump
white,Yes,conservative,a strong Republican,attend church,52,man,somewhat,extremely good,Kansas,Trump
black,Yes,,a weak Democrat,attend church,50,woman,somewhat,a little good,Alabama,Clinton
white,Yes,moderate,an independent who leans Republican,do not attend church,56,woman,very,extremely good,Colorado,Trump
white,Yes,liberal,a strong democrat,do not attend church,70,man,very,moderately good,Oregon,Clinton
black,Yes,,a strong democrat,attend church,46,woman,not at all,neither good nor bad,Florida,Non-voter
,,moderate,a weak Democrat,attend church,70,woman,,,Idaho,Clinton
white,Yes,conservative,a strong Republican,attend church,34,woman,very,extremely good,California,Trump
white,Yes,conservative,a strong Republican,attend church,73,man,somewhat,extremely good,Florida,Trump
white,Yes,,a strong democrat,attend church,60,man,not very,extremely good,Ohio,Clinton
white,Yes,conservative,a strong Republican,attend church,58,woman,somewhat,extremely good,Kentucky,Trump
white,,moderate,a weak Democrat,attend church,33,man,,,Illinois,Non-voter
white,No,slightly liberal,an independent,do not attend church,23,man,not very,neither good nor bad,Pennsylvania,Clinton
hispanic,No,,a strong democrat,attend church,29,man,somewhat,moderately good,Nebraska,Non-voter
white,Yes,moderate,a weak Republican,attend church,31,woman,somewhat,extremely good,Maryland,Trump
white,Yes,slightly conservative,an independent who leans Republican,do not attend church,44,man,somewhat,moderately good,Ohio,Non-voter
white,Yes,,a weak Democrat,do not attend church,20,man,not at all,extremely good,Pennsylvania,Non-voter
white,Yes,conservative,an independent who leans Republican,attend church,61,man,not very,moderately good,Arkansas,Trump
hispanic,,slightly conservative,a strong Republican,attend church,62,woman,,extremely good,Illinois,Non-voter
hispanic,Yes,slightly conservative,a weak Democrat,attend church,35,woman,somewhat,neither good nor bad,California,Non-voter
white,Yes,slightly conservative,an independent who leans Republican,do not attend church,60,woman,somewhat,extremely good,Texas,Trump
white,Yes,extremely conservative,a strong Republican,attend church,58,man,very,extremely good,Indiana,Trump
white,No,,a weak Democrat,do not attend church,37,woman,somewhat,extremely good,North Carolina,Non-voter
white,Yes,slightly conservative,a weak Republican,attend church,40,woman,very,moderately good,Indiana,Clinton
white,No,moderate,a strong democrat,attend church,43,man,somewhat,moderately good,Illinois,Clinton
white,No,conservative,a weak Democrat,do not attend church,61,woman,not very,extremely good,Indiana,Trump
asian,Yes,slightly liberal,a weak Democrat,do not attend church,56,woman,somewhat,moderately good,California,Clinton
white,Yes,liberal,a weak Democrat,do not attend church,31,woman,not very,moderately good,North Carolina,Clinton
white,No,liberal,a weak Democrat,do not attend church,18,man,somewhat,neither good nor bad,Pennsylvania,Trump
white,,,a weak Democrat,attend church,45,woman,,,Illinois,Clinton
white,Yes,conservative,a weak Republican,attend church,36,woman,not very,moderately good,Colorado,Non-voter
,Yes,moderate,an independent who leans Democratic,attend church,26,man,somewhat,extremely good,Minnesota,Clinton
white,Yes,moderate,an independent who leans Democratic,attend church,59,woman,very,neither good nor bad,New York,Non-voter
white,Yes,liberal,a strong democrat,do not attend church,59,man,very,extremely good,Kentucky,Clinton
hispanic,Yes,,a strong democrat,do not attend church,37,woman,not very,neither good nor bad,California,Clinton
white,,slightly conservative,a strong democrat,attend church,38,woman,,,Illinois,Non-voter
black,No,,a weak Republican,attend church,32,woman,somewhat,neither good nor bad,Indiana,Clinton
asian,,conservative,a strong Republican,attend church,45,woman,,,Florida,Non-voter
white,Yes,,a strong democrat,attend church,20,man,very,moderately good,Kansas,Clinton
white,No,slightly conservative,an independent,attend church,90,woman,very,extremely good,Oregon,Trump
white,Yes,moderate,a strong Republican,do not attend church,46,woman,very,extremely good,Virginia,Trump
hispanic,Yes,moderate,a weak Democrat,do not attend church,58,woman,not very,moderately good,Florida,Clinton
white,Yes,conservative,a strong Republican,do not attend church,73,woman,very,extremely good,California,Trump
white,Yes,conservative,an independent who leans Republican,attend church,39,woman,not very,moderately good,Washington,Trump
white,Yes,slightly liberal,a weak Democrat,attend church,22,woman,somewhat,neither good nor bad,Michigan,Clinton
white,Yes,slightly conservative,an independent who leans Republican,do not attend church,40,man,very,extremely good,California,Trump
white,Yes,liberal,a strong democrat,attend church,67,man,very,extremely good,Indiana,Clinton
black,Yes,,a weak Democrat,do not attend church,23,man,somewhat,a little good,Illinois,Non-voter
black,No,,a weak Democrat,attend church,27,woman,not at all,neither good nor bad,Kentucky,Clinton
hispanic,No,,an independent,do not attend church,27,man,not very,extremely good,Louisiana,Non-voter
white,Yes,moderate,a strong democrat,attend church,55,woman,not very,moderately good,Wisconsin,Clinton
white,Yes,extremely conservative,a strong Republican,do not attend church,51,man,not very,extremely good,Hawaii,Non-voter
white,No,,a strong democrat,attend church,68,woman,not at all,extremely good,Ohio,Clinton
black,,,a strong democrat,attend church,54,man,,,Michigan,Non-voter
black,Yes,liberal,a strong democrat,attend church,36,woman,somewhat,neither good nor bad,New Jersey,Clinton
white,Yes,,an independent,do not attend church,38,woman,very,neither good nor bad,Oregon,Non-voter
white,No,moderate,a strong democrat,attend church,65,woman,not very,extremely good,Vermont,Clinton
white,Yes,conservative,a weak Republican,do not attend church,90,woman,somewhat,extremely good,Pennsylvania,Trump
black,,,a strong democrat,attend church,32,woman,,,Massachusetts,Non-voter
white,Yes,slightly conservative,a strong Republican,attend church,24,man,somewhat,moderately good,California,Non-voter
asian,Yes,slightly liberal,a strong democrat,attend church,66,woman,somewhat,neither good nor bad,Wisconsin,Clinton
white,Yes,slightly liberal,a strong democrat,do not attend church,45,woman,not very,moderately good,Pennsylvania,Clinton
white,Yes,conservative,a strong Republican,do not attend church,,man,somewhat,extremely good,Ohio,Trump
white,Yes,conservative,a weak Republican,attend church,77,woman,somewhat,extremely good,Michigan,Trump
white,Yes,conservative,a weak Republican,attend church,50,man,somewhat,moderately good,Illinois,Non-voter
white,Yes,conservative,a strong Republican,attend church,72,man,very,extremely good,Georgia,Trump
white,No,,an independent,do not attend church,28,woman,not very,extremely good,Missouri,Non-voter
white,Yes,slightly liberal,an independent who leans Democratic,do not attend church,49,woman,somewhat,extremely good,Texas,Clinton
white,Yes,extremely conservative,a strong Republican,attend church,70,man,very,extremely good,North Carolina,Non-voter
hispanic,No,,a strong democrat,attend church,33,woman,not at all,a little good,Ohio,Clinton
white,Yes,liberal,an independent who leans Democratic,do not attend church,24,woman,very,neither good nor bad,Ohio,Clinton
white,Yes,moderate,an independent who leans Democratic,do not attend church,49,woman,not very,neither good nor bad,California,Non-voter
white,No,moderate,an independent,attend church,26,woman,not very,extremely good,Oregon,Non-voter
white,Yes,slightly liberal,an independent who leans Democratic,do not attend church,37,man,very,moderately good,California,Clinton
white,Yes,,a weak Democrat,do not attend church,50,man,somewhat,moderately good,Massachusetts,Trump
white,Yes,conservative,a strong Republican,attend church,90,woman,very,extremely good,New Jersey,Non-voter
white,,moderate,an independent who leans Democratic,do not attend church,41,man,,,Kentucky,Non-voter
hispanic,No,,a strong democrat,attend church,76,man,somewhat,extremely good,Texas,Clinton
black,No,,a weak Democrat,attend church,26,woman,somewhat,extremely bad,Illinois,Clinton
,,,a strong democrat,attend church,44,,,,New Jersey,Non-voter
white,Yes,liberal,a strong democrat,do not attend church,71,man,somewhat,extremely good,Ohio,Clinton
white,Yes,liberal,a strong democrat,do not attend church,37,woman,not at all,moderately good,Illinois,Clinton
hispanic,Yes,,an independent,attend church,27,man,not at all,moderately good,Texas,Non-voter
white,Yes,conservative,a strong Republican,attend church,54,woman,somewhat,extremely good,Florida,Trump
white,Yes,slightly liberal,a weak Democrat,attend church,58,man,somewhat,moderately bad,New Mexico,Clinton
white,Yes,slightly liberal,an independent,do not attend church,40,woman,very,neither good nor bad,North Carolina,Trump
white,No,,an independent,do not attend church,43,woman,somewhat,extremely good,New York,Trump
white,Yes,conservative,a strong Republican,do not attend church,72,woman,somewhat,extremely good,Arizona,Trump
white,Yes,,an independent,attend church,42,woman,somewhat,extremely good,Connecticut,Trump
asian,Yes,,an independent,attend church,45,man,not very,neither good nor bad,California,Trump
white,Yes,conservative,a strong Republican,attend church,68,man,very,extremely good,Florida,Trump
hispanic,,slightly liberal,a weak Democrat,do not attend church,43,woman,,,Georgia,Non-voter
white,,slightly conservative,an independent who leans Republican,attend church,35,man,,,Tennessee,Non-voter
hispanic,No,,an independent,attend church,20,woman,not at all,extremely good,Arkansas,Non-voter
white,Yes,slightly liberal,a weak Democrat,attend church,48,woman,somewhat,extremely good,North Carolina,Trump
white,No,conservative,an independent who leans Republican,attend church,40,woman,somewhat,extremely good,Montana,Trump
white,Yes,conservative,an independent who leans Republican,attend church,64,man,somewhat,extremely good,Kentucky,Trump
black,No,moderate,a strong democrat,attend church,47,woman,not at all,a little good,Delaware,Non-voter
white,Yes,,a weak Democrat,attend church,66,woman,somewhat,extremely good,New Jersey,Clinton
white,Yes,conservative,a strong Republican,attend church,60,man,very,extremely good,Maryland,Trump
white,Yes,liberal,an independent who leans Republican,do not attend church,28,woman,somewhat,extremely good,Ohio,Non-voter
asian,Yes,,an independent,do not attend church,30,woman,somewhat,moderately good,Wisconsin,Clinton
,Yes,conservative,a strong Republican,attend church,56,man,very,extremely good,Louisiana,Trump
white,Yes,moderate,an independent who leans Republican,do not attend church,43,woman,not very,extremely good,Ohio,Clinton
white,Yes,moderate,a weak Democrat,attend church,66,man,somewhat,extremely good,New York,Clinton
hispanic,Yes,moderate,a strong democrat,attend church,79,woman,very,moderately good,New York,Clinton
hispanic,Yes,moderate,an independent who leans Democratic,attend church,29,woman,somewhat,extremely good,Texas,Non-voter
white,No,,an independent who leans Democratic,attend church,80,woman,not very,moderately good,Michigan,Clinton
white,Yes,moderate,a strong democrat,attend church,81,man,very,extremely good,Minnesota,Clinton
white,Yes,moderate,a strong Republican,do not attend church,90,man,somewhat,extremely good,Florida,Trump
asian,,conservative,a weak Republican,attend church,58,woman,,,California,Non-voter
white,No,,an independent,do not attend church,64,woman,not at all,extremely good,Georgia,Non-voter
white,Yes,liberal,a strong democrat,do not attend church,59,man,very,moderately good,Florida,Clinton
white,Yes,extremely liberal,an independent who leans Democratic,do not attend church,88,man,very,neither good nor bad,Washington,Clinton
asian,Yes,liberal,a weak Democrat,do not attend church,25,woman,not very,extremely good,California,Non-voter
black,No,,an independent,attend church,42,man,not at all,moderately good,New York,Clinton
hispanic,No,,a weak Republican,do not attend church,53,man,not very,extremely good,Nevada,Trump
white,Yes,slightly liberal,a strong democrat,attend church,67,man,not at all,neither good nor bad,Maryland,Non-voter
hispanic,Yes,slightly conservative,a weak Republican,attend church,67,man,not at all,extremely good,Texas,Clinton
white,Yes,liberal,a strong democrat,do not attend church,70,woman,somewhat,neither good nor bad,California,Clinton
white,Yes,liberal,a strong democrat,do not attend church,20,woman,very,neither good nor bad,Oregon,Clinton
white,,,a weak Republican,attend church,25,woman,,,Georgia,Non-voter
white,Yes,liberal,a weak Democrat,do not attend church,26,woman,somewhat,moderately good,Missouri,Non-voter
white,No,moderate,a strong Republican,attend church,60,man,somewhat,extremely good,Pennsylvania,Trump
white,No,liberal,a strong democrat,do not attend church,43,man,not at all,moderately good,Wisconsin,Clinton
white,No,slightly liberal,an independent who leans Democratic,do not attend church,32,man,somewhat,moderately good,California,Trump
white,Yes,slightly liberal,an independent,do not attend church,26,man,very,extremely good,Colorado,Clinton
,,slightly conservative,an independent who leans Republican,attend church,33,woman,,,Arizona,Non-voter
white,Yes,conservative,a strong Republican,attend church,61,man,very,extremely good,Texas,Trump
white,Yes,liberal,an independent who leans Democratic,attend church,65,woman,very,extremely good,Texas,Non-voter
hispanic,,extremely liberal,a strong democrat,,19,woman,,,Texas,Clinton
white,,moderate,a strong democrat,attend church,74,woman,,,Massachusetts,Non-voter
white,Yes,conservative,a strong Republican,do not attend church,46,man,not very,extremely good,Florida,Trump
hispanic,Yes,moderate,an independent who leans Democratic,attend church,40,woman,somewhat,extremely good,New York,Clinton
white,No,,a strong democrat,attend church,63,woman,not very,extremely good,Pennsylvania,Non-voter
white,,slightly conservative,a strong democrat,attend church,61,woman,,,Massachusetts,Non-voter
,,,,,,,,,Connecticut,Non-voter
,Yes,moderate,a strong democrat,attend church,35,woman,somewhat,neither good nor bad,Louisiana,Clinton
hispanic,Yes,conservative,a strong democrat,attend church,,,somewhat,extremely good,Texas,Clinton
white,No,moderate,an independent,do not attend church,19,woman,somewhat,neither good nor bad,Ohio,Non-voter
white,Yes,extremely liberal,a strong democrat,do not attend church,47,man,very,moderately good,New York,Clinton
white,Yes,liberal,a strong democrat,do not attend church,51,man,somewhat,neither good nor bad,New York,Clinton
white,Yes,conservative,a strong Republican,attend church,25,woman,not at all,moderately good,Tennessee,Non-voter
white,Yes,liberal,a strong democrat,do not attend church,46,woman,very,neither good nor bad,Idaho,Clinton
white,Yes,extremely liberal,an independent who leans Democratic,do not attend church,19,man,somewhat,moderately good,Florida,Non-voter
white,Yes,slightly liberal,a weak Democrat,attend church,58,man,somewhat,neither good nor bad,New Jersey,Non-voter
white,Yes,slightly conservative,a weak Republican,attend church,27,woman,not very,moderately good,Montana,Trump
white,Yes,moderate,a weak Republican,attend church,63,man,very,moderately good,Pennsylvania,Trump
white,Yes,extremely liberal,a weak Democrat,do not attend church,29,man,somewhat,neither good nor bad,New York,Clinton
white,Yes,moderate,an independent who leans Democratic,attend church,31,man,somewhat,moderately good,Ohio,Clinton
hispanic,,liberal,a strong democrat,do not attend church,18,man,,,South Carolina,Non-voter
black,Yes,moderate,an independent,do not attend church,60,man,somewhat,moderately good,New York,Clinton
white,Yes,moderate,a weak Republican,attend church,34,man,not at all,extremely good,Texas,Trump
white,,conservative,a weak Republican,attend church,90,man,,,Louisiana,Non-voter
white,Yes,slightly conservative,an independent,attend church,61,woman,not very,extremely good,Alabama,Trump
white,Yes,conservative,a strong Republican,do not attend church,80,man,somewhat,extremely good,Ohio,Trump
white,Yes,moderate,an independent who leans Democratic,do not attend church,22,woman,very,neither good nor bad,Ohio,Trump
white,Yes,extremely conservative,a strong Republican,attend church,75,woman,very,extremely good,California,Trump
black,Yes,moderate,a strong democrat,do not attend church,52,man,very,neither good nor bad,California,Clinton
black,Yes,moderate,a strong democrat,attend church,22,man,somewhat,a little bad,Georgia,Clinton
asian,No,moderate,an independent,do not attend church,64,woman,not very,extremely good,Florida,Non-voter
,Yes,slightly conservative,an independent who leans Republican,attend church,39,woman,very,neither good nor bad,North Carolina,Non-voter
white,Yes,,a weak Republican,do not attend church,45,woman,not at all,moderately good,California,Non-voter
white,Yes,liberal,an independent who leans Democratic,do not attend church,58,woman,very,neither good nor bad,Oregon,Clinton
white,,moderate,a weak Republican,attend church,39,man,,,Colorado,Non-voter
white,Yes,conservative,a strong Republican,attend church,57,woman,somewhat,extremely good,Florida,Trump
black,Yes,liberal,an independent who leans Democratic,attend church,26,man,somewhat,moderately good,Pennsylvania,Non-voter
white,Yes,slightly liberal,an independent who leans Democratic,attend church,35,woman,somewhat,a little good,Missouri,Clinton
white,Yes,slightly conservative,a weak Democrat,do not attend church,44,man,very,extremely good,Florida,Trump
white,Yes,slightly conservative,an independent who leans Republican,do not attend church,49,woman,somewhat,extremely good,Texas,Trump
hispanic,Yes,conservative,a strong Republican,attend church,38,man,not very,extremely good,Florida,Trump
black,Yes,moderate,a strong democrat,do not attend church,63,man,somewhat,neither good nor bad,Maryland,Clinton
black,Yes,slightly conservative,a weak Democrat,attend church,46,man,not very,extremely good,Michigan,Non-voter
white,Yes,moderate,an independent who leans Republican,do not attend church,57,man,somewhat,extremely good,North Carolina,Trump
white,Yes,liberal,a strong democrat,do not attend church,26,woman,not very,a little good,Delaware,Clinton
white,Yes,moderate,an independent,attend church,70,woman,somewhat,a little good,Michigan,Clinton
white,Yes,moderate,an independent who leans Republican,attend church,33,woman,somewhat,moderately good,Wisconsin,Non-voter
white,,,a strong Republican,do not attend church,84,woman,,,Michigan,Non-voter
black,No,,an independent,attend church,24,woman,very,neither good nor bad,Missouri,Clinton
white,Yes,slightly liberal,a weak Democrat,do not attend church,24,man,very,neither good nor bad,California,Clinton
white,Yes,extremely liberal,an independent who leans Democratic,do not attend church,33,man,very,moderately good,Florida,Clinton
white,,moderate,an independent who leans Democratic,attend church,60,man,,,Georgia,Non-voter
white,Yes,slightly conservative,an independent who leans Republican,attend church,81,man,very,extremely good,Georgia,Trump
,,extremely liberal,an independent who leans Democratic,do not attend church,27,man,,,New York,Non-voter
white,Yes,moderate,a weak Democrat,attend church,21,woman,not very,extremely good,Pennsylvania,Non-voter
white,Yes,extremely liberal,an independent who leans Democratic,do not attend church,33,man,somewhat,extremely good,Michigan,Clinton
white,Yes,,an independent,attend church,41,man,not at all,extremely good,Wisconsin,Trump
black,Yes,liberal,a strong democrat,attend church,47,woman,very,neither good nor bad,South Carolina,Clinton
white,Yes,liberal,a strong democrat,do not attend church,73,man,somewhat,neither good nor bad,Pennsylvania,Clinton
black,Yes,moderate,a strong democrat,do not attend church,28,man,very,extremely good,Rhode Island,Clinton
white,Yes,extremely conservative,a strong Republican,attend church,73,man,somewhat,extremely good,Virginia,Trump
white,,moderate,a weak Democrat,do not attend church,43,man,,,Michigan,Non-voter
asian,Yes,,a weak Democrat,attend church,29,man,not very,extremely good,Illinois,Clinton
white,Yes,extremely conservative,a weak Republican,attend church,29,man,somewhat,extremely good,North Carolina,Trump
white,Yes,liberal,a strong democrat,do not attend church,72,woman,very,moderately good,South Carolina,Clinton
white,Yes,slightly conservative,an independent who leans Republican,attend church,74,man,somewhat,extremely good,South Carolina,Trump
white,Yes,conservative,a strong Republican,do not attend church,22,woman,somewhat,extremely good,New York,Non-voter
black,,moderate,an independent who leans Democratic,do not attend church,62,man,,,North Carolina,Non-voter
white,,moderate,a weak Democrat,attend church,79,man,,,Colorado,Non-voter
white,,moderate,an independent who leans Democratic,attend church,40,man,,,Minnesota,Non-voter
black,Yes,liberal,a weak Democrat,do not attend church,58,man,very,neither good nor bad,Pennsylvania,Clinton
white,Yes,,a weak Democrat,attend church,59,woman,somewhat,moderately good,Minnesota,Trump
white,No,conservative,a weak Republican,attend church,39,woman,not very,extremely good,California,Non-voter
white,Yes,conservative,a strong Republican,attend church,47,man,somewhat,moderately good,Pennsylvania,Trump
white,No,moderate,a weak Democrat,attend church,56,woman,somewhat,extremely good,New York,Clinton
white,Yes,conservative,a strong Republican,attend church,31,woman,not very,extremely good,Ohio,Trump
white,No,slightly liberal,a weak Democrat,do not attend church,24,woman,not at all,neither good nor bad,Washington,Trump
hispanic,,,a strong Republican,attend church,33,woman,,,Massachusetts,Non-voter
white,Yes,slightly liberal,a strong democrat,do not attend church,69,woman,very,moderately good,Illinois,Clinton
white,Yes,conservative,an independent who leans Republican,attend church,57,woman,somewhat,moderately good,Indiana,Clinton
white,Yes,conservative,a weak Republican,attend church,72,man,somewhat,extremely good,Georgia,Trump
white,Yes,conservative,a strong Republican,do not attend church,29,man,somewhat,extremely good,Ohio,Trump
white,Yes,extremely conservative,a strong Republican,attend church,,woman,very,extremely good,Tennessee,Trump
white,Yes,,an independent,attend church,77,woman,somewhat,extremely good,California,Non-voter
white,Yes,liberal,a strong democrat,do not attend church,39,woman,very,moderately good,Michigan,Clinton
white,Yes,moderate,an independent,do not attend church,59,woman,somewhat,extremely good,New York,Non-voter
black,Yes,liberal,a strong democrat,attend church,72,woman,very,neither good nor bad,Mississippi,Clinton
hispanic,No,,a strong democrat,attend church,35,woman,somewhat,extremely good,Massachusetts,Clinton
white,Yes,,an independent who leans Republican,attend church,64,man,somewhat,moderately good,Utah,Trump
white,Yes,liberal,a strong democrat,attend church,60,woman,very,neither good nor bad,Wisconsin,Clinton
hispanic,Yes,conservative,a strong Republican,attend church,24,woman,somewhat,extremely good,Texas,Non-voter
white,Yes,liberal,a strong democrat,do not attend church,58,woman,very,moderately good,Ohio,Clinton
white,Yes,liberal,a weak Democrat,attend church,35,woman,somewhat,extremely good,Wisconsin,Clinton
hispanic,Yes,slightly conservative,an independent who leans Republican,attend church,68,man,somewhat,extremely good,Florida,Clinton
black,Yes,extremely liberal,a strong democrat,do not attend church,32,woman,somewhat,neither good nor bad,Florida,Clinton
white,Yes,extremely liberal,a strong democrat,do not attend church,34,man,very,neither good nor bad,Texas,Clinton
white,Yes,slightly liberal,an independent who leans Democratic,do not attend church,65,man,not very,moderately good,Florida,Non-voter
white,Yes,moderate,an independent who leans Republican,attend church,35,woman,somewhat,extremely good,Michigan,Trump
white,Yes,extremely liberal,a strong Republican,do not attend church,41,man,very,extremely good,Montana,Trump
white,,conservative,a strong Republican,attend church,60,woman,,,California,Non-voter
white,Yes,,an independent,attend church,,woman,somewhat,extremely good,Tennessee,Trump
white,No,,a weak Democrat,do not attend church,41,woman,not very,neither good nor bad,Mississippi,Non-voter
hispanic,,,a weak Democrat,attend church,,woman,,,Texas,Non-voter
white,Yes,liberal,a strong democrat,attend church,57,man,somewhat,neither good nor bad,Illinois,Clinton
hispanic,Yes,moderate,a strong democrat,attend church,37,woman,somewhat,moderately good,Texas,Non-voter
white,Yes,slightly liberal,an independent,attend church,46,man,somewhat,neither good nor bad,Colorado,Non-voter
white,Yes,slightly conservative,a weak Democrat,do not attend church,60,woman,not very,moderately good,Washington,Clinton
white,No,moderate,an independent who leans Republican,do not attend church,51,man,somewhat,extremely good,Florida,Trump
white,Yes,conservative,an independent who leans Republican,do not attend church,61,woman,somewhat,moderately good,Maine,Trump
white,Yes,slightly conservative,an independent who leans Democratic,attend church,65,man,somewhat,extremely good,Utah,Clinton
white,Yes,slightly liberal,a weak Republican,attend church,66,man,very,moderately good,Illinois,Trump
white,Yes,slightly conservative,an independent who leans Republican,attend church,51,man,somewhat,extremely good,Texas,Trump
white,Yes,,an independent,do not attend church,50,man,not very,extremely good,Pennsylvania,Non-voter
white,Yes,slightly conservative,a weak Republican,attend church,40,woman,somewhat,neither good nor bad,Ohio,Clinton
white,Yes,slightly liberal,a strong democrat,attend church,40,woman,very,extremely good,North Carolina,Clinton
white,No,,a weak Republican,attend church,24,woman,somewhat,extremely good,North Carolina,Non-voter
white,Yes,conservative,a strong Republican,attend church,43,woman,not at all,moderately good,California,Non-voter
white,Yes,moderate,a weak Republican,attend church,70,woman,very,extremely good,Maryland,Clinton
white,Yes,conservative,an independent who leans Republican,do not attend church,73,woman,not very,extremely good,Texas,Trump
,Yes,,a strong democrat,attend church,58,woman,very,extremely good,New Jersey,Clinton
black,Yes,liberal,a strong democrat,attend church,55,man,somewhat,moderately good,Florida,Clinton
white,Yes,moderate,an independent who leans Republican,do not attend church,32,woman,somewhat,neither good nor bad,Connecticut,Trump
white,No,conservative,a strong Republican,attend church,55,man,somewhat,extremely good,Pennsylvania,Trump
white,Yes,conservative,a weak Republican,attend church,24,man,somewhat,moderately good,Oklahoma,Trump
white,Yes,slightly conservative,an independent who leans Republican,do not attend church,69,man,somewhat,extremely good,Arizona,Trump
white,Yes,moderate,an independent,attend church,45,woman,somewhat,extremely good,Montana,Trump
white,Yes,liberal,a strong democrat,do not attend church,53,woman,very,moderately good,Minnesota,Clinton
white,Yes,slightly conservative,a weak Republican,attend church,55,man,somewhat,extremely good,North Carolina,Clinton
white,Yes,moderate,an independent who leans Republican,attend church,58,woman,somewhat,extremely good,Maryland,Non-voter
white,No,,an independent,do not attend church,32,man,not at all,neither good nor bad,Louisiana,Non-voter
white,,conservative,a strong Republican,attend church,71,man,,,Kansas,Non-voter
white,,,a weak Democrat,do not attend church,30,man,,,Wyoming,Non-voter
white,,extremely conservative,a strong Republican,attend church,86,man,,,Alabama,Non-voter
white,No,,an independent,do not attend church,74,man,somewhat,extremely good,Delaware,Non-voter
white,Yes,extremely conservative,an independent who leans Republican,do not attend church,70,man,very,extremely good,Iowa,Trump
white,,conservative,a strong Republican,do not attend church,43,man,,,Virginia,Non-voter
white,Yes,slightly liberal,a strong democrat,do not attend church,54,woman,somewhat,extremely good,California,Clinton
hispanic,Yes,,an independent,attend church,46,woman,somewhat,moderately bad,Massachusetts,Non-voter
white,Yes,conservative,a weak Republican,do not attend church,54,woman,not very,extremely good,New Mexico,Trump
black,Yes,,a strong democrat,attend church,47,woman,somewhat,moderately good,New York,Clinton
white,Yes,liberal,an independent who leans Democratic,do not attend church,57,woman,somewhat,extremely good,Florida,Non-voter
white,No,,a strong Republican,do not attend church,51,woman,not very,extremely good,New York,Trump
hispanic,,moderate,a weak Democrat,attend church,24,man,,,Texas,Non-voter
asian,Yes,moderate,a weak Democrat,do not attend church,,woman,not very,neither good nor bad,California,Clinton
white,Yes,moderate,a weak Republican,attend church,,man,somewhat,extremely good,New York,Trump
white,,moderate,an independent,attend church,58,woman,,,Pennsylvania,Non-voter
white,Yes,moderate,a weak Republican,attend church,79,woman,very,extremely good,Mississippi,Trump
hispanic,,,a strong democrat,attend church,50,man,,,California,Clinton
white,Yes,slightly conservative,a strong Republican,do not attend church,47,man,somewhat,extremely good,Texas,Trump
black,,,an independent who leans Democratic,attend church,53,man,,,Connecticut,Non-voter
hispanic,Yes,moderate,an independent,attend church,22,woman,somewhat,neither good nor bad,California,Non-voter
white,Yes,slightly liberal,a weak Democrat,do not attend church,32,woman,somewhat,neither good nor bad,Colorado,Clinton
white,,liberal,an independent who leans Democratic,attend church,53,woman,,,Florida,Non-voter
,No,slightly conservative,a weak Democrat,attend church,37,woman,not very,neither good nor bad,North Carolina,Clinton
white,Yes,slightly liberal,a strong democrat,attend church,38,man,somewhat,moderately good,Wisconsin,Clinton
white,,,a strong Republican,attend church,38,man,,,Mississippi,Non-voter
white,,liberal,a strong democrat,do not attend church,23,woman,,,North Carolina,Non-voter
hispanic,No,,an independent,do not attend church,42,woman,not very,extremely good,Florida,Non-voter
white,No,liberal,a strong democrat,do not attend church,32,woman,not very,neither good nor bad,Michigan,Clinton
hispanic,,,a strong democrat,do not attend church,74,woman,,,California,Non-voter
white,Yes,moderate,a strong democrat,attend church,53,man,somewhat,moderately good,Illinois,Clinton
white,Yes,liberal,a strong democrat,do not attend church,43,woman,very,neither good nor bad,Georgia,Clinton
white,Yes,conservative,an independent who leans Republican,do not attend church,67,man,somewhat,extremely good,Louisiana,Trump
white,Yes,,a weak Republican,do not attend church,19,man,somewhat,extremely good,New Jersey,Non-voter
white,Yes,extremely liberal,a strong democrat,attend church,28,woman,very,moderately good,North Carolina,Clinton
,,,an independent,attend church,27,woman,,,South Carolina,Non-voter
asian,No,,a weak Democrat,attend church,43,man,not at all,extremely good,Florida,Clinton
white,Yes,,an independent,do not attend church,28,man,somewhat,a little good,New Jersey,Trump
black,Yes,,a strong democrat,attend church,46,man,somewhat,a little good,Ohio,Non-voter
asian,Yes,,an independent who leans Republican,do not attend church,31,man,not very,moderately good,Texas,Non-voter
white,No,moderate,a weak Democrat,attend church,21,woman,not at all,extremely good,Illinois,Clinton
white,Yes,liberal,an independent who leans Democratic,do not attend church,59,woman,very,neither good nor bad,Delaware,Clinton
white,Yes,moderate,a weak Republican,attend church,49,woman,somewhat,extremely good,Missouri,Trump
white,,,a strong Republican,do not attend church,20,woman,,,Kentucky,Non-voter
black,Yes,,a strong democrat,attend church,47,man,somewhat,neither good nor bad,New York,Clinton
hispanic,Yes,moderate,a weak Democrat,do not attend church,37,man,somewhat,neither good nor bad,New York,Non-voter
white,No,moderate,an independent,attend church,40,woman,not at all,extremely good,Texas,Non-voter
white,No,,a weak Democrat,attend church,21,woman,not at all,extremely good,Missouri,Non-voter
black,Yes,,a strong democrat,attend church,45,man,somewhat,neither good nor bad,Illinois,Non-voter
white,Yes,slightly conservative,a strong Republican,attend church,85,woman,somewhat,extremely good,New York,Trump
black,No,moderate,an independent who leans Democratic,do not attend church,32,woman,not at all,neither good nor bad,New Jersey,Non-voter
white,Yes,slightly conservative,an independent who leans Republican,attend church,51,woman,somewhat,extremely good,Iowa,Trump
white,Yes,moderate,an independent who leans Republican,attend church,33,woman,not very,moderately good,Minnesota,Clinton
white,,,a weak Republican,attend church,41,woman,,,Alabama,Non-voter
white,Yes,liberal,a strong democrat,attend church,32,man,very,moderately good,Illinois,Clinton
white,Yes,moderate,a strong democrat,attend church,68,man,somewhat,extremely good,New Jersey,Clinton
white,Yes,liberal,an independent who leans Democratic,do not attend church,43,man,very,extremely good,Texas,Clinton
white,Yes,liberal,an independent who leans Democratic,do not attend church,31,man,somewhat,moderately good,Massachusetts,Clinton
white,,,a weak Republican,attend church,35,man,,,Arizona,Non-voter
white,,moderate,a strong democrat,attend church,30,man,,,Texas,Non-voter
white,,slightly conservative,a weak Democrat,do not attend church,45,woman,,,Maryland,Non-voter
white,Yes,,a weak Republican,attend church,80,woman,somewhat,extremely good,Texas,Trump
white,Yes,moderate,an independent,do not attend church,27,woman,not very,moderately good,California,Non-voter
white,Yes,slightly conservative,an independent who leans Democratic,attend church,44,man,somewhat,extremely good,Pennsylvania,Trump
white,Yes,conservative,a strong democrat,do not attend church,32,man,not very,extremely good,Kansas,Non-voter
white,Yes,moderate,a strong Republican,attend church,39,man,not very,extremely good,Wisconsin,Trump
white,Yes,conservative,a strong Republican,attend church,56,man,somewhat,extremely good,California,Trump
white,Yes,slightly conservative,an independent who leans Republican,attend church,23,woman,very,extremely good,Missouri,Trump
white,Yes,slightly liberal,a strong Republican,do not attend church,59,woman,very,extremely good,Virginia,Trump
white,No,extremely liberal,an independent who leans Democratic,do not attend church,25,woman,not very,moderately good,Tennessee,Trump
white,Yes,liberal,a strong democrat,do not attend church,54,man,somewhat,neither good nor bad,Kentucky,Clinton
black,Yes,moderate,an independent,attend church,40,woman,not at all,neither good nor bad,Texas,Non-voter
white,Yes,conservative,an independent who leans Republican,do not attend church,70,woman,very,extremely good,Pennsylvania,Trump
asian,,conservative,a weak Republican,attend church,52,man,,,California,Non-voter
white,Yes,,an independent who leans Republican,do not attend church,45,man,somewhat,extremely good,Kentucky,Trump
white,Yes,conservative,an independent who leans Republican,do not attend church,59,woman,somewhat,extremely good,Michigan,Trump
white,Yes,conservative,an independent who leans Republican,attend church,78,man,very,moderately good,Iowa,Trump
black,Yes,moderate,a weak Democrat,attend church,30,woman,somewhat,neither good nor bad,Illinois,Clinton
white,No,,an independent,attend church,31,man,not very,extremely good,Pennsylvania,Trump
white,,conservative,a strong Republican,do not attend church,75,man,,,Illinois,Non-voter
hispanic,No,moderate,a weak Democrat,do not attend church,64,man,somewhat,extremely good,Minnesota,Non-voter
white,Yes,moderate,a weak Democrat,do not attend church,58,man,somewhat,moderately good,Maryland,Trump
white,Yes,moderate,an independent,do not attend church,52,woman,somewhat,extremely good,Oklahoma,Non-voter
white,Yes,conservative,a strong Republican,attend church,61,man,somewhat,extremely good,California,Trump
white,Yes,moderate,an independent who leans Democratic,attend church,51,woman,somewhat,extremely good,Florida,Clinton
white,Yes,moderate,a weak Democrat,attend church,22,woman,somewhat,extremely good,West Virginia,Clinton
white,,conservative,a strong Republican,attend church,33,woman,,,Idaho,Non-voter
asian,No,,an independent,do not attend church,70,woman,not very,neither good nor bad,Hawaii,Non-voter
white,No,,an independent who leans Republican,attend church,27,man,not very,extremely good,South Carolina,Trump
white,Yes,slightly conservative,an independent who leans Democratic,attend church,64,man,very,extremely good,Iowa,Clinton
white,Yes,,an independent,do not attend church,21,woman,not very,neither good nor bad,Connecticut,Clinton
black,No,,a strong democrat,attend church,59,woman,not at all,extremely good,Texas,Clinton
white,,conservative,a weak Republican,attend church,55,man,,,Florida,Non-voter
white,No,,a weak Republican,attend church,42,woman,not very,extremely good,Tennessee,Trump
white,Yes,,an independent,attend church,72,man,not at all,extremely good,Indiana,Trump
hispanic,Yes,moderate,a weak Republican,attend church,37,man,somewhat,extremely good,Arizona,Non-voter
white,,moderate,an independent,do not attend church,29,woman,,,Alaska,Non-voter
white,,,an independent who leans Republican,attend church,32,woman,,,Wisconsin,Non-voter
black,Yes,conservative,a strong democrat,do not attend church,41,man,not very,a little good,Georgia,Clinton
white,Yes,moderate,an independent who leans Democratic,attend church,24,woman,not at all,neither good nor bad,Oregon,Non-voter
white,,,a strong Republican,attend church,65,man,,,North Carolina,Non-voter
white,Yes,,an independent who leans Republican,attend church,54,woman,not very,extremely good,Massachusetts,Trump
white,Yes,conservative,a weak Republican,attend church,77,man,very,moderately good,Illinois,Trump
asian,Yes,moderate,a strong Republican,do not attend church,67,man,somewhat,extremely good,New Jersey,Trump
white,Yes,slightly conservative,a strong Republican,do not attend church,,woman,somewhat,extremely good,Rhode Island,Trump
white,,extremely conservative,a strong Republican,attend church,54,man,,,Pennsylvania,Non-voter
hispanic,Yes,,an independent,do not attend church,18,man,somewhat,moderately good,Washington,Non-voter
white,Yes,moderate,a weak Democrat,attend church,54,woman,somewhat,extremely good,Indiana,Clinton
white,Yes,,a strong democrat,do not attend church,39,man,somewhat,moderately good,California,Clinton
white,Yes,slightly liberal,an independent who leans Republican,do not attend church,20,man,very,moderately good,Texas,Non-voter
hispanic,No,,a strong democrat,do not attend church,41,man,not very,extremely good,New York,Clinton
black,,,a weak Democrat,do not attend church,36,woman,,,Alabama,Non-voter
white,Yes,,a weak Democrat,attend church,60,woman,not very,moderately good,South Carolina,Trump
white,Yes,conservative,a weak Democrat,attend church,59,woman,somewhat,extremely good,Virginia,Non-voter
white,No,,a weak Democrat,do not attend church,58,man,not at all,moderately good,Illinois,Non-voter
white,Yes,conservative,an independent who leans Republican,do not attend church,60,woman,somewhat,extremely good,California,Trump
white,No,moderate,an independent who leans Republican,do not attend church,48,woman,not very,extremely good,New York,Non-voter
white,Yes,extremely conservative,a strong Republican,attend church,33,woman,somewhat,moderately good,Pennsylvania,Trump
white,Yes,slightly conservative,an independent,do not attend church,64,man,very,moderately good,Texas,Non-voter
white,Yes,slightly liberal,a strong democrat,attend church,56,woman,somewhat,extremely good,North Carolina,Clinton
black,No,,a strong democrat,attend church,46,woman,somewhat,neither good nor bad,Wisconsin,Non-voter
white,Yes,conservative,an independent who leans Republican,attend church,67,woman,very,extremely good,Massachusetts,Trump
white,Yes,liberal,an independent who leans Democratic,attend church,33,woman,not at all,moderately good,Washington,Non-voter
white,Yes,extremely conservative,an independent who leans Republican,do not attend church,22,man,somewhat,moderately good,Oregon,Trump
white,Yes,,a weak Republican,do not attend church,30,woman,not very,extremely good,Florida,Trump
white,,conservative,a strong Republican,attend church,63,woman,,,Colorado,Non-voter
white,Yes,moderate,a weak Democrat,do not attend church,68,man,very,extremely good,Minnesota,Clinton
white,,conservative,a strong Republican,attend church,75,man,,,Oklahoma,Non-voter
white,Yes,liberal,a strong democrat,do not attend church,41,woman,somewhat,moderately good,Illinois,Clinton
white,Yes,conservative,a strong Republican,attend church,75,woman,somewhat,moderately good,Florida,Trump
white,Yes,liberal,an independent who leans Democratic,attend church,39,woman,somewhat,extremely good,Indiana,Trump
white,Yes,extremely liberal,a strong democrat,do not attend church,39,man,somewhat,neither good nor bad,New Hampshire,Clinton
white,Yes,conservative,a strong Republican,attend church,64,woman,somewhat,extremely good,Alabama,Trump
white,Yes,moderate,a strong democrat,do not attend church,36,woman,not very,neither good nor bad,Nevada,Clinton
hispanic,,,a strong democrat,attend church,63,woman,,,Florida,Non-voter
white,Yes,liberal,a strong democrat,attend church,67,woman,somewhat,neither good nor bad,Oklahoma,Clinton
white,Yes,,a weak Republican,attend church,61,man,somewhat,extremely good,Texas,Trump
white,Yes,,a weak Republican,attend church,54,woman,not very,moderately good,Texas,Trump
white,,conservative,a strong Republican,attend church,64,man,,,Tennessee,Non-voter
white,,,an independent who leans Democratic,attend church,32,woman,,,California,Non-voter
white,Yes,conservative,a strong Republican,attend church,69,man,somewhat,extremely good,Ohio,Trump
white,Yes,conservative,an independent who leans Republican,attend church,53,man,somewhat,moderately good,Michigan,Trump
white,Yes,liberal,an independent who leans Democratic,do not attend church,21,man,somewhat,moderately good,Connecticut,Non-voter
white,,,a weak Republican,do not attend church,63,man,,,Idaho,Non-voter
white,Yes,extremely conservative,a strong Republican,attend church,75,man,somewhat,extremely good,Pennsylvania,Trump
white,Yes,liberal,a strong democrat,attend church,59,woman,very,extremely good,Wisconsin,Clinton
white,,slightly liberal,a weak Democrat,do not attend church,44,man,,,California,Non-voter
white,No,slightly conservative,a weak Republican,do not attend church,68,woman,not very,moderately good,Texas,Non-voter
white,No,,a weak Republican,do not attend church,31,man,not at all,extremely good,California,Non-voter
hispanic,Yes,,a weak Democrat,attend church,52,woman,somewhat,moderately good,California,Clinton
white,,slightly conservative,an independent,attend church,59,woman,,,California,Non-voter
white,Yes,liberal,a strong democrat,attend church,35,woman,somewhat,a little good,Colorado,Clinton
,No,,an independent,do not attend church,47,man,not at all,moderately good,Nebraska,Non-voter
hispanic,Yes,,an independent,attend church,,woman,not at all,moderately good,Texas,Non-voter
white,Yes,moderate,a strong democrat,do not attend church,24,man,not very,a little good,Illinois,Non-voter
white,Yes,conservative,a strong Republican,do not attend church,71,woman,very,extremely good,Alabama,Trump
white,Yes,conservative,a strong Republican,attend church,72,man,somewhat,extremely good,Pennsylvania,Trump
white,No,moderate,an independent,do not attend church,31,man,not very,moderately good,Utah,Non-voter
white,,slightly conservative,an independent who leans Republican,do not attend church,47,woman,,,Tennessee,Non-voter
white,Yes,moderate,a strong Republican,attend church,49,man,not at all,neither good nor bad,Kentucky,Non-voter
white,Yes,moderate,an independent who leans Democratic,do not attend church,,woman,very,moderately good,Texas,Clinton
white,,slightly conservative,an independent who leans Republican,attend church,44,woman,,,Iowa,Non-voter
white,Yes,slightly conservative,a weak Republican,do not attend church,69,man,very,moderately good,Washington,Clinton
white,No,liberal,a weak Democrat,do not attend church,39,woman,not very,neither good nor bad,Michigan,Clinton
white,,extremely conservative,a weak Republican,attend church,51,woman,,,Louisiana,Non-voter
white,Yes,extremely conservative,a strong Republican,attend church,59,woman,somewhat,extremely good,Texas,Trump
hispanic,,,an independent who leans Democratic,do not attend church,42,man,,,California,Non-voter
white,,conservative,a strong Republican,attend church,45,woman,,,Indiana,Non-voter
white,Yes,liberal,a strong democrat,attend church,52,man,somewhat,neither good nor bad,Wisconsin,Clinton
white,Yes,extremely liberal,a weak Democrat,do not attend church,61,woman,somewhat,moderately bad,California,Clinton
white,Yes,liberal,an independent who leans Democratic,do not attend church,74,woman,very,extremely good,New York,Clinton
white,Yes,conservative,a strong Republican,attend church,67,woman,somewhat,extremely good,Florida,Trump
white,,,an independent,do not attend church,42,woman,,,Kansas,Non-voter
white,Yes,slightly liberal,a weak Democrat,do not attend church,22,woman,somewhat,a little good,Virginia,Non-voter
asian,Yes,,a weak Republican,do not attend church,64,man,not very,extremely good,California,Clinton
white,Yes,moderate,an independent,do not attend church,69,woman,somewhat,extremely good,Vermont,Clinton
black,Yes,slightly liberal,a strong democrat,attend church,53,woman,somewhat,extremely good,Michigan,Clinton
white,No,moderate,an independent who leans Democratic,do not attend church,20,man,not at all,neither good nor bad,Utah,Non-voter
white,No,conservative,a weak Republican,attend church,74,man,somewhat,extremely good,North Carolina,Trump
white,Yes,conservative,a strong Republican,attend church,65,woman,somewhat,moderately good,Illinois,Trump
white,Yes,conservative,a weak Republican,attend church,29,woman,not at all,extremely good,North Dakota,Non-voter
white,Yes,,a strong democrat,attend church,47,woman,somewhat,moderately good,Michigan,Clinton
white,Yes,moderate,a weak Republican,attend church,72,man,somewhat,extremely good,Pennsylvania,Non-voter
black,Yes,,a strong democrat,do not attend church,34,woman,not very,neither good nor bad,Pennsylvania,Clinton
white,Yes,extremely conservative,a strong Republican,attend church,44,man,very,extremely good,Iowa,Trump
hispanic,Yes,,a weak Democrat,do not attend church,37,woman,not very,neither good nor bad,Florida,Clinton
white,,moderate,a weak Republican,attend church,33,man,,,Georgia,Non-voter
white,Yes,extremely conservative,a strong Republican,attend church,67,woman,very,extremely good,Indiana,Trump
white,Yes,slightly liberal,a weak Democrat,attend church,49,woman,very,a little bad,New Jersey,Clinton
white,Yes,conservative,a strong Republican,attend church,,man,somewhat,extremely good,Texas,Trump
white,,,an independent,attend church,60,man,,,Florida,Non-voter
white,Yes,conservative,a strong Republican,attend church,48,man,very,extremely good,California,Trump
white,Yes,extremely conservative,a weak Republican,do not attend church,67,man,very,extremely good,California,Non-voter
white,Yes,slightly conservative,a strong Republican,do not attend church,55,man,very,extremely good,Texas,Trump
,Yes,slightly conservative,an independent who leans Republican,attend church,35,man,somewhat,extremely good,Alabama,Trump
white,Yes,moderate,an independent who leans Republican,attend church,28,woman,somewhat,moderately good,California,Non-voter
black,Yes,,a strong democrat,attend church,61,woman,somewhat,extremely good,Mississippi,Clinton
hispanic,Yes,liberal,a strong democrat,do not attend church,43,man,very,neither good nor bad,New Mexico,Clinton
white,No,moderate,an independent,do not attend church,44,man,not at all,neither good nor bad,New York,Non-voter
hispanic,Yes,slightly liberal,a strong Republican,attend church,23,woman,not very,extremely good,Maryland,Trump
white,Yes,moderate,a weak Republican,do not attend church,58,man,somewhat,extremely good,Illinois,Trump
white,No,,an independent,do not attend church,48,woman,not at all,neither good nor bad,Colorado,Non-voter
white,Yes,moderate,a strong democrat,do not attend church,59,woman,somewhat,extremely good,Ohio,Clinton
white,Yes,conservative,a strong Republican,attend church,65,woman,somewhat,extremely good,Colorado,Trump
white,Yes,slightly liberal,a strong democrat,attend church,82,man,somewhat,extremely good,Montana,Clinton
white,No,,an independent,attend church,46,woman,somewhat,extremely good,New York,Non-voter
white,Yes,conservative,a strong Republican,do not attend church,36,woman,somewhat,extremely good,Pennsylvania,Trump
white,Yes,liberal,a weak Democrat,do not attend church,38,woman,not very,neither good nor bad,California,Clinton
asian,Yes,moderate,a weak Republican,attend church,32,man,very,moderately good,California,Clinton
asian,Yes,,a weak Democrat,attend church,,woman,somewhat,extremely good,Arizona,Non-voter
white,Yes,slightly conservative,an independent who leans Republican,do not attend church,54,man,very,extremely good,Florida,Trump
hispanic,,,an independent,do not attend church,42,man,,,Oklahoma,Non-voter
hispanic,,moderate,a strong democrat,attend church,26,woman,,,California,Non-voter
white,,,an independent who leans Republican,do not attend church,90,woman,,,Maryland,Non-voter
white,Yes,conservative,a strong Republican,attend church,76,woman,not very,extremely good,New York,Trump
white,Yes,conservative,a strong Republican,attend church,34,man,somewhat,extremely good,Alabama,Trump
white,,liberal,a strong democrat,do not attend church,49,man,,,California,Non-voter
white,Yes,slightly liberal,a strong Republican,attend church,42,woman,somewhat,extremely good,Georgia,Clinton
hispanic,,,a weak Democrat,attend church,25,woman,,,Texas,Non-voter
white,Yes,moderate,a strong democrat,attend church,52,woman,somewhat,extremely good,Pennsylvania,Trump
asian,No,,a weak Democrat,do not attend church,21,man,not at all,neither good nor bad,Washington,Clinton
white,Yes,,a strong democrat,attend church,37,woman,not very,extremely good,Virginia,Clinton
white,Yes,moderate,a strong democrat,attend church,82,man,somewhat,extremely good,Virginia,Trump
white,No,moderate,a weak Democrat,attend church,27,man,not very,a little good,Georgia,Non-voter
black,Yes,conservative,a strong democrat,attend church,39,woman,somewhat,neither good nor bad,North Carolina,Clinton
white,,,a weak Republican,attend church,52,man,,,Missouri,Non-voter
